ISO-10303-21;
HEADER;
FILE_DESCRIPTION(('ViewDefinition[DesignTransferView]'),'2;1');
FILE_NAME('s03-activity.ifc','2026-10-05T20:50:57+08:00',(''),(''),'IfcOpenShell 0.8.5-post1','Bonsai 0.8.5-post1','Nobody');
FILE_SCHEMA(('IFC4'));
ENDSEC;
DATA;
#1=IFCPROJECT('2FsR8ciyP6pQUAYjxSIiS2',$,'My Project',$,$,$,$,(#10,#22),#5);
#2=IFCSIUNIT(*,.LENGTHUNIT.,$,.METRE.);
#3=IFCSIUNIT(*,.AREAUNIT.,$,.SQUARE_METRE.);
#4=IFCSIUNIT(*,.VOLUMEUNIT.,$,.CUBIC_METRE.);
#5=IFCUNITASSIGNMENT((#2,#3,#4));
#6=IFCCARTESIANPOINT((0.,0.,0.));
#7=IFCDIRECTION((0.,0.,1.));
#8=IFCDIRECTION((1.,0.,0.));
#9=IFCAXIS2PLACEMENT3D(#6,#7,#8);
#10=IFCGEOMETRICREPRESENTATIONCONTEXT($,'Model',3,1.0000000000000001E-05,#9,$);
#11=IFCGEOMETRICREPRESENTATIONSUBCONTEXT('Body','Model',*,*,*,*,#10,$,.MODEL_VIEW.,$);
#12=IFCGEOMETRICREPRESENTATIONSUBCONTEXT('Axis','Model',*,*,*,*,#10,$,.GRAPH_VIEW.,$);
#13=IFCGEOMETRICREPRESENTATIONSUBCONTEXT('Box','Model',*,*,*,*,#10,$,.MODEL_VIEW.,$);
#14=IFCGEOMETRICREPRESENTATIONSUBCONTEXT('Annotation','Model',*,*,*,*,#10,$,.SECTION_VIEW.,$);
#15=IFCGEOMETRICREPRESENTATIONSUBCONTEXT('Annotation','Model',*,*,*,*,#10,$,.ELEVATION_VIEW.,$);
#16=IFCGEOMETRICREPRESENTATIONSUBCONTEXT('Annotation','Model',*,*,*,*,#10,$,.MODEL_VIEW.,$);
#17=IFCGEOMETRICREPRESENTATIONSUBCONTEXT('Annotation','Model',*,*,*,*,#10,$,.PLAN_VIEW.,$);
#18=IFCGEOMETRICREPRESENTATIONSUBCONTEXT('Profile','Model',*,*,*,*,#10,$,.ELEVATION_VIEW.,$);
#19=IFCCARTESIANPOINT((0.,0.));
#20=IFCDIRECTION((1.,0.));
#21=IFCAXIS2PLACEMENT2D(#19,#20);
#22=IFCGEOMETRICREPRESENTATIONCONTEXT($,'Plan',2,1.0000000000000001E-05,#21,$);
#23=IFCGEOMETRICREPRESENTATIONSUBCONTEXT('Axis','Plan',*,*,*,*,#22,$,.GRAPH_VIEW.,$);
#24=IFCGEOMETRICREPRESENTATIONSUBCONTEXT('Body','Plan',*,*,*,*,#22,$,.PLAN_VIEW.,$);
#25=IFCGEOMETRICREPRESENTATIONSUBCONTEXT('Annotation','Plan',*,*,*,*,#22,$,.PLAN_VIEW.,$);
#26=IFCGEOMETRICREPRESENTATIONSUBCONTEXT('Annotation','Plan',*,*,*,*,#22,$,.REFLECTED_PLAN_VIEW.,$);
#27=IFCSITE('2C1BTEQRTA8weAiYP1MiRT',$,'My Site',$,$,#50,$,$,$,$,$,$,$,$);
#33=IFCBUILDING('1N2C0uFoz7YAQs_8VS3F2v',$,'My Building',$,$,#56,$,$,$,$,$,$);
#39=IFCBUILDINGSTOREY('0gFWUjrVL2Kf6LOutHogGJ',$,'2F',$,$,#9890,$,$,$,$);
#45=IFCRELAGGREGATES('1kpJ9Ov158rA2y4I5duswd',$,$,$,#1,(#27));
#46=IFCCARTESIANPOINT((0.,0.,0.));
#47=IFCDIRECTION((0.,0.,1.));
#48=IFCDIRECTION((1.,0.,0.));
#49=IFCAXIS2PLACEMENT3D(#46,#47,#48);
#50=IFCLOCALPLACEMENT($,#49);
#51=IFCRELAGGREGATES('2zX6ciuGT2l96_xePW_2Yy',$,$,$,#27,(#33));
#52=IFCCARTESIANPOINT((0.,0.,0.));
#53=IFCDIRECTION((0.,0.,1.));
#54=IFCDIRECTION((1.,0.,0.));
#55=IFCAXIS2PLACEMENT3D(#52,#53,#54);
#56=IFCLOCALPLACEMENT(#50,#55);
#57=IFCRELAGGREGATES('1HPazc9t18dPqjCNhWXZoJ',$,$,$,#33,(#39,#17707,#63,#17631));
#63=IFCBUILDINGSTOREY('0tchqY4LL8aOTXimtTm6Jp',$,'GF',$,$,#79,$,$,$,$);
#75=IFCCARTESIANPOINT((0.,0.,0.));
#76=IFCDIRECTION((0.,0.,1.));
#77=IFCDIRECTION((1.,0.,0.));
#78=IFCAXIS2PLACEMENT3D(#75,#76,#77);
#79=IFCLOCALPLACEMENT(#56,#78);
#80=IFCWALLTYPE('0$0OXRbrr1Wwf7xF6aRcAW',$,'Wall',$,$,(#85),$,$,$,.SOLIDWALL.);
#81=IFCMATERIAL('Unknown',$,$);
#82=IFCMATERIALLAYERSET((#84),$,$);
#83=IFCRELASSOCIATESMATERIAL('1g9T$23$j1oPbeXgMdxKRj',$,$,$,(#80),#82);
#84=IFCMATERIALLAYER(#81,0.10000000000000001,$,$,$,$,$);
#85=IFCPROPERTYSET('2_637asSPALvVZxC$yqXBx',$,'EPset_Parametric',$,(#86));
#86=IFCPROPERTYSINGLEVALUE('LayerSetDirection',$,IFCLABEL('AXIS2'),$);
#207=IFCWALL('04vI_Yj8r4wA3TB8adMXf6',$,'Wall',$,$,#1419,#215,$,$);
#208=IFCRELCONTAINEDINSPATIALSTRUCTURE('0LH8RymLH6euYBR4SCfz5w',$,$,$,(#840,#7294,#8084,#1040,#1481,#865,#537,#462,#387,#9447,#2238,#9702,#1110,#487,#3350,#412,#1705,#1135,#512,#437,#207,#5597),#63);
#209=IFCRELDEFINESBYTYPE('0JCLEVWIb5Qxz474OLT$aO',$,$,$,(#10409,#10146,#11001,#10434,#1110,#487,#412,#1135,#512,#10359,#437,#10096,#11039,#207,#17940,#10459,#10384,#10121,#10046,#840,#1040,#865,#537,#11217,#17801,#462,#387),#80);
#210=IFCMATERIALLAYERSETUSAGE(#82,.AXIS2.,.POSITIVE.,0.,$);
#211=IFCRELASSOCIATESMATERIAL('3dw90vXpr9vBgpQv4s1XYA',$,$,$,(#207),#210);
#215=IFCPRODUCTDEFINITIONSHAPE($,$,(#1433,#1430));
#231=IFCPROPERTYSET('2vtAnvCyD7ygMeo40yL3Cv',$,'EPset_Parametric',$,(#233));
#232=IFCRELDEFINESBYPROPERTIES('18_XUz6h59WhqL7PWVd4M3',$,$,$,(#207),#231);
#233=IFCPROPERTYSINGLEVALUE('Engine',$,IFCLABEL('Bonsai.DumbLayer2'),$);
#387=IFCWALL('12aHhZhJr8T8gsi0$6Uwop',$,'Wall',$,$,#1451,#393,$,$);
#388=IFCMATERIALLAYERSETUSAGE(#82,.AXIS2.,.POSITIVE.,0.,$);
#389=IFCRELASSOCIATESMATERIAL('2A7CpuRtbBhwnHH22XCijm',$,$,$,(#387),#388);
#393=IFCPRODUCTDEFINITIONSHAPE($,$,(#1446,#1443));
#409=IFCPROPERTYSET('0t4D9$rL17lheP24pDumdN',$,'EPset_Parametric',$,(#411));
#410=IFCRELDEFINESBYPROPERTIES('1PEFfoVPX0whWxu8XYQcOr',$,$,$,(#387),#409);
#411=IFCPROPERTYSINGLEVALUE('Engine',$,IFCLABEL('Bonsai.DumbLayer2'),$);
#412=IFCWALL('3ohaBHC5L9ugEwQPDGXwTa',$,'Wall',$,$,#671,#418,$,$);
#413=IFCMATERIALLAYERSETUSAGE(#82,.AXIS2.,.POSITIVE.,0.,$);
#414=IFCRELASSOCIATESMATERIAL('0iTzM6dq1FzhHqwo1RoFDC',$,$,$,(#412),#413);
#418=IFCPRODUCTDEFINITIONSHAPE($,$,(#716,#713));
#434=IFCPROPERTYSET('0obOVRWCn5fRU815xLZIaj',$,'EPset_Parametric',$,(#436));
#435=IFCRELDEFINESBYPROPERTIES('0Y_z9K5Wz36vmL3xmBo4FD',$,$,$,(#412),#434);
#436=IFCPROPERTYSINGLEVALUE('Engine',$,IFCLABEL('Bonsai.DumbLayer2'),$);
#437=IFCWALL('12v8PzFpDAIQuaMTZVZfmR',$,'Wall',$,$,#703,#443,$,$);
#438=IFCMATERIALLAYERSETUSAGE(#82,.AXIS2.,.POSITIVE.,0.,$);
#439=IFCRELASSOCIATESMATERIAL('0fkWpD0qPE99$w$9LckzGK',$,$,$,(#437),#438);
#443=IFCPRODUCTDEFINITIONSHAPE($,$,(#743,#740));
#459=IFCPROPERTYSET('2G3GV3N7jBFvNgnfyefrxa',$,'EPset_Parametric',$,(#461));
#460=IFCRELDEFINESBYPROPERTIES('0kHA_l9LDA2epcVbvj4vCj',$,$,$,(#437),#459);
#461=IFCPROPERTYSINGLEVALUE('Engine',$,IFCLABEL('Bonsai.DumbLayer2'),$);
#462=IFCWALL('3JjNe15Uv748IL4jHyJmvP',$,'Wall',$,$,#473,#468,$,$);
#463=IFCMATERIALLAYERSETUSAGE(#82,.AXIS2.,.POSITIVE.,0.,$);
#464=IFCRELASSOCIATESMATERIAL('1Vt5XGr0rBTvzPplzMDlLM',$,$,$,(#462),#463);
#468=IFCPRODUCTDEFINITIONSHAPE($,$,(#1355,#1352));
#469=IFCCARTESIANPOINT((0.76660549640655518,5.0398931503295898,0.));
#470=IFCDIRECTION((0.,0.,1.));
#471=IFCDIRECTION((-0.99999999999992428,3.8941436741876494E-07,0.));
#472=IFCAXIS2PLACEMENT3D(#469,#470,#471);
#473=IFCLOCALPLACEMENT(#79,#472);
#484=IFCPROPERTYSET('2urLNoEPPEYOmDcF3wnoT_',$,'EPset_Parametric',$,(#486));
#485=IFCRELDEFINESBYPROPERTIES('073vyb$6r1k9tkYvxhTjzq',$,$,$,(#462),#484);
#486=IFCPROPERTYSINGLEVALUE('Engine',$,IFCLABEL('Bonsai.DumbLayer2'),$);
#487=IFCWALL('1FGSSmP7vEvxTqUxexO1hv',$,'Wall',$,$,#762,#493,$,$);
#488=IFCMATERIALLAYERSETUSAGE(#82,.AXIS2.,.POSITIVE.,0.,$);
#489=IFCRELASSOCIATESMATERIAL('29VvUBHGj9nhNy8LVGhEa4',$,$,$,(#487),#488);
#493=IFCPRODUCTDEFINITIONSHAPE($,$,(#1001,#998));
#509=IFCPROPERTYSET('1f5NtOQGH36enZkFX3_Xcf',$,'EPset_Parametric',$,(#511));
#510=IFCRELDEFINESBYPROPERTIES('10Z2FO8n15CgmRHQvYEjbM',$,$,$,(#487),#509);
#511=IFCPROPERTYSINGLEVALUE('Engine',$,IFCLABEL('Bonsai.DumbLayer2'),$);
#512=IFCWALL('35Ur8QfML5dg$zz0$KqHgI',$,'Wall',$,$,#794,#518,$,$);
#513=IFCMATERIALLAYERSETUSAGE(#82,.AXIS2.,.POSITIVE.,0.,$);
#514=IFCRELASSOCIATESMATERIAL('3EXz73AALDnfT5SRarvx3d',$,$,$,(#512),#513);
#518=IFCPRODUCTDEFINITIONSHAPE($,$,(#839,#836));
#534=IFCPROPERTYSET('3ilskoRSTAKR4Yb7TU8vpn',$,'EPset_Parametric',$,(#536));
#535=IFCRELDEFINESBYPROPERTIES('0y1uulqdvE593Jh1F1DrT0',$,$,$,(#512),#534);
#536=IFCPROPERTYSINGLEVALUE('Engine',$,IFCLABEL('Bonsai.DumbLayer2'),$);
#537=IFCWALL('2$MWarPy5FFgUhpJRg_Exs',$,'Wall.004',$,$,#826,#543,$,$);
#538=IFCMATERIALLAYERSETUSAGE(#82,.AXIS2.,.POSITIVE.,0.,$);
#539=IFCRELASSOCIATESMATERIAL('1a9TDEdATDog2_vke0yU$k',$,$,$,(#537),#538);
#543=IFCPRODUCTDEFINITIONSHAPE($,$,(#1401,#1398));
#559=IFCPROPERTYSET('2_BqDk_zP9BQq7GdzfQsgy',$,'EPset_Parametric',$,(#561));
#560=IFCRELDEFINESBYPROPERTIES('3__oyB$J1E7Ooa3AG9NjxY',$,$,$,(#537),#559);
#561=IFCPROPERTYSINGLEVALUE('Engine',$,IFCLABEL('Bonsai.DumbLayer2'),$);
#653=IFCRELCONNECTSPATHELEMENTS('3EDlAfV7T3ggP5IMHT6uZy',$,$,$,$,#412,#387,(),(),.ATEND.,.ATSTART.);
#667=IFCCARTESIANPOINT((4.2266056217631025,6.5098938941955877,0.));
#668=IFCDIRECTION((0.,0.,1.));
#669=IFCDIRECTION((-0.99999999999998868,-1.5099580252808492E-07,0.));
#670=IFCAXIS2PLACEMENT3D(#667,#668,#669);
#671=IFCLOCALPLACEMENT(#79,#670);
#685=IFCRELCONNECTSPATHELEMENTS('2aNbt5CRz0U85969LmUTep',$,$,$,$,#437,#412,(),(),.ATEND.,.ATSTART.);
#699=IFCCARTESIANPOINT((0.76660537719726907,6.5098933717500742,0.));
#700=IFCDIRECTION((0.,0.,1.));
#701=IFCDIRECTION((7.5497901264043123E-08,-0.99999999999999722,0.));
#702=IFCAXIS2PLACEMENT3D(#699,#700,#701);
#703=IFCLOCALPLACEMENT(#79,#702);
#704=IFCCARTESIANPOINTLIST2D(((0.,0.),(0.10000002264937295,0.10000000000000001),(3.360000252115662,0.10000000000000001),(3.460000244565872,0.)));
#705=IFCINDEXEDPOLYCURVE(#704,(IFCLINEINDEX((1,2,3,4,1))),$);
#706=IFCARBITRARYCLOSEDPROFILEDEF(.AREA.,$,#705);
#707=IFCCARTESIANPOINT((0.,0.,0.));
#708=IFCDIRECTION((0.,0.,1.));
#709=IFCDIRECTION((1.,0.,0.));
#710=IFCAXIS2PLACEMENT3D(#707,#708,#709);
#711=IFCDIRECTION((0.,0.,1.));
#712=IFCEXTRUDEDAREASOLID(#706,#710,#711,3.);
#713=IFCSHAPEREPRESENTATION(#11,'Body','SweptSolid',(#712));
#714=IFCCARTESIANPOINTLIST2D(((0.,0.),(3.460000244565872,0.)));
#715=IFCINDEXEDPOLYCURVE(#714,$,$);
#716=IFCSHAPEREPRESENTATION(#23,'Axis','Curve2D',(#715));
#717=IFCRELCONNECTSPATHELEMENTS('2Y6Q_5rQv7EhogiN0QsMv5',$,$,$,$,#462,#437,(),(),.ATEND.,.ATSTART.);
#731=IFCCARTESIANPOINTLIST2D(((0.,0.),(0.099999992450210171,0.10000000000000001),(1.5700002679117222,0.10000000000000001),(1.4700002214204846,0.)));
#732=IFCINDEXEDPOLYCURVE(#731,(IFCLINEINDEX((1,2,3,4,1))),$);
#733=IFCARBITRARYCLOSEDPROFILEDEF(.AREA.,$,#732);
#734=IFCCARTESIANPOINT((0.,0.,0.));
#735=IFCDIRECTION((0.,0.,1.));
#736=IFCDIRECTION((1.,0.,0.));
#737=IFCAXIS2PLACEMENT3D(#734,#735,#736);
#738=IFCDIRECTION((0.,0.,1.));
#739=IFCEXTRUDEDAREASOLID(#733,#737,#738,3.);
#740=IFCSHAPEREPRESENTATION(#11,'Body','SweptSolid',(#739));
#741=IFCCARTESIANPOINTLIST2D(((0.,0.),(1.4700002214204846,0.)));
#742=IFCINDEXEDPOLYCURVE(#741,$,$);
#743=IFCSHAPEREPRESENTATION(#23,'Axis','Curve2D',(#742));
#744=IFCRELCONNECTSPATHELEMENTS('3JWQHnKXPDawdZJrXp8suz',$,$,$,$,#487,#462,(),(),.ATEND.,.ATSTART.);
#758=IFCCARTESIANPOINT((-2.7733945846558297,5.0398945288564834,0.));
#759=IFCDIRECTION((0.,0.,1.));
#760=IFCDIRECTION((7.5497901264043123E-08,-0.99999999999999722,0.));
#761=IFCAXIS2PLACEMENT3D(#758,#759,#760);
#762=IFCLOCALPLACEMENT(#79,#761);
#776=IFCRELCONNECTSPATHELEMENTS('2$5GoeIr57tvE3j_GPqnvA',$,$,$,$,#512,#487,(),(),.ATEND.,.ATSTART.);
#790=IFCCARTESIANPOINT((-2.7733941965965592,-0.10010623931884766,0.));
#791=IFCDIRECTION((0.,0.,1.));
#792=IFCDIRECTION((1.,0.,0.));
#793=IFCAXIS2PLACEMENT3D(#790,#791,#792);
#794=IFCLOCALPLACEMENT(#79,#793);
#808=IFCRELCONNECTSPATHELEMENTS('3DzLIRX7zDKfS64lgLRVtO',$,$,$,$,#537,#512,(),(),.ATEND.,.ATSTART.);
#822=IFCCARTESIANPOINT((0.21660590265328064,-0.10010623931884766,0.));
#823=IFCDIRECTION((0.,0.,1.));
#824=IFCDIRECTION((0.0041837133890409856,-0.99999124823284247,0.));
#825=IFCAXIS2PLACEMENT3D(#822,#823,#824);
#826=IFCLOCALPLACEMENT(#79,#825);
#827=IFCCARTESIANPOINTLIST2D(((0.,0.),(0.099999992450210171,0.10000000000000001),(3.0895825994337902,0.10000000000000001),(2.9900000992498397,0.)));
#828=IFCINDEXEDPOLYCURVE(#827,(IFCLINEINDEX((1,2,3,4,1))),$);
#829=IFCARBITRARYCLOSEDPROFILEDEF(.AREA.,$,#828);
#830=IFCCARTESIANPOINT((0.,0.,0.));
#831=IFCDIRECTION((0.,0.,1.));
#832=IFCDIRECTION((1.,0.,0.));
#833=IFCAXIS2PLACEMENT3D(#830,#831,#832);
#834=IFCDIRECTION((0.,0.,1.));
#835=IFCEXTRUDEDAREASOLID(#829,#833,#834,3.);
#836=IFCSHAPEREPRESENTATION(#11,'Body','SweptSolid',(#835));
#837=IFCCARTESIANPOINTLIST2D(((0.,0.),(2.9900000992498397,0.)));
#838=IFCINDEXEDPOLYCURVE(#837,$,$);
#839=IFCSHAPEREPRESENTATION(#23,'Axis','Curve2D',(#838));
#840=IFCWALL('05u__AvPr7l8D4juhj4RZ0',$,'Wall',$,$,#851,#846,$,$);
#841=IFCMATERIALLAYERSETUSAGE(#82,.AXIS2.,.POSITIVE.,0.,$);
#842=IFCRELASSOCIATESMATERIAL('1z4E243eH7qQeEMvLnMlHz',$,$,$,(#840),#841);
#846=IFCPRODUCTDEFINITIONSHAPE($,$,(#942,#939));
#847=IFCCARTESIANPOINT((0.31618839502334595,-0.00010622703121043742,0.));
#848=IFCDIRECTION((0.,0.,1.));
#849=IFCDIRECTION((7.5497901264043109E-08,0.99999999999999711,0.));
#850=IFCAXIS2PLACEMENT3D(#847,#848,#849);
#851=IFCLOCALPLACEMENT(#79,#850);
#862=IFCPROPERTYSET('3lgWxJ2bT6GwxnjVjGFNxo',$,'EPset_Parametric',$,(#864));
#863=IFCRELDEFINESBYPROPERTIES('2jZL4bmIT2MRax8cpaJdjM',$,$,$,(#840),#862);
#864=IFCPROPERTYSINGLEVALUE('Engine',$,IFCLABEL('Bonsai.DumbLayer2'),$);
#865=IFCWALL('2lurnePJb86vUHJCn76vdF',$,'Wall',$,$,#876,#871,$,$);
#866=IFCMATERIALLAYERSETUSAGE(#82,.AXIS2.,.POSITIVE.,0.,$);
#867=IFCRELASSOCIATESMATERIAL('1_bgVEVJr5VBWwDS_Ssnrl',$,$,$,(#865),#866);
#871=IFCPRODUCTDEFINITIONSHAPE($,$,(#988,#985));
#872=IFCCARTESIANPOINT((0.31618860363960266,2.6498937606811523,0.));
#873=IFCDIRECTION((0.,0.,1.));
#874=IFCDIRECTION((-0.99999999999998868,-1.5099580252808492E-07,0.));
#875=IFCAXIS2PLACEMENT3D(#872,#873,#874);
#876=IFCLOCALPLACEMENT(#79,#875);
#887=IFCPROPERTYSET('07unvfr7v4$POuWz36Ohad',$,'EPset_Parametric',$,(#889));
#888=IFCRELDEFINESBYPROPERTIES('0qO0wXTnzFI95FSESDsBTE',$,$,$,(#865),#887);
#889=IFCPROPERTYSINGLEVALUE('Engine',$,IFCLABEL('Bonsai.DumbLayer2'),$);
#916=IFCRELCONNECTSPATHELEMENTS('3UpN6Am$L1D9Bx9cMJCPfp',$,$,$,$,#865,#840,(),(),.ATEND.,.ATSTART.);
#930=IFCCARTESIANPOINTLIST2D(((0.,0.),(0.,0.10000000000000001),(2.5499999650629959,0.10000000000000001),(2.649999987712369,0.)));
#931=IFCINDEXEDPOLYCURVE(#930,(IFCLINEINDEX((1,2,3,4,1))),$);
#932=IFCARBITRARYCLOSEDPROFILEDEF(.AREA.,$,#931);
#933=IFCCARTESIANPOINT((0.,0.,0.));
#934=IFCDIRECTION((0.,0.,1.));
#935=IFCDIRECTION((1.,0.,0.));
#936=IFCAXIS2PLACEMENT3D(#933,#934,#935);
#937=IFCDIRECTION((0.,0.,1.));
#938=IFCEXTRUDEDAREASOLID(#932,#936,#937,3.);
#939=IFCSHAPEREPRESENTATION(#11,'Body','SweptSolid',(#938));
#940=IFCCARTESIANPOINTLIST2D(((0.,0.),(2.649999987712369,0.)));
#941=IFCINDEXEDPOLYCURVE(#940,$,$);
#942=IFCSHAPEREPRESENTATION(#23,'Axis','Curve2D',(#941));
#975=IFCRELCONNECTSPATHELEMENTS('04O4YhN993_O13ow8eHZgl',$,$,$,$,#865,#487,(),(),.ATPATH.,.ATEND.);
#976=IFCCARTESIANPOINTLIST2D(((0.,0.),(0.10000002264937295,0.10000000000000001),(2.9895830068583611,0.10000000000000001),(2.989582999308571,0.)));
#977=IFCINDEXEDPOLYCURVE(#976,(IFCLINEINDEX((1,2,3,4,1))),$);
#978=IFCARBITRARYCLOSEDPROFILEDEF(.AREA.,$,#977);
#979=IFCCARTESIANPOINT((0.,0.,0.));
#980=IFCDIRECTION((0.,0.,1.));
#981=IFCDIRECTION((1.,0.,0.));
#982=IFCAXIS2PLACEMENT3D(#979,#980,#981);
#983=IFCDIRECTION((0.,0.,1.));
#984=IFCEXTRUDEDAREASOLID(#978,#982,#983,3.);
#985=IFCSHAPEREPRESENTATION(#11,'Body','SweptSolid',(#984));
#986=IFCCARTESIANPOINTLIST2D(((0.,0.),(3.0895829993085711,0.)));
#987=IFCINDEXEDPOLYCURVE(#986,$,$);
#988=IFCSHAPEREPRESENTATION(#23,'Axis','Curve2D',(#987));
#989=IFCCARTESIANPOINTLIST2D(((0.,0.),(0.10000004649123768,0.10000000000000001),(5.0400007757251348,0.10000000000000001),(5.1400007681753452,0.)));
#990=IFCINDEXEDPOLYCURVE(#989,(IFCLINEINDEX((1,2,3,4,1))),$);
#991=IFCARBITRARYCLOSEDPROFILEDEF(.AREA.,$,#990);
#992=IFCCARTESIANPOINT((0.,0.,0.));
#993=IFCDIRECTION((0.,0.,1.));
#994=IFCDIRECTION((1.,0.,0.));
#995=IFCAXIS2PLACEMENT3D(#992,#993,#994);
#996=IFCDIRECTION((0.,0.,1.));
#997=IFCEXTRUDEDAREASOLID(#991,#995,#996,3.);
#998=IFCSHAPEREPRESENTATION(#11,'Body','SweptSolid',(#997));
#999=IFCCARTESIANPOINTLIST2D(((0.,0.),(5.1400007681753452,0.)));
#1000=IFCINDEXEDPOLYCURVE(#999,$,$);
#1001=IFCSHAPEREPRESENTATION(#23,'Axis','Curve2D',(#1000));
#1040=IFCWALL('22BaG1Gg99Yu$alF0nWU_o',$,'Wall',$,$,#1082,#1046,$,$);
#1041=IFCMATERIALLAYERSETUSAGE(#82,.AXIS2.,.POSITIVE.,0.,$);
#1042=IFCRELASSOCIATESMATERIAL('2cROvFhvDB2egrkRarZrp7',$,$,$,(#1040),#1041);
#1046=IFCPRODUCTDEFINITIONSHAPE($,$,(#1318,#1315));
#1062=IFCPROPERTYSET('3YSdoGx4P8ze3sYAUdyrkc',$,'EPset_Parametric',$,(#1064));
#1063=IFCRELDEFINESBYPROPERTIES('0HX3R7RiX2muUpX1057aC7',$,$,$,(#1040),#1062);
#1064=IFCPROPERTYSINGLEVALUE('Engine',$,IFCLABEL('Bonsai.DumbLayer2'),$);
#1078=IFCCARTESIANPOINT((-1.1850103139877319,2.6498937606811523,0.));
#1079=IFCDIRECTION((0.,0.,1.));
#1080=IFCDIRECTION((1.9470718370939353E-07,0.99999999999998113,0.));
#1081=IFCAXIS2PLACEMENT3D(#1078,#1079,#1080);
#1082=IFCLOCALPLACEMENT(#79,#1081);
#1083=IFCRELCONNECTSPATHELEMENTS('04aYG_3qD6_QqXc6cw0hvm',$,$,$,$,#1040,#462,(),(),.ATPATH.,.ATEND.);
#1110=IFCWALL('0nWzfn6LzDYvWF35JutkyO',$,'Wall',$,$,#1342,#1116,$,$);
#1111=IFCMATERIALLAYERSETUSAGE(#82,.AXIS2.,.POSITIVE.,0.,$);
#1112=IFCRELASSOCIATESMATERIAL('1OsCjWcHb4vAPVE1bCTJfC',$,$,$,(#1110),#1111);
#1116=IFCPRODUCTDEFINITIONSHAPE($,$,(#1387,#1384));
#1132=IFCPROPERTYSET('1QX1xfti9C1wY$eerqiIX_',$,'EPset_Parametric',$,(#1134));
#1133=IFCRELDEFINESBYPROPERTIES('3cAltocwP1ZPVfmvimCaHu',$,$,$,(#1110),#1132);
#1134=IFCPROPERTYSINGLEVALUE('Engine',$,IFCLABEL('Bonsai.DumbLayer2'),$);
#1135=IFCWALL('0usTmF$tX5HPAR7sQfiEf$',$,'Wall',$,$,#1374,#1141,$,$);
#1136=IFCMATERIALLAYERSETUSAGE(#82,.AXIS2.,.POSITIVE.,0.,$);
#1137=IFCRELASSOCIATESMATERIAL('0DBOBPA3zAzOQ8RwCtINkl',$,$,$,(#1135),#1136);
#1141=IFCPRODUCTDEFINITIONSHAPE($,$,(#1369,#1366));
#1157=IFCPROPERTYSET('33lfbFGqjBKAEzoiNXPb2g',$,'EPset_Parametric',$,(#1159));
#1158=IFCRELDEFINESBYPROPERTIES('1Elql3wg93YRoZf9qQeX7S',$,$,$,(#1135),#1157);
#1159=IFCPROPERTYSINGLEVALUE('Engine',$,IFCLABEL('Bonsai.DumbLayer2'),$);
#1292=IFCRELCONNECTSPATHELEMENTS('2kMEoRhm909OVkY3bQbW45',$,$,$,$,#1135,#1040,(),(),.ATPATH.,.ATEND.);
#1306=IFCCARTESIANPOINTLIST2D(((0.,0.),(0.,0.10000000000000001),(2.2900001691062535,0.10000000000000001),(2.2900001496355351,0.)));
#1307=IFCINDEXEDPOLYCURVE(#1306,(IFCLINEINDEX((1,2,3,4,1))),$);
#1308=IFCARBITRARYCLOSEDPROFILEDEF(.AREA.,$,#1307);
#1309=IFCCARTESIANPOINT((0.,0.,0.));
#1310=IFCDIRECTION((0.,0.,1.));
#1311=IFCDIRECTION((1.,0.,0.));
#1312=IFCAXIS2PLACEMENT3D(#1309,#1310,#1311);
#1313=IFCDIRECTION((0.,0.,1.));
#1314=IFCEXTRUDEDAREASOLID(#1308,#1312,#1313,3.);
#1315=IFCSHAPEREPRESENTATION(#11,'Body','SweptSolid',(#1314));
#1316=IFCCARTESIANPOINTLIST2D(((0.,0.),(2.3900001496355374,0.)));
#1317=IFCINDEXEDPOLYCURVE(#1316,$,$);
#1318=IFCSHAPEREPRESENTATION(#23,'Axis','Curve2D',(#1317));
#1324=IFCRELCONNECTSPATHELEMENTS('2eHpcJRsH9YPlEcVnJmoy7',$,$,$,$,#1110,#462,(),(),.ATPATH.,.ATSTART.);
#1338=IFCCARTESIANPOINT((0.76660567915445943,5.0398931503295179,0.));
#1339=IFCDIRECTION((0.,0.,1.));
#1340=IFCDIRECTION((1.9470718370939353E-07,-0.99999999999998113,0.));
#1341=IFCAXIS2PLACEMENT3D(#1338,#1339,#1340);
#1342=IFCLOCALPLACEMENT(#79,#1341);
#1343=IFCCARTESIANPOINTLIST2D(((0.,0.),(-0.10000004649123767,0.10000000000000001),(3.4400000263440611,0.10000000000000001),(3.5400000728352987,0.)));
#1344=IFCINDEXEDPOLYCURVE(#1343,(IFCLINEINDEX((1,2,3,4,1))),$);
#1345=IFCARBITRARYCLOSEDPROFILEDEF(.AREA.,$,#1344);
#1346=IFCCARTESIANPOINT((0.,0.,0.));
#1347=IFCDIRECTION((0.,0.,1.));
#1348=IFCDIRECTION((1.,0.,0.));
#1349=IFCAXIS2PLACEMENT3D(#1346,#1347,#1348);
#1350=IFCDIRECTION((0.,0.,1.));
#1351=IFCEXTRUDEDAREASOLID(#1345,#1349,#1350,3.);
#1352=IFCSHAPEREPRESENTATION(#11,'Body','SweptSolid',(#1351));
#1353=IFCCARTESIANPOINTLIST2D(((0.,0.),(3.5400000728352987,0.)));
#1354=IFCINDEXEDPOLYCURVE(#1353,$,$);
#1355=IFCSHAPEREPRESENTATION(#23,'Axis','Curve2D',(#1354));
#1356=IFCRELCONNECTSPATHELEMENTS('2c65GGhCD21AOtkhtSkafD',$,$,$,$,#1135,#1110,(),(),.ATEND.,.ATSTART.);
#1357=IFCCARTESIANPOINTLIST2D(((0.,0.),(-0.10000005841217217,0.10000000000000001),(1.9516160845750339,0.10000000000000001),(1.9516161040457523,0.)));
#1358=IFCINDEXEDPOLYCURVE(#1357,(IFCLINEINDEX((1,2,3,4,1))),$);
#1359=IFCARBITRARYCLOSEDPROFILEDEF(.AREA.,$,#1358);
#1360=IFCCARTESIANPOINT((0.,0.,0.));
#1361=IFCDIRECTION((0.,0.,1.));
#1362=IFCDIRECTION((1.,0.,0.));
#1363=IFCAXIS2PLACEMENT3D(#1360,#1361,#1362);
#1364=IFCDIRECTION((0.,0.,1.));
#1365=IFCEXTRUDEDAREASOLID(#1359,#1363,#1364,3.);
#1366=IFCSHAPEREPRESENTATION(#11,'Body','SweptSolid',(#1365));
#1367=IFCCARTESIANPOINTLIST2D(((0.,0.),(1.9516161040457523,0.)));
#1368=IFCINDEXEDPOLYCURVE(#1367,$,$);
#1369=IFCSHAPEREPRESENTATION(#23,'Axis','Curve2D',(#1368));
#1370=IFCCARTESIANPOINT((0.76660596728126518,3.5600976943969052,0.));
#1371=IFCDIRECTION((0.,0.,1.));
#1372=IFCDIRECTION((-0.99999999999992428,3.8941436741876494E-07,0.));
#1373=IFCAXIS2PLACEMENT3D(#1370,#1371,#1372);
#1374=IFCLOCALPLACEMENT(#79,#1373);
#1375=IFCCARTESIANPOINTLIST2D(((0.10000000000001708,0.),(0.10000005841217219,0.10000000000000001),(1.5797955143448137,0.10000000000000001),(1.4797954559326414,0.)));
#1376=IFCINDEXEDPOLYCURVE(#1375,(IFCLINEINDEX((1,2,3,4,1))),$);
#1377=IFCARBITRARYCLOSEDPROFILEDEF(.AREA.,$,#1376);
#1378=IFCCARTESIANPOINT((0.,0.,0.));
#1379=IFCDIRECTION((0.,0.,1.));
#1380=IFCDIRECTION((1.,0.,0.));
#1381=IFCAXIS2PLACEMENT3D(#1378,#1379,#1380);
#1382=IFCDIRECTION((0.,0.,1.));
#1383=IFCEXTRUDEDAREASOLID(#1377,#1381,#1382,3.);
#1384=IFCSHAPEREPRESENTATION(#11,'Body','SweptSolid',(#1383));
#1385=IFCCARTESIANPOINTLIST2D(((0.,0.),(1.4797954559326414,0.)));
#1386=IFCINDEXEDPOLYCURVE(#1385,$,$);
#1387=IFCSHAPEREPRESENTATION(#23,'Axis','Curve2D',(#1386));
#1388=IFCRELCONNECTSPATHELEMENTS('1jkqdN6VHCQBZ$9$HQBGGB',$,$,$,$,#537,#207,(),(),.ATSTART.,.ATEND.);
#1389=IFCCARTESIANPOINTLIST2D(((0.,0.),(-0.099582500183950484,0.10000000000000001),(2.3904393014438177,0.10000000000000001),(2.4900218016277682,0.)));
#1390=IFCINDEXEDPOLYCURVE(#1389,(IFCLINEINDEX((1,2,3,4,1))),$);
#1391=IFCARBITRARYCLOSEDPROFILEDEF(.AREA.,$,#1390);
#1392=IFCCARTESIANPOINT((0.,0.,0.));
#1393=IFCDIRECTION((0.,0.,1.));
#1394=IFCDIRECTION((1.,0.,0.));
#1395=IFCAXIS2PLACEMENT3D(#1392,#1393,#1394);
#1396=IFCDIRECTION((0.,0.,1.));
#1397=IFCEXTRUDEDAREASOLID(#1391,#1395,#1396,3.);
#1398=IFCSHAPEREPRESENTATION(#11,'Body','SweptSolid',(#1397));
#1399=IFCCARTESIANPOINTLIST2D(((0.,0.),(2.4900218016277682,0.)));
#1400=IFCINDEXEDPOLYCURVE(#1399,$,$);
#1401=IFCSHAPEREPRESENTATION(#23,'Axis','Curve2D',(#1400));
#1415=IFCCARTESIANPOINT((0.2270234402037547,-2.5901062488555908,0.));
#1416=IFCDIRECTION((0.,0.,1.));
#1417=IFCDIRECTION((1.,0.,0.));
#1418=IFCAXIS2PLACEMENT3D(#1415,#1416,#1417);
#1419=IFCLOCALPLACEMENT(#79,#1418);
#1420=IFCRELCONNECTSPATHELEMENTS('1djNQRYfb1RA54R6QqYBMC',$,$,$,$,#207,#387,(),(),.ATSTART.,.ATEND.);
#1421=IFCCARTESIANPOINTLIST2D(((0.,0.),(0.099582500183950484,0.10000000000000001),(3.8995815020782238,0.10000000000000001),(3.9995814945284338,0.)));
#1422=IFCINDEXEDPOLYCURVE(#1421,(IFCLINEINDEX((1,2,3,4,1))),$);
#1423=IFCARBITRARYCLOSEDPROFILEDEF(.AREA.,$,#1422);
#1424=IFCCARTESIANPOINT((0.,0.,0.));
#1425=IFCDIRECTION((0.,0.,1.));
#1426=IFCDIRECTION((1.,0.,0.));
#1427=IFCAXIS2PLACEMENT3D(#1424,#1425,#1426);
#1428=IFCDIRECTION((0.,0.,1.));
#1429=IFCEXTRUDEDAREASOLID(#1423,#1427,#1428,3.);
#1430=IFCSHAPEREPRESENTATION(#11,'Body','SweptSolid',(#1429));
#1431=IFCCARTESIANPOINTLIST2D(((0.,0.),(3.9995814945284338,0.)));
#1432=IFCINDEXEDPOLYCURVE(#1431,$,$);
#1433=IFCSHAPEREPRESENTATION(#23,'Axis','Curve2D',(#1432));
#1434=IFCCARTESIANPOINTLIST2D(((0.,0.),(0.099999992450210157,0.10000000000000001),(9.0000001204018307,0.10000000000000001),(9.1000001430512043,0.)));
#1435=IFCINDEXEDPOLYCURVE(#1434,(IFCLINEINDEX((1,2,3,4,1))),$);
#1436=IFCARBITRARYCLOSEDPROFILEDEF(.AREA.,$,#1435);
#1437=IFCCARTESIANPOINT((0.,0.,0.));
#1438=IFCDIRECTION((0.,0.,1.));
#1439=IFCDIRECTION((1.,0.,0.));
#1440=IFCAXIS2PLACEMENT3D(#1437,#1438,#1439);
#1441=IFCDIRECTION((0.,0.,1.));
#1442=IFCEXTRUDEDAREASOLID(#1436,#1440,#1441,3.);
#1443=IFCSHAPEREPRESENTATION(#11,'Body','SweptSolid',(#1442));
#1444=IFCCARTESIANPOINTLIST2D(((0.,0.),(9.1000001430512043,0.)));
#1445=IFCINDEXEDPOLYCURVE(#1444,$,$);
#1446=IFCSHAPEREPRESENTATION(#23,'Axis','Curve2D',(#1445));
#1447=IFCCARTESIANPOINT((4.2266049347321886,-2.5901062488555908,0.));
#1448=IFCDIRECTION((0.,0.,1.));
#1449=IFCDIRECTION((7.5497901264043123E-08,0.99999999999999722,0.));
#1450=IFCAXIS2PLACEMENT3D(#1447,#1448,#1449);
#1451=IFCLOCALPLACEMENT(#79,#1450);
#1452=IFCSLABTYPE('3BqONtnhbAp81wNQYyyr1o',$,'Slab',$,$,(#1456),$,$,$,.FLOOR.);
#1453=IFCMATERIALLAYERSET((#1455),$,$);
#1454=IFCRELASSOCIATESMATERIAL('1hwnETDm92eh7dwXxgMKp0',$,$,$,(#1452),#1453);
#1455=IFCMATERIALLAYER(#81,0.10000000000000001,$,$,$,$,$);
#1456=IFCPROPERTYSET('3Yc22etoHFV8pofA9j0$yt',$,'EPset_Parametric',$,(#1457));
#1457=IFCPROPERTYSINGLEVALUE('LayerSetDirection',$,IFCLABEL('AXIS3'),$);
#1481=IFCSLAB('0R3eC1Xa5CDAR8TunlkNSl',$,'Slab',$,$,#1489,#1496,$,$);
#1482=IFCRELDEFINESBYTYPE('2U_olrG0TDH90oyQBglZZW',$,$,$,(#1481,#11195,#17752,#10979),#1452);
#1483=IFCMATERIALLAYERSETUSAGE(#1453,.AXIS3.,.POSITIVE.,-0.10000000149011612,$);
#1484=IFCRELASSOCIATESMATERIAL('2SUCBJdLPEX86bSmiHEYpK',$,$,$,(#1481),#1483);
#1485=IFCCARTESIANPOINT((0.22702373564243317,-2.5901060104370117,0.));
#1486=IFCDIRECTION((0.,0.,1.));
#1487=IFCDIRECTION((1.,0.,0.));
#1488=IFCAXIS2PLACEMENT3D(#1485,#1486,#1487);
#1489=IFCLOCALPLACEMENT(#79,#1488);
#1490=IFCCARTESIANPOINTLIST2D(((0.,0.),(3.9995810985565186,-2.384185791015625E-07),(3.9995830059051514,9.1000003814697266),(0.53958165645599365,9.0999994277954102),(0.5395817756652832,7.6299991607666016),(-3.0004184246063232,7.6300005912780762),(-3.0004174709320068,2.4899997711181641),(-0.010417833924293518,2.4899997711181641),(0.,0.)));
#1491=IFCINDEXEDPOLYCURVE(#1490,$,$);
#1492=IFCDIRECTION((0.,0.,1.));
#1493=IFCARBITRARYCLOSEDPROFILEDEF(.AREA.,$,#1491);
#1494=IFCEXTRUDEDAREASOLID(#1493,#1503,#1492,0.10000000000000001);
#1495=IFCSHAPEREPRESENTATION(#11,'Body','SweptSolid',(#1494));
#1496=IFCPRODUCTDEFINITIONSHAPE($,$,(#1495));
#1497=IFCPROPERTYSET('3CwUNo4pD5bhmfO8ylCKPA',$,'EPset_Parametric',$,(#1499));
#1498=IFCRELDEFINESBYPROPERTIES('0E05nE8kb9IOYw7VQbcVbT',$,$,$,(#1481),#1497);
#1499=IFCPROPERTYSINGLEVALUE('Engine',$,IFCLABEL('Bonsai.DumbLayer3'),$);
#1500=IFCCARTESIANPOINT((-0.,-0.,-0.10000000149011612));
#1501=IFCDIRECTION((0.,0.,1.));
#1502=IFCDIRECTION((1.,0.,0.));
#1503=IFCAXIS2PLACEMENT3D(#1500,#1501,#1502);
#1504=IFCDOORTYPE('1lblARlkr81886Xr9uC8ym',$,'Main-GF',$,$,(#1505),(#1514,#1592,#1611),$,$,.DOOR.,.SINGLE_SWING_LEFT.,$,$);
#1505=IFCPROPERTYSET('2OJXGVitP4RQcsRsJfBwJy',$,'BBIM_Door',$,(#1506));
#1506=IFCPROPERTYSINGLEVALUE('Data',$,IFCTEXT('{"door_type": "SINGLE_SWING_LEFT", "overall_height": 2.0, "overall_width": 0.8999999761581421, "lining_properties": {"lining_depth": 0.05000000074505806, "lining_thickness": 0.05580800026655197, "lining_offset": 0.0, "lining_to_panel_offset_x": 0.02500000037252903, "lining_to_panel_offset_y": 0.02500000037252903, "transom_thickness": 0.0, "casing_thickness": 0.0949999988079071, "casing_depth": 0.014999999664723873, "threshold_thickness": 0.02500000037252903, "threshold_depth": 0.10000000149011612, "threshold_offset": 0.0}, "panel_properties": {"panel_depth": 0.03500000014901161, "panel_width_ratio": 1.0}}'),$);
#1510=IFCCARTESIANPOINT((0.,0.,0.));
#1511=IFCDIRECTION((1.,0.,0.));
#1512=IFCDIRECTION((0.,0.,1.));
#1513=IFCAXIS2PLACEMENT3D(#1510,#1512,#1511);
#1514=IFCREPRESENTATIONMAP(#1513,#3536);
#1588=IFCCARTESIANPOINT((0.,0.,0.));
#1589=IFCDIRECTION((1.,0.,0.));
#1590=IFCDIRECTION((0.,0.,1.));
#1591=IFCAXIS2PLACEMENT3D(#1588,#1590,#1589);
#1592=IFCREPRESENTATIONMAP(#1591,#3609);
#1607=IFCCARTESIANPOINT((0.,0.,0.));
#1608=IFCDIRECTION((1.,0.,0.));
#1609=IFCDIRECTION((0.,0.,1.));
#1610=IFCAXIS2PLACEMENT3D(#1607,#1609,#1608);
#1611=IFCREPRESENTATIONMAP(#1610,#3623);
#1705=IFCDOOR('1YF5$EJN18HekzMV6a8ju2',$,'Door',$,$,#3648,#1714,$,2.,0.89999997615814209,$,.SINGLE_SWING_LEFT.,$);
#1706=IFCRELDEFINESBYTYPE('2PNCnTLu96vxh2QXGKDSpD',$,$,$,(#1705),#1504);
#1707=IFCCARTESIANPOINT((0.,0.,0.));
#1708=IFCDIRECTION((1.,0.,0.));
#1709=IFCDIRECTION((0.,1.,0.));
#1710=IFCDIRECTION((0.,0.,1.));
#1711=IFCCARTESIANTRANSFORMATIONOPERATOR3D(#1708,#1709,#1707,1.,#1710);
#1712=IFCMAPPEDITEM(#1514,#1711);
#1713=IFCSHAPEREPRESENTATION(#18,'Profile','MappedRepresentation',(#1712));
#1714=IFCPRODUCTDEFINITIONSHAPE($,$,(#1713,#1721,#1728));
#1715=IFCCARTESIANPOINT((0.,0.,0.));
#1716=IFCDIRECTION((1.,0.,0.));
#1717=IFCDIRECTION((0.,1.,0.));
#1718=IFCDIRECTION((0.,0.,1.));
#1719=IFCCARTESIANTRANSFORMATIONOPERATOR3D(#1716,#1717,#1715,1.,#1718);
#1720=IFCMAPPEDITEM(#1592,#1719);
#1721=IFCSHAPEREPRESENTATION(#11,'Body','MappedRepresentation',(#1720));
#1722=IFCCARTESIANPOINT((0.,0.,0.));
#1723=IFCDIRECTION((1.,0.,0.));
#1724=IFCDIRECTION((0.,1.,0.));
#1725=IFCDIRECTION((0.,0.,1.));
#1726=IFCCARTESIANTRANSFORMATIONOPERATOR3D(#1723,#1724,#1722,1.,#1725);
#1727=IFCMAPPEDITEM(#1611,#1726);
#1728=IFCSHAPEREPRESENTATION(#24,'Body','MappedRepresentation',(#1727));
#1729=IFCOPENINGELEMENT('3$n_Ukv6DCt8emFtpIU3bT',$,'Opening',$,$,#3643,#1757,$,.OPENING.);
#1745=IFCCARTESIANPOINT((0.,0.,0.));
#1746=IFCDIRECTION((1.,0.,0.));
#1747=IFCDIRECTION((0.,0.,1.));
#1748=IFCAXIS2PLACEMENT3D(#1745,#1747,#1746);
#1749=IFCREPRESENTATIONMAP(#1748,#3633);
#1750=IFCCARTESIANPOINT((0.,0.,0.));
#1751=IFCDIRECTION((1.,0.,0.));
#1752=IFCDIRECTION((0.,1.,0.));
#1753=IFCDIRECTION((0.,0.,1.));
#1754=IFCCARTESIANTRANSFORMATIONOPERATOR3D(#1751,#1752,#1750,1.,#1753);
#1755=IFCMAPPEDITEM(#1749,#1754);
#1756=IFCSHAPEREPRESENTATION(#11,'Body','MappedRepresentation',(#1755));
#1757=IFCPRODUCTDEFINITIONSHAPE($,$,(#1756));
#1758=IFCRELVOIDSELEMENT('2vwCzQZV9EwP1ky9aLsNui',$,$,$,#207,#1729);
#1764=IFCRELFILLSELEMENT('0oPvWFvan1rwX67JtUI5nD',$,$,$,#1729,#1705);
#1788=IFCCARTESIANPOINTLIST2D(((0.,0.),(0.,2.),(0.89999997615814209,2.),(0.89999997615814209,0.),(0.87499997578561306,0.),(0.87499997578561306,1.974999999627471),(0.02500000037252903,1.974999999627471),(0.02500000037252903,0.)));
#1789=IFCINDEXEDPOLYCURVE(#1788,(IFCLINEINDEX((1,2,3,4,5,6,7,8,1))),$);
#1790=IFCARBITRARYCLOSEDPROFILEDEF(.AREA.,$,#1789);
#1791=IFCCARTESIANPOINT((0.,0.02500000037252903,0.));
#1792=IFCDIRECTION((0.,-1.,0.));
#1793=IFCDIRECTION((1.,0.,0.));
#1794=IFCAXIS2PLACEMENT3D(#1791,#1792,#1793);
#1795=IFCDIRECTION((0.,0.,-1.));
#1796=IFCEXTRUDEDAREASOLID(#1790,#1794,#1795,0.02500000037252903);
#1797=IFCCARTESIANPOINTLIST2D(((0.,0.),(0.,2.),(0.89999997615814209,2.),(0.89999997615814209,0.),(0.86419207975268364,0.),(0.86419207975268364,1.9641921035945415),(0.03580789640545845,1.9641921035945415),(0.03580789640545845,0.)));
#1798=IFCINDEXEDPOLYCURVE(#1797,(IFCLINEINDEX((1,2,3,4,5,6,7,8,1))),$);
#1799=IFCARBITRARYCLOSEDPROFILEDEF(.AREA.,$,#1798);
#1800=IFCCARTESIANPOINT((0.,0.,0.));
#1801=IFCDIRECTION((0.,-1.,0.));
#1802=IFCDIRECTION((1.,0.,0.));
#1803=IFCAXIS2PLACEMENT3D(#1800,#1801,#1802);
#1804=IFCDIRECTION((0.,0.,-1.));
#1805=IFCEXTRUDEDAREASOLID(#1799,#1803,#1804,0.02500000037252903);
#1806=IFCCARTESIANPOINTLIST2D(((0.,0.),(0.82838418334722519,0.),(0.82838418334722519,0.10000000149011612),(0.,0.10000000149011612)));
#1807=IFCINDEXEDPOLYCURVE(#1806,(IFCLINEINDEX((1,2,3,4,1))),$);
#1808=IFCARBITRARYCLOSEDPROFILEDEF(.AREA.,$,#1807);
#1809=IFCCARTESIANPOINT((0.03580789640545845,0.,0.));
#1810=IFCDIRECTION((0.,0.,1.));
#1811=IFCDIRECTION((1.,0.,0.));
#1812=IFCAXIS2PLACEMENT3D(#1809,#1810,#1811);
#1813=IFCDIRECTION((0.,0.,1.));
#1814=IFCEXTRUDEDAREASOLID(#1808,#1812,#1813,0.02500000037252903);
#1815=IFCCARTESIANPOINTLIST2D(((0.,0.),(0.,2.0391921065747738),(0.97838418930768967,2.0391921065747738),(0.97838418930768967,0.),(0.90338418632745743,0.),(0.90338418632745743,1.9641921035945415),(0.075000002980232239,1.9641921035945415),(0.075000002980232239,0.)));
#1816=IFCINDEXEDPOLYCURVE(#1815,(IFCLINEINDEX((1,2,3,4,5,6,7,8,1))),$);
#1817=IFCARBITRARYCLOSEDPROFILEDEF(.AREA.,$,#1816);
#1818=IFCCARTESIANPOINT((-0.039192106574773788,-0.014999999664723873,0.));
#1819=IFCDIRECTION((0.,-1.,0.));
#1820=IFCDIRECTION((1.,0.,0.));
#1821=IFCAXIS2PLACEMENT3D(#1818,#1819,#1820);
#1822=IFCDIRECTION((0.,0.,-1.));
#1823=IFCEXTRUDEDAREASOLID(#1817,#1821,#1822,0.014999999664723873);
#1824=IFCCARTESIANPOINTLIST2D(((0.,0.),(0.,2.0391921065747738),(0.97838418930768967,2.0391921065747738),(0.97838418930768967,0.),(0.91419208236038685,0.),(0.91419208236038685,1.974999999627471),(0.064192106947302818,1.974999999627471),(0.064192106947302818,0.)));
#1825=IFCINDEXEDPOLYCURVE(#1824,(IFCLINEINDEX((1,2,3,4,5,6,7,8,1))),$);
#1826=IFCARBITRARYCLOSEDPROFILEDEF(.AREA.,$,#1825);
#1827=IFCCARTESIANPOINT((-0.039192106574773788,0.05000000074505806,0.));
#1828=IFCDIRECTION((0.,-1.,0.));
#1829=IFCDIRECTION((1.,0.,0.));
#1830=IFCAXIS2PLACEMENT3D(#1827,#1828,#1829);
#1831=IFCDIRECTION((0.,0.,-1.));
#1832=IFCEXTRUDEDAREASOLID(#1826,#1830,#1831,0.014999999664723873);
#1833=IFCCARTESIANPOINTLIST2D(((0.,0.),(0.84999997541308403,0.),(0.84999997541308403,0.035000000149011612),(0.,0.035000000149011612)));
#1834=IFCINDEXEDPOLYCURVE(#1833,(IFCLINEINDEX((1,2,3,4,1))),$);
#1835=IFCARBITRARYCLOSEDPROFILEDEF(.AREA.,$,#1834);
#1836=IFCCARTESIANPOINT((0.02500000037252903,0.02500000037252903,0.02500000037252903));
#1837=IFCDIRECTION((0.,0.,1.));
#1838=IFCDIRECTION((1.,0.,0.));
#1839=IFCAXIS2PLACEMENT3D(#1836,#1837,#1838);
#1840=IFCDIRECTION((0.,0.,1.));
#1841=IFCEXTRUDEDAREASOLID(#1835,#1839,#1840,1.9499999992549419);
#1842=IFCCARTESIANPOINTLIST2D(((0.,0.),(0.,-0.040000000000000001),(-0.11999999999999988,-0.040000000000000001),(-0.11999999999999988,-0.02),(-0.020000000000000018,-0.02),(-0.020000000000000018,0.)));
#1843=IFCINDEXEDPOLYCURVE(#1842,(IFCLINEINDEX((1,2,3,4,5,6,1))),$);
#1844=IFCARBITRARYCLOSEDPROFILEDEF(.AREA.,$,#1843);
#1845=IFCCARTESIANPOINT((0.82499997578561302,0.02500000037252903,1.015000000372529));
#1846=IFCDIRECTION((0.,0.,1.));
#1847=IFCDIRECTION((1.,0.,0.));
#1848=IFCAXIS2PLACEMENT3D(#1845,#1846,#1847);
#1849=IFCDIRECTION((0.,0.,1.));
#1850=IFCEXTRUDEDAREASOLID(#1844,#1848,#1849,0.02);
#1851=IFCEXTRUDEDAREASOLID(#1852,#1855,#1859,0.02);
#1852=IFCARBITRARYCLOSEDPROFILEDEF(.AREA.,$,#1853);
#1853=IFCINDEXEDPOLYCURVE(#1854,(IFCLINEINDEX((1,2,3,4,5,6,1))),$);
#1854=IFCCARTESIANPOINTLIST2D(((0.,0.),(0.,0.040000000000000008),(-0.11999999999999988,0.040000000000000008),(-0.11999999999999988,0.020000000000000004),(-0.020000000000000018,0.020000000000000004),(-0.020000000000000018,0.)));
#1855=IFCAXIS2PLACEMENT3D(#1856,#1857,#1858);
#1856=IFCCARTESIANPOINT((0.82499997578561302,0.060000000521540642,1.015000000372529));
#1857=IFCDIRECTION((0.,0.,1.));
#1858=IFCDIRECTION((1.,0.,0.));
#1859=IFCDIRECTION((0.,0.,1.));
#1861=IFCSHAPEREPRESENTATION(#11,'Body','SweptSolid',(#3581,#3174,#1796,#3165,#2323,#2332,#3572,#3563,#3156,#1951,#1832,#3147,#3554,#2314,#1942,#2350,#3138,#1823,#1933,#1814,#2341,#1924,#1805,#1915,#3545));
#1862=IFCSHAPEASPECT((#1861),'Lining',$,.T.,#1714);
#1863=IFCSHAPEREPRESENTATION(#11,'Body','SweptSolid',(#3192,#2359,#3193,#2368,#3183,#1850,#1970,#3599,#1841,#2369,#1969,#1851,#1960,#3600,#3590));
#1864=IFCSHAPEASPECT((#1863),'Framing',$,.T.,#1714);
#1907=IFCCARTESIANPOINTLIST2D(((0.,0.),(0.,2.),(0.89999997615814209,2.),(0.89999997615814209,0.),(0.87499997578561306,0.),(0.87499997578561306,1.974999999627471),(0.02500000037252903,1.974999999627471),(0.02500000037252903,0.)));
#1908=IFCINDEXEDPOLYCURVE(#1907,(IFCLINEINDEX((1,2,3,4,5,6,7,8,1))),$);
#1909=IFCARBITRARYCLOSEDPROFILEDEF(.AREA.,$,#1908);
#1910=IFCCARTESIANPOINT((0.,0.02500000037252903,0.));
#1911=IFCDIRECTION((0.,-1.,0.));
#1912=IFCDIRECTION((1.,0.,0.));
#1913=IFCAXIS2PLACEMENT3D(#1910,#1911,#1912);
#1914=IFCDIRECTION((0.,0.,-1.));
#1915=IFCEXTRUDEDAREASOLID(#1909,#1913,#1914,0.02500000037252903);
#1916=IFCCARTESIANPOINTLIST2D(((0.,0.),(0.,2.),(0.89999997615814209,2.),(0.89999997615814209,0.),(0.84419197589159012,0.),(0.84419197589159012,1.944191999733448),(0.055808000266551971,1.944191999733448),(0.055808000266551971,0.)));
#1917=IFCINDEXEDPOLYCURVE(#1916,(IFCLINEINDEX((1,2,3,4,5,6,7,8,1))),$);
#1918=IFCARBITRARYCLOSEDPROFILEDEF(.AREA.,$,#1917);
#1919=IFCCARTESIANPOINT((0.,0.,0.));
#1920=IFCDIRECTION((0.,-1.,0.));
#1921=IFCDIRECTION((1.,0.,0.));
#1922=IFCAXIS2PLACEMENT3D(#1919,#1920,#1921);
#1923=IFCDIRECTION((0.,0.,-1.));
#1924=IFCEXTRUDEDAREASOLID(#1918,#1922,#1923,0.02500000037252903);
#1925=IFCCARTESIANPOINTLIST2D(((0.,0.),(0.78838397562503815,0.),(0.78838397562503815,0.10000000149011612),(0.,0.10000000149011612)));
#1926=IFCINDEXEDPOLYCURVE(#1925,(IFCLINEINDEX((1,2,3,4,1))),$);
#1927=IFCARBITRARYCLOSEDPROFILEDEF(.AREA.,$,#1926);
#1928=IFCCARTESIANPOINT((0.055808000266551971,0.,0.));
#1929=IFCDIRECTION((0.,0.,1.));
#1930=IFCDIRECTION((1.,0.,0.));
#1931=IFCAXIS2PLACEMENT3D(#1928,#1929,#1930);
#1932=IFCDIRECTION((0.,0.,1.));
#1933=IFCEXTRUDEDAREASOLID(#1927,#1931,#1932,0.02500000037252903);
#1934=IFCCARTESIANPOINTLIST2D(((0.,0.),(0.,2.0191920027136803),(0.93838398158550262,2.0191920027136803),(0.93838398158550262,0.),(0.86338397860527039,0.),(0.86338397860527039,1.944191999733448),(0.075000002980232239,1.944191999733448),(0.075000002980232239,0.)));
#1935=IFCINDEXEDPOLYCURVE(#1934,(IFCLINEINDEX((1,2,3,4,5,6,7,8,1))),$);
#1936=IFCARBITRARYCLOSEDPROFILEDEF(.AREA.,$,#1935);
#1937=IFCCARTESIANPOINT((-0.019192002713680267,-0.014999999664723873,0.));
#1938=IFCDIRECTION((0.,-1.,0.));
#1939=IFCDIRECTION((1.,0.,0.));
#1940=IFCAXIS2PLACEMENT3D(#1937,#1938,#1939);
#1941=IFCDIRECTION((0.,0.,-1.));
#1942=IFCEXTRUDEDAREASOLID(#1936,#1940,#1941,0.014999999664723873);
#1943=IFCCARTESIANPOINTLIST2D(((0.,0.),(0.,2.0191920027136803),(0.93838398158550262,2.0191920027136803),(0.93838398158550262,0.),(0.89419197849929333,0.),(0.89419197849929333,1.974999999627471),(0.044192003086209297,1.974999999627471),(0.044192003086209297,0.)));
#1944=IFCINDEXEDPOLYCURVE(#1943,(IFCLINEINDEX((1,2,3,4,5,6,7,8,1))),$);
#1945=IFCARBITRARYCLOSEDPROFILEDEF(.AREA.,$,#1944);
#1946=IFCCARTESIANPOINT((-0.019192002713680267,0.05000000074505806,0.));
#1947=IFCDIRECTION((0.,-1.,0.));
#1948=IFCDIRECTION((1.,0.,0.));
#1949=IFCAXIS2PLACEMENT3D(#1946,#1947,#1948);
#1950=IFCDIRECTION((0.,0.,-1.));
#1951=IFCEXTRUDEDAREASOLID(#1945,#1949,#1950,0.014999999664723873);
#1952=IFCCARTESIANPOINTLIST2D(((0.,0.),(0.84999997541308403,0.),(0.84999997541308403,0.035000000149011612),(0.,0.035000000149011612)));
#1953=IFCINDEXEDPOLYCURVE(#1952,(IFCLINEINDEX((1,2,3,4,1))),$);
#1954=IFCARBITRARYCLOSEDPROFILEDEF(.AREA.,$,#1953);
#1955=IFCCARTESIANPOINT((0.02500000037252903,0.02500000037252903,0.02500000037252903));
#1956=IFCDIRECTION((0.,0.,1.));
#1957=IFCDIRECTION((1.,0.,0.));
#1958=IFCAXIS2PLACEMENT3D(#1955,#1956,#1957);
#1959=IFCDIRECTION((0.,0.,1.));
#1960=IFCEXTRUDEDAREASOLID(#1954,#1958,#1959,1.9499999992549419);
#1961=IFCCARTESIANPOINTLIST2D(((0.,0.),(0.,-0.040000000000000001),(-0.11999999999999988,-0.040000000000000001),(-0.11999999999999988,-0.02),(-0.020000000000000018,-0.02),(-0.020000000000000018,0.)));
#1962=IFCINDEXEDPOLYCURVE(#1961,(IFCLINEINDEX((1,2,3,4,5,6,1))),$);
#1963=IFCARBITRARYCLOSEDPROFILEDEF(.AREA.,$,#1962);
#1964=IFCCARTESIANPOINT((0.82499997578561302,0.02500000037252903,1.015000000372529));
#1965=IFCDIRECTION((0.,0.,1.));
#1966=IFCDIRECTION((1.,0.,0.));
#1967=IFCAXIS2PLACEMENT3D(#1964,#1965,#1966);
#1968=IFCDIRECTION((0.,0.,1.));
#1969=IFCEXTRUDEDAREASOLID(#1963,#1967,#1968,0.02);
#1970=IFCEXTRUDEDAREASOLID(#1971,#1974,#1978,0.02);
#1971=IFCARBITRARYCLOSEDPROFILEDEF(.AREA.,$,#1972);
#1972=IFCINDEXEDPOLYCURVE(#1973,(IFCLINEINDEX((1,2,3,4,5,6,1))),$);
#1973=IFCCARTESIANPOINTLIST2D(((0.,0.),(0.,0.040000000000000008),(-0.11999999999999988,0.040000000000000008),(-0.11999999999999988,0.020000000000000004),(-0.020000000000000018,0.020000000000000004),(-0.020000000000000018,0.)));
#1974=IFCAXIS2PLACEMENT3D(#1975,#1976,#1977);
#1975=IFCCARTESIANPOINT((0.82499997578561302,0.060000000521540642,1.015000000372529));
#1976=IFCDIRECTION((0.,0.,1.));
#1977=IFCDIRECTION((1.,0.,0.));
#1978=IFCDIRECTION((0.,0.,1.));
#2130=IFCDOORTYPE('2FEaFj_YL9hPuLYxEgvVOo',$,'Guest-GF',$,$,(#2131),(#2133,#2141,#2219),$,$,.DOOR.,.SINGLE_SWING_LEFT.,$,$);
#2131=IFCPROPERTYSET('07dzB80if52w84ILDB3$$h',$,'BBIM_Door',$,(#2132));
#2132=IFCPROPERTYSINGLEVALUE('Data',$,IFCTEXT('{"door_type": "SINGLE_SWING_RIGHT", "overall_height": 2.0, "overall_width": 0.8999999761581421, "lining_properties": {"lining_depth": 0.040000006556510925, "lining_thickness": 0.07580799609422684, "lining_offset": 0.0, "lining_to_panel_offset_x": 0.02500000037252903, "lining_to_panel_offset_y": 0.02500000037252903, "transom_thickness": 0.0, "casing_thickness": 0.06729264557361603, "casing_depth": 0.0010000000474974513, "threshold_thickness": 0.02500000037252903, "threshold_depth": 0.10000000149011612, "threshold_offset": 0.0}, "panel_properties": {"panel_depth": 0.03500000014901161, "panel_width_ratio": 1.0}}'),$);
#2133=IFCREPRESENTATIONMAP(#2134,#5376);
#2134=IFCAXIS2PLACEMENT3D(#2135,#2136,#2137);
#2135=IFCCARTESIANPOINT((0.,0.,0.));
#2136=IFCDIRECTION((0.,0.,1.));
#2137=IFCDIRECTION((1.,0.,0.));
#2141=IFCREPRESENTATIONMAP(#2142,#5449);
#2142=IFCAXIS2PLACEMENT3D(#2143,#2144,#2145);
#2143=IFCCARTESIANPOINT((0.,0.,0.));
#2144=IFCDIRECTION((0.,0.,1.));
#2145=IFCDIRECTION((1.,0.,0.));
#2219=IFCREPRESENTATIONMAP(#2220,#5463);
#2220=IFCAXIS2PLACEMENT3D(#2221,#2222,#2223);
#2221=IFCCARTESIANPOINT((0.,0.,0.));
#2222=IFCDIRECTION((0.,0.,1.));
#2223=IFCDIRECTION((1.,0.,0.));
#2238=IFCDOOR('2dNuFtgVfBsvF26kO7gAFm',$,'Door',$,$,#5488,#2247,$,2.,0.89999997615814209,$,.SINGLE_SWING_RIGHT.,$);
#2239=IFCRELDEFINESBYTYPE('2A3jCOt39FSPtlp9grEUTD',$,$,$,(#2238),#2130);
#2240=IFCCARTESIANPOINT((0.,0.,0.));
#2241=IFCDIRECTION((1.,0.,0.));
#2242=IFCDIRECTION((0.,1.,0.));
#2243=IFCDIRECTION((0.,0.,1.));
#2244=IFCCARTESIANTRANSFORMATIONOPERATOR3D(#2241,#2242,#2240,1.,#2243);
#2245=IFCMAPPEDITEM(#2133,#2244);
#2246=IFCSHAPEREPRESENTATION(#18,'Profile','MappedRepresentation',(#2245));
#2247=IFCPRODUCTDEFINITIONSHAPE($,$,(#2246,#2254,#2261));
#2248=IFCCARTESIANPOINT((0.,0.,0.));
#2249=IFCDIRECTION((1.,0.,0.));
#2250=IFCDIRECTION((0.,1.,0.));
#2251=IFCDIRECTION((0.,0.,1.));
#2252=IFCCARTESIANTRANSFORMATIONOPERATOR3D(#2249,#2250,#2248,1.,#2251);
#2253=IFCMAPPEDITEM(#2141,#2252);
#2254=IFCSHAPEREPRESENTATION(#11,'Body','MappedRepresentation',(#2253));
#2255=IFCCARTESIANPOINT((0.,0.,0.));
#2256=IFCDIRECTION((1.,0.,0.));
#2257=IFCDIRECTION((0.,1.,0.));
#2258=IFCDIRECTION((0.,0.,1.));
#2259=IFCCARTESIANTRANSFORMATIONOPERATOR3D(#2256,#2257,#2255,1.,#2258);
#2260=IFCMAPPEDITEM(#2219,#2259);
#2261=IFCSHAPEREPRESENTATION(#24,'Body','MappedRepresentation',(#2260));
#2262=IFCOPENINGELEMENT('2q2GrP6QbDpvXSpUHuCHRx',$,'Opening',$,$,#5483,#2290,$,.OPENING.);
#2278=IFCCARTESIANPOINT((0.,0.,0.));
#2279=IFCDIRECTION((1.,0.,0.));
#2280=IFCDIRECTION((0.,0.,1.));
#2281=IFCAXIS2PLACEMENT3D(#2278,#2280,#2279);
#2282=IFCREPRESENTATIONMAP(#2281,#5473);
#2283=IFCCARTESIANPOINT((0.,0.,0.));
#2284=IFCDIRECTION((1.,0.,0.));
#2285=IFCDIRECTION((0.,1.,0.));
#2286=IFCDIRECTION((0.,0.,1.));
#2287=IFCCARTESIANTRANSFORMATIONOPERATOR3D(#2284,#2285,#2283,1.,#2286);
#2288=IFCMAPPEDITEM(#2282,#2287);
#2289=IFCSHAPEREPRESENTATION(#11,'Body','MappedRepresentation',(#2288));
#2290=IFCPRODUCTDEFINITIONSHAPE($,$,(#2289));
#2291=IFCRELVOIDSELEMENT('09RYhNOTH5PBXwS$P9axi7',$,$,$,#840,#2262);
#2297=IFCRELFILLSELEMENT('0$eUyGnWX5g9yhPLchrK1$',$,$,$,#2262,#2238);
#2306=IFCCARTESIANPOINTLIST2D(((0.,0.),(0.,2.),(0.89999997615814209,2.),(0.89999997615814209,0.),(0.87499997578561306,0.),(0.87499997578561306,1.974999999627471),(0.02500000037252903,1.974999999627471),(0.02500000037252903,0.)));
#2307=IFCINDEXEDPOLYCURVE(#2306,(IFCLINEINDEX((1,2,3,4,5,6,7,8,1))),$);
#2308=IFCARBITRARYCLOSEDPROFILEDEF(.AREA.,$,#2307);
#2309=IFCCARTESIANPOINT((0.,0.02500000037252903,0.));
#2310=IFCDIRECTION((0.,-1.,0.));
#2311=IFCDIRECTION((1.,0.,0.));
#2312=IFCAXIS2PLACEMENT3D(#2309,#2310,#2311);
#2313=IFCDIRECTION((0.,0.,-1.));
#2314=IFCEXTRUDEDAREASOLID(#2308,#2312,#2313,0.02500000037252903);
#2315=IFCCARTESIANPOINTLIST2D(((0.,0.),(0.,2.),(0.89999997615814209,2.),(0.89999997615814209,0.),(0.84419197589159012,0.),(0.84419197589159012,1.944191999733448),(0.055808000266551971,1.944191999733448),(0.055808000266551971,0.)));
#2316=IFCINDEXEDPOLYCURVE(#2315,(IFCLINEINDEX((1,2,3,4,5,6,7,8,1))),$);
#2317=IFCARBITRARYCLOSEDPROFILEDEF(.AREA.,$,#2316);
#2318=IFCCARTESIANPOINT((0.,0.,0.));
#2319=IFCDIRECTION((0.,-1.,0.));
#2320=IFCDIRECTION((1.,0.,0.));
#2321=IFCAXIS2PLACEMENT3D(#2318,#2319,#2320);
#2322=IFCDIRECTION((0.,0.,-1.));
#2323=IFCEXTRUDEDAREASOLID(#2317,#2321,#2322,0.02500000037252903);
#2324=IFCCARTESIANPOINTLIST2D(((0.,0.),(0.78838397562503815,0.),(0.78838397562503815,0.10000000149011612),(0.,0.10000000149011612)));
#2325=IFCINDEXEDPOLYCURVE(#2324,(IFCLINEINDEX((1,2,3,4,1))),$);
#2326=IFCARBITRARYCLOSEDPROFILEDEF(.AREA.,$,#2325);
#2327=IFCCARTESIANPOINT((0.055808000266551971,0.,0.));
#2328=IFCDIRECTION((0.,0.,1.));
#2329=IFCDIRECTION((1.,0.,0.));
#2330=IFCAXIS2PLACEMENT3D(#2327,#2328,#2329);
#2331=IFCDIRECTION((0.,0.,1.));
#2332=IFCEXTRUDEDAREASOLID(#2326,#2330,#2331,0.02500000037252903);
#2333=IFCCARTESIANPOINTLIST2D(((0.,0.),(0.,2.0191920027136803),(0.93838398158550262,2.0191920027136803),(0.93838398158550262,0.),(0.86338397860527039,0.),(0.86338397860527039,1.944191999733448),(0.075000002980232239,1.944191999733448),(0.075000002980232239,0.)));
#2334=IFCINDEXEDPOLYCURVE(#2333,(IFCLINEINDEX((1,2,3,4,5,6,7,8,1))),$);
#2335=IFCARBITRARYCLOSEDPROFILEDEF(.AREA.,$,#2334);
#2336=IFCCARTESIANPOINT((-0.019192002713680267,-0.014999999664723873,0.));
#2337=IFCDIRECTION((0.,-1.,0.));
#2338=IFCDIRECTION((1.,0.,0.));
#2339=IFCAXIS2PLACEMENT3D(#2336,#2337,#2338);
#2340=IFCDIRECTION((0.,0.,-1.));
#2341=IFCEXTRUDEDAREASOLID(#2335,#2339,#2340,0.014999999664723873);
#2342=IFCCARTESIANPOINTLIST2D(((0.,0.),(0.,2.0191920027136803),(0.93838398158550262,2.0191920027136803),(0.93838398158550262,0.),(0.89419197849929333,0.),(0.89419197849929333,1.974999999627471),(0.044192003086209297,1.974999999627471),(0.044192003086209297,0.)));
#2343=IFCINDEXEDPOLYCURVE(#2342,(IFCLINEINDEX((1,2,3,4,5,6,7,8,1))),$);
#2344=IFCARBITRARYCLOSEDPROFILEDEF(.AREA.,$,#2343);
#2345=IFCCARTESIANPOINT((-0.019192002713680267,0.05000000074505806,0.));
#2346=IFCDIRECTION((0.,-1.,0.));
#2347=IFCDIRECTION((1.,0.,0.));
#2348=IFCAXIS2PLACEMENT3D(#2345,#2346,#2347);
#2349=IFCDIRECTION((0.,0.,-1.));
#2350=IFCEXTRUDEDAREASOLID(#2344,#2348,#2349,0.014999999664723873);
#2351=IFCCARTESIANPOINTLIST2D(((0.,0.),(0.84999997541308403,0.),(0.84999997541308403,0.035000000149011612),(0.,0.035000000149011612)));
#2352=IFCINDEXEDPOLYCURVE(#2351,(IFCLINEINDEX((1,2,3,4,1))),$);
#2353=IFCARBITRARYCLOSEDPROFILEDEF(.AREA.,$,#2352);
#2354=IFCCARTESIANPOINT((0.02500000037252903,0.02500000037252903,0.02500000037252903));
#2355=IFCDIRECTION((0.,0.,1.));
#2356=IFCDIRECTION((1.,0.,0.));
#2357=IFCAXIS2PLACEMENT3D(#2354,#2355,#2356);
#2358=IFCDIRECTION((0.,0.,1.));
#2359=IFCEXTRUDEDAREASOLID(#2353,#2357,#2358,1.9499999992549419);
#2360=IFCCARTESIANPOINTLIST2D(((0.,0.),(0.,-0.040000000000000001),(-0.11999999999999988,-0.040000000000000001),(-0.11999999999999988,-0.02),(-0.020000000000000018,-0.02),(-0.020000000000000018,0.)));
#2361=IFCINDEXEDPOLYCURVE(#2360,(IFCLINEINDEX((1,2,3,4,5,6,1))),$);
#2362=IFCARBITRARYCLOSEDPROFILEDEF(.AREA.,$,#2361);
#2363=IFCCARTESIANPOINT((0.82499997578561302,0.02500000037252903,1.015000000372529));
#2364=IFCDIRECTION((0.,0.,1.));
#2365=IFCDIRECTION((1.,0.,0.));
#2366=IFCAXIS2PLACEMENT3D(#2363,#2364,#2365);
#2367=IFCDIRECTION((0.,0.,1.));
#2368=IFCEXTRUDEDAREASOLID(#2362,#2366,#2367,0.02);
#2369=IFCEXTRUDEDAREASOLID(#2370,#2373,#2377,0.02);
#2370=IFCARBITRARYCLOSEDPROFILEDEF(.AREA.,$,#2371);
#2371=IFCINDEXEDPOLYCURVE(#2372,(IFCLINEINDEX((1,2,3,4,5,6,1))),$);
#2372=IFCCARTESIANPOINTLIST2D(((0.,0.),(0.,0.040000000000000008),(-0.11999999999999988,0.040000000000000008),(-0.11999999999999988,0.020000000000000004),(-0.020000000000000018,0.020000000000000004),(-0.020000000000000018,0.)));
#2373=IFCAXIS2PLACEMENT3D(#2374,#2375,#2376);
#2374=IFCCARTESIANPOINT((0.82499997578561302,0.060000000521540642,1.015000000372529));
#2375=IFCDIRECTION((0.,0.,1.));
#2376=IFCDIRECTION((1.,0.,0.));
#2377=IFCDIRECTION((0.,0.,1.));
#2421=IFCCARTESIANPOINTLIST2D(((0.,0.),(0.,2.),(0.89999997615814209,2.),(0.89999997615814209,0.),(0.87499997578561306,0.),(0.87499997578561306,1.974999999627471),(0.02500000037252903,1.974999999627471),(0.02500000037252903,0.)));
#2422=IFCINDEXEDPOLYCURVE(#2421,(IFCLINEINDEX((1,2,3,4,5,6,7,8,1))),$);
#2423=IFCARBITRARYCLOSEDPROFILEDEF(.AREA.,$,#2422);
#2424=IFCCARTESIANPOINT((0.,0.02500000037252903,0.));
#2425=IFCDIRECTION((0.,-1.,0.));
#2426=IFCDIRECTION((1.,0.,0.));
#2427=IFCAXIS2PLACEMENT3D(#2424,#2425,#2426);
#2428=IFCDIRECTION((0.,0.,-1.));
#2429=IFCEXTRUDEDAREASOLID(#2423,#2427,#2428,0.02500000037252903);
#2430=IFCCARTESIANPOINTLIST2D(((0.,0.),(0.,2.),(0.89999997615814209,2.),(0.89999997615814209,0.),(0.84419197589159012,0.),(0.84419197589159012,1.944191999733448),(0.055808000266551971,1.944191999733448),(0.055808000266551971,0.)));
#2431=IFCINDEXEDPOLYCURVE(#2430,(IFCLINEINDEX((1,2,3,4,5,6,7,8,1))),$);
#2432=IFCARBITRARYCLOSEDPROFILEDEF(.AREA.,$,#2431);
#2433=IFCCARTESIANPOINT((0.,0.,0.));
#2434=IFCDIRECTION((0.,-1.,0.));
#2435=IFCDIRECTION((1.,0.,0.));
#2436=IFCAXIS2PLACEMENT3D(#2433,#2434,#2435);
#2437=IFCDIRECTION((0.,0.,-1.));
#2438=IFCEXTRUDEDAREASOLID(#2432,#2436,#2437,0.02500000037252903);
#2439=IFCCARTESIANPOINTLIST2D(((0.,0.),(0.78838397562503815,0.),(0.78838397562503815,0.10000000149011612),(0.,0.10000000149011612)));
#2440=IFCINDEXEDPOLYCURVE(#2439,(IFCLINEINDEX((1,2,3,4,1))),$);
#2441=IFCARBITRARYCLOSEDPROFILEDEF(.AREA.,$,#2440);
#2442=IFCCARTESIANPOINT((0.055808000266551971,0.,0.));
#2443=IFCDIRECTION((0.,0.,1.));
#2444=IFCDIRECTION((1.,0.,0.));
#2445=IFCAXIS2PLACEMENT3D(#2442,#2443,#2444);
#2446=IFCDIRECTION((0.,0.,1.));
#2447=IFCEXTRUDEDAREASOLID(#2441,#2445,#2446,0.02500000037252903);
#2448=IFCCARTESIANPOINTLIST2D(((0.,0.),(0.,2.0191920027136803),(0.93838398158550262,2.0191920027136803),(0.93838398158550262,0.),(0.86338397860527039,0.),(0.86338397860527039,1.944191999733448),(0.075000002980232239,1.944191999733448),(0.075000002980232239,0.)));
#2449=IFCINDEXEDPOLYCURVE(#2448,(IFCLINEINDEX((1,2,3,4,5,6,7,8,1))),$);
#2450=IFCARBITRARYCLOSEDPROFILEDEF(.AREA.,$,#2449);
#2451=IFCCARTESIANPOINT((-0.019192002713680267,-0.014999999664723873,0.));
#2452=IFCDIRECTION((0.,-1.,0.));
#2453=IFCDIRECTION((1.,0.,0.));
#2454=IFCAXIS2PLACEMENT3D(#2451,#2452,#2453);
#2455=IFCDIRECTION((0.,0.,-1.));
#2456=IFCEXTRUDEDAREASOLID(#2450,#2454,#2455,0.014999999664723873);
#2457=IFCCARTESIANPOINTLIST2D(((0.,0.),(0.,2.0191920027136803),(0.93838398158550262,2.0191920027136803),(0.93838398158550262,0.),(0.89419197849929333,0.),(0.89419197849929333,1.974999999627471),(0.044192003086209297,1.974999999627471),(0.044192003086209297,0.)));
#2458=IFCINDEXEDPOLYCURVE(#2457,(IFCLINEINDEX((1,2,3,4,5,6,7,8,1))),$);
#2459=IFCARBITRARYCLOSEDPROFILEDEF(.AREA.,$,#2458);
#2460=IFCCARTESIANPOINT((-0.019192002713680267,0.05000000074505806,0.));
#2461=IFCDIRECTION((0.,-1.,0.));
#2462=IFCDIRECTION((1.,0.,0.));
#2463=IFCAXIS2PLACEMENT3D(#2460,#2461,#2462);
#2464=IFCDIRECTION((0.,0.,-1.));
#2465=IFCEXTRUDEDAREASOLID(#2459,#2463,#2464,0.014999999664723873);
#2466=IFCCARTESIANPOINTLIST2D(((0.,0.),(0.84999997541308403,0.),(0.84999997541308403,0.035000000149011612),(0.,0.035000000149011612)));
#2467=IFCINDEXEDPOLYCURVE(#2466,(IFCLINEINDEX((1,2,3,4,1))),$);
#2468=IFCARBITRARYCLOSEDPROFILEDEF(.AREA.,$,#2467);
#2469=IFCCARTESIANPOINT((0.02500000037252903,0.02500000037252903,0.02500000037252903));
#2470=IFCDIRECTION((0.,0.,1.));
#2471=IFCDIRECTION((1.,0.,0.));
#2472=IFCAXIS2PLACEMENT3D(#2469,#2470,#2471);
#2473=IFCDIRECTION((0.,0.,1.));
#2474=IFCEXTRUDEDAREASOLID(#2468,#2472,#2473,1.9499999992549419);
#2475=IFCCARTESIANPOINTLIST2D(((0.,0.),(0.,-0.040000000000000001),(-0.11999999999999988,-0.040000000000000001),(-0.11999999999999988,-0.02),(-0.020000000000000018,-0.02),(-0.020000000000000018,0.)));
#2476=IFCINDEXEDPOLYCURVE(#2475,(IFCLINEINDEX((1,2,3,4,5,6,1))),$);
#2477=IFCARBITRARYCLOSEDPROFILEDEF(.AREA.,$,#2476);
#2478=IFCCARTESIANPOINT((0.82499997578561302,0.02500000037252903,1.015000000372529));
#2479=IFCDIRECTION((0.,0.,1.));
#2480=IFCDIRECTION((1.,0.,0.));
#2481=IFCAXIS2PLACEMENT3D(#2478,#2479,#2480);
#2482=IFCDIRECTION((0.,0.,1.));
#2483=IFCEXTRUDEDAREASOLID(#2477,#2481,#2482,0.02);
#2484=IFCEXTRUDEDAREASOLID(#2485,#2488,#2492,0.02);
#2485=IFCARBITRARYCLOSEDPROFILEDEF(.AREA.,$,#2486);
#2486=IFCINDEXEDPOLYCURVE(#2487,(IFCLINEINDEX((1,2,3,4,5,6,1))),$);
#2487=IFCCARTESIANPOINTLIST2D(((0.,0.),(0.,0.040000000000000008),(-0.11999999999999988,0.040000000000000008),(-0.11999999999999988,0.020000000000000004),(-0.020000000000000018,0.020000000000000004),(-0.020000000000000018,0.)));
#2488=IFCAXIS2PLACEMENT3D(#2489,#2490,#2491);
#2489=IFCCARTESIANPOINT((0.82499997578561302,0.060000000521540642,1.015000000372529));
#2490=IFCDIRECTION((0.,0.,1.));
#2491=IFCDIRECTION((1.,0.,0.));
#2492=IFCDIRECTION((0.,0.,1.));
#2494=IFCSHAPEREPRESENTATION(#11,'Body','SweptSolid',(#2935,#3023,#2926,#5279,#2829,#2699,#5191,#5270,#5173,#5182,#5164,#2917,#5076,#5155,#2908,#5067,#3696,#2820,#5058,#2690,#3687,#2811,#2681,#3678,#2802,#2672,#3669,#2793,#2584,#2465,#2663,#3660,#2575,#2566,#3059,#4961,#5049,#5421,#4952,#5040,#5412,#4943,#5403,#4934,#5306,#2456,#5394,#4925,#5297,#2447,#3050,#2557,#3041,#2438,#2429,#5385,#5288,#2944,#2548,#3032));
#2495=IFCSHAPEASPECT((#2494),'Lining',$,.T.,#2247);
#2496=IFCSHAPEREPRESENTATION(#11,'Body','SweptSolid',(#2484,#2847,#3078,#2717,#3714,#3705,#2838,#2708,#5094,#5325,#5085,#5439,#4979,#2963,#2483,#2474,#5210,#4970,#5430,#2602,#2593,#3715,#3077,#2848,#3068,#5324,#5095,#5315,#2718,#5209,#2962,#5200,#2603,#4980,#5440,#2953));
#2497=IFCSHAPEASPECT((#2496),'Framing',$,.T.,#2247);
#2540=IFCCARTESIANPOINTLIST2D(((0.,0.),(0.,2.),(0.89999997615814209,2.),(0.89999997615814209,0.),(0.87499997578561306,0.),(0.87499997578561306,1.974999999627471),(0.02500000037252903,1.974999999627471),(0.02500000037252903,0.)));
#2541=IFCINDEXEDPOLYCURVE(#2540,(IFCLINEINDEX((1,2,3,4,5,6,7,8,1))),$);
#2542=IFCARBITRARYCLOSEDPROFILEDEF(.AREA.,$,#2541);
#2543=IFCCARTESIANPOINT((0.,0.02500000037252903,0.));
#2544=IFCDIRECTION((0.,-1.,0.));
#2545=IFCDIRECTION((1.,0.,0.));
#2546=IFCAXIS2PLACEMENT3D(#2543,#2544,#2545);
#2547=IFCDIRECTION((0.,0.,-1.));
#2548=IFCEXTRUDEDAREASOLID(#2542,#2546,#2547,0.02500000037252903);
#2549=IFCCARTESIANPOINTLIST2D(((0.,0.),(0.,2.),(0.89999997615814209,2.),(0.89999997615814209,0.),(0.82419198006391525,0.),(0.82419198006391525,1.9241920039057732),(0.075807996094226837,1.9241920039057732),(0.075807996094226837,0.)));
#2550=IFCINDEXEDPOLYCURVE(#2549,(IFCLINEINDEX((1,2,3,4,5,6,7,8,1))),$);
#2551=IFCARBITRARYCLOSEDPROFILEDEF(.AREA.,$,#2550);
#2552=IFCCARTESIANPOINT((0.,0.,0.));
#2553=IFCDIRECTION((0.,-1.,0.));
#2554=IFCDIRECTION((1.,0.,0.));
#2555=IFCAXIS2PLACEMENT3D(#2552,#2553,#2554);
#2556=IFCDIRECTION((0.,0.,-1.));
#2557=IFCEXTRUDEDAREASOLID(#2551,#2555,#2556,0.02500000037252903);
#2558=IFCCARTESIANPOINTLIST2D(((0.,0.),(0.74838398396968842,0.),(0.74838398396968842,0.10000000149011612),(0.,0.10000000149011612)));
#2559=IFCINDEXEDPOLYCURVE(#2558,(IFCLINEINDEX((1,2,3,4,1))),$);
#2560=IFCARBITRARYCLOSEDPROFILEDEF(.AREA.,$,#2559);
#2561=IFCCARTESIANPOINT((0.075807996094226837,0.,0.));
#2562=IFCDIRECTION((0.,0.,1.));
#2563=IFCDIRECTION((1.,0.,0.));
#2564=IFCAXIS2PLACEMENT3D(#2561,#2562,#2563);
#2565=IFCDIRECTION((0.,0.,1.));
#2566=IFCEXTRUDEDAREASOLID(#2560,#2564,#2565,0.02500000037252903);
#2567=IFCCARTESIANPOINTLIST2D(((0.,0.),(0.,2.),(0.89999997615814209,2.),(0.89999997615814209,0.),(0.82499997317790985,0.),(0.82499997317790985,1.9249999970197678),(0.075000002980232239,1.9249999970197678),(0.075000002980232239,0.)));
#2568=IFCINDEXEDPOLYCURVE(#2567,(IFCLINEINDEX((1,2,3,4,5,6,7,8,1))),$);
#2569=IFCARBITRARYCLOSEDPROFILEDEF(.AREA.,$,#2568);
#2570=IFCCARTESIANPOINT((0.,-0.014999999664723873,0.));
#2571=IFCDIRECTION((0.,-1.,0.));
#2572=IFCDIRECTION((1.,0.,0.));
#2573=IFCAXIS2PLACEMENT3D(#2570,#2571,#2572);
#2574=IFCDIRECTION((0.,0.,-1.));
#2575=IFCEXTRUDEDAREASOLID(#2569,#2573,#2574,0.014999999664723873);
#2576=IFCCARTESIANPOINTLIST2D(((0.,0.),(0.,2.),(0.89999997615814209,2.),(0.89999997615814209,0.),(0.87580796889960766,0.),(0.87580796889960766,1.9758079927414656),(0.024192007258534431,1.9758079927414656),(0.024192007258534431,0.)));
#2577=IFCINDEXEDPOLYCURVE(#2576,(IFCLINEINDEX((1,2,3,4,5,6,7,8,1))),$);
#2578=IFCARBITRARYCLOSEDPROFILEDEF(.AREA.,$,#2577);
#2579=IFCCARTESIANPOINT((0.,0.05000000074505806,0.));
#2580=IFCDIRECTION((0.,-1.,0.));
#2581=IFCDIRECTION((1.,0.,0.));
#2582=IFCAXIS2PLACEMENT3D(#2579,#2580,#2581);
#2583=IFCDIRECTION((0.,0.,-1.));
#2584=IFCEXTRUDEDAREASOLID(#2578,#2582,#2583,0.014999999664723873);
#2585=IFCCARTESIANPOINTLIST2D(((0.,0.),(0.84999997541308403,0.),(0.84999997541308403,0.035000000149011612),(0.,0.035000000149011612)));
#2586=IFCINDEXEDPOLYCURVE(#2585,(IFCLINEINDEX((1,2,3,4,1))),$);
#2587=IFCARBITRARYCLOSEDPROFILEDEF(.AREA.,$,#2586);
#2588=IFCCARTESIANPOINT((0.02500000037252903,0.02500000037252903,0.02500000037252903));
#2589=IFCDIRECTION((0.,0.,1.));
#2590=IFCDIRECTION((1.,0.,0.));
#2591=IFCAXIS2PLACEMENT3D(#2588,#2589,#2590);
#2592=IFCDIRECTION((0.,0.,1.));
#2593=IFCEXTRUDEDAREASOLID(#2587,#2591,#2592,1.9499999992549419);
#2594=IFCCARTESIANPOINTLIST2D(((0.,0.),(0.,-0.040000000000000001),(-0.11999999999999988,-0.040000000000000001),(-0.11999999999999988,-0.02),(-0.020000000000000018,-0.02),(-0.020000000000000018,0.)));
#2595=IFCINDEXEDPOLYCURVE(#2594,(IFCLINEINDEX((1,2,3,4,5,6,1))),$);
#2596=IFCARBITRARYCLOSEDPROFILEDEF(.AREA.,$,#2595);
#2597=IFCCARTESIANPOINT((0.82499997578561302,0.02500000037252903,1.015000000372529));
#2598=IFCDIRECTION((0.,0.,1.));
#2599=IFCDIRECTION((1.,0.,0.));
#2600=IFCAXIS2PLACEMENT3D(#2597,#2598,#2599);
#2601=IFCDIRECTION((0.,0.,1.));
#2602=IFCEXTRUDEDAREASOLID(#2596,#2600,#2601,0.02);
#2603=IFCEXTRUDEDAREASOLID(#2604,#2607,#2611,0.02);
#2604=IFCARBITRARYCLOSEDPROFILEDEF(.AREA.,$,#2605);
#2605=IFCINDEXEDPOLYCURVE(#2606,(IFCLINEINDEX((1,2,3,4,5,6,1))),$);
#2606=IFCCARTESIANPOINTLIST2D(((0.,0.),(0.,0.040000000000000008),(-0.11999999999999988,0.040000000000000008),(-0.11999999999999988,0.020000000000000004),(-0.020000000000000018,0.020000000000000004),(-0.020000000000000018,0.)));
#2607=IFCAXIS2PLACEMENT3D(#2608,#2609,#2610);
#2608=IFCCARTESIANPOINT((0.82499997578561302,0.060000000521540642,1.015000000372529));
#2609=IFCDIRECTION((0.,0.,1.));
#2610=IFCDIRECTION((1.,0.,0.));
#2611=IFCDIRECTION((0.,0.,1.));
#2655=IFCCARTESIANPOINTLIST2D(((0.,0.),(0.,2.),(0.89999997615814209,2.),(0.89999997615814209,0.),(0.87499997578561306,0.),(0.87499997578561306,1.974999999627471),(0.02500000037252903,1.974999999627471),(0.02500000037252903,0.)));
#2656=IFCINDEXEDPOLYCURVE(#2655,(IFCLINEINDEX((1,2,3,4,5,6,7,8,1))),$);
#2657=IFCARBITRARYCLOSEDPROFILEDEF(.AREA.,$,#2656);
#2658=IFCCARTESIANPOINT((0.,0.02500000037252903,0.));
#2659=IFCDIRECTION((0.,-1.,0.));
#2660=IFCDIRECTION((1.,0.,0.));
#2661=IFCAXIS2PLACEMENT3D(#2658,#2659,#2660);
#2662=IFCDIRECTION((0.,0.,-1.));
#2663=IFCEXTRUDEDAREASOLID(#2657,#2661,#2662,0.015000006183981895);
#2664=IFCCARTESIANPOINTLIST2D(((0.,0.),(0.,2.),(0.89999997615814209,2.),(0.89999997615814209,0.),(0.82419198006391525,0.),(0.82419198006391525,1.9241920039057732),(0.075807996094226837,1.9241920039057732),(0.075807996094226837,0.)));
#2665=IFCINDEXEDPOLYCURVE(#2664,(IFCLINEINDEX((1,2,3,4,5,6,7,8,1))),$);
#2666=IFCARBITRARYCLOSEDPROFILEDEF(.AREA.,$,#2665);
#2667=IFCCARTESIANPOINT((0.,0.,0.));
#2668=IFCDIRECTION((0.,-1.,0.));
#2669=IFCDIRECTION((1.,0.,0.));
#2670=IFCAXIS2PLACEMENT3D(#2667,#2668,#2669);
#2671=IFCDIRECTION((0.,0.,-1.));
#2672=IFCEXTRUDEDAREASOLID(#2666,#2670,#2671,0.02500000037252903);
#2673=IFCCARTESIANPOINTLIST2D(((0.,0.),(0.74838398396968842,0.),(0.74838398396968842,0.10000000149011612),(0.,0.10000000149011612)));
#2674=IFCINDEXEDPOLYCURVE(#2673,(IFCLINEINDEX((1,2,3,4,1))),$);
#2675=IFCARBITRARYCLOSEDPROFILEDEF(.AREA.,$,#2674);
#2676=IFCCARTESIANPOINT((0.075807996094226837,0.,0.));
#2677=IFCDIRECTION((0.,0.,1.));
#2678=IFCDIRECTION((1.,0.,0.));
#2679=IFCAXIS2PLACEMENT3D(#2676,#2677,#2678);
#2680=IFCDIRECTION((0.,0.,1.));
#2681=IFCEXTRUDEDAREASOLID(#2675,#2679,#2680,0.02500000037252903);
#2682=IFCCARTESIANPOINTLIST2D(((0.,0.),(0.,2.),(0.89999997615814209,2.),(0.89999997615814209,0.),(0.82499997317790985,0.),(0.82499997317790985,1.9249999970197678),(0.075000002980232239,1.9249999970197678),(0.075000002980232239,0.)));
#2683=IFCINDEXEDPOLYCURVE(#2682,(IFCLINEINDEX((1,2,3,4,5,6,7,8,1))),$);
#2684=IFCARBITRARYCLOSEDPROFILEDEF(.AREA.,$,#2683);
#2685=IFCCARTESIANPOINT((0.,-0.014999999664723873,0.));
#2686=IFCDIRECTION((0.,-1.,0.));
#2687=IFCDIRECTION((1.,0.,0.));
#2688=IFCAXIS2PLACEMENT3D(#2685,#2686,#2687);
#2689=IFCDIRECTION((0.,0.,-1.));
#2690=IFCEXTRUDEDAREASOLID(#2684,#2688,#2689,0.014999999664723873);
#2691=IFCCARTESIANPOINTLIST2D(((0.,0.),(0.,2.),(0.89999997615814209,2.),(0.89999997615814209,0.),(0.87580796889960766,0.),(0.87580796889960766,1.9758079927414656),(0.024192007258534431,1.9758079927414656),(0.024192007258534431,0.)));
#2692=IFCINDEXEDPOLYCURVE(#2691,(IFCLINEINDEX((1,2,3,4,5,6,7,8,1))),$);
#2693=IFCARBITRARYCLOSEDPROFILEDEF(.AREA.,$,#2692);
#2694=IFCCARTESIANPOINT((0.,0.040000006556510925,0.));
#2695=IFCDIRECTION((0.,-1.,0.));
#2696=IFCDIRECTION((1.,0.,0.));
#2697=IFCAXIS2PLACEMENT3D(#2694,#2695,#2696);
#2698=IFCDIRECTION((0.,0.,-1.));
#2699=IFCEXTRUDEDAREASOLID(#2693,#2697,#2698,0.014999999664723873);
#2700=IFCCARTESIANPOINTLIST2D(((0.,0.),(0.84999997541308403,0.),(0.84999997541308403,0.035000000149011612),(0.,0.035000000149011612)));
#2701=IFCINDEXEDPOLYCURVE(#2700,(IFCLINEINDEX((1,2,3,4,1))),$);
#2702=IFCARBITRARYCLOSEDPROFILEDEF(.AREA.,$,#2701);
#2703=IFCCARTESIANPOINT((0.02500000037252903,0.02500000037252903,0.02500000037252903));
#2704=IFCDIRECTION((0.,0.,1.));
#2705=IFCDIRECTION((1.,0.,0.));
#2706=IFCAXIS2PLACEMENT3D(#2703,#2704,#2705);
#2707=IFCDIRECTION((0.,0.,1.));
#2708=IFCEXTRUDEDAREASOLID(#2702,#2706,#2707,1.9499999992549419);
#2709=IFCCARTESIANPOINTLIST2D(((0.,0.),(0.,-0.040000000000000001),(-0.11999999999999988,-0.040000000000000001),(-0.11999999999999988,-0.02),(-0.020000000000000018,-0.02),(-0.020000000000000018,0.)));
#2710=IFCINDEXEDPOLYCURVE(#2709,(IFCLINEINDEX((1,2,3,4,5,6,1))),$);
#2711=IFCARBITRARYCLOSEDPROFILEDEF(.AREA.,$,#2710);
#2712=IFCCARTESIANPOINT((0.82499997578561302,0.02500000037252903,1.015000000372529));
#2713=IFCDIRECTION((0.,0.,1.));
#2714=IFCDIRECTION((1.,0.,0.));
#2715=IFCAXIS2PLACEMENT3D(#2712,#2713,#2714);
#2716=IFCDIRECTION((0.,0.,1.));
#2717=IFCEXTRUDEDAREASOLID(#2711,#2715,#2716,0.02);
#2718=IFCEXTRUDEDAREASOLID(#2719,#2722,#2726,0.02);
#2719=IFCARBITRARYCLOSEDPROFILEDEF(.AREA.,$,#2720);
#2720=IFCINDEXEDPOLYCURVE(#2721,(IFCLINEINDEX((1,2,3,4,5,6,1))),$);
#2721=IFCCARTESIANPOINTLIST2D(((0.,0.),(0.,0.040000000000000008),(-0.11999999999999988,0.040000000000000008),(-0.11999999999999988,0.020000000000000004),(-0.020000000000000018,0.020000000000000004),(-0.020000000000000018,0.)));
#2722=IFCAXIS2PLACEMENT3D(#2723,#2724,#2725);
#2723=IFCCARTESIANPOINT((0.82499997578561302,0.060000000521540642,1.015000000372529));
#2724=IFCDIRECTION((0.,0.,1.));
#2725=IFCDIRECTION((1.,0.,0.));
#2726=IFCDIRECTION((0.,0.,1.));
#2785=IFCCARTESIANPOINTLIST2D(((0.,0.),(0.,2.),(0.89999997615814209,2.),(0.89999997615814209,0.),(0.87499997578561306,0.),(0.87499997578561306,1.974999999627471),(0.02500000037252903,1.974999999627471),(0.02500000037252903,0.)));
#2786=IFCINDEXEDPOLYCURVE(#2785,(IFCLINEINDEX((1,2,3,4,5,6,7,8,1))),$);
#2787=IFCARBITRARYCLOSEDPROFILEDEF(.AREA.,$,#2786);
#2788=IFCCARTESIANPOINT((0.,0.02500000037252903,0.));
#2789=IFCDIRECTION((0.,-1.,0.));
#2790=IFCDIRECTION((1.,0.,0.));
#2791=IFCAXIS2PLACEMENT3D(#2788,#2789,#2790);
#2792=IFCDIRECTION((0.,0.,-1.));
#2793=IFCEXTRUDEDAREASOLID(#2787,#2791,#2792,0.015000006183981895);
#2794=IFCCARTESIANPOINTLIST2D(((0.,0.),(0.,2.),(0.89999997615814209,2.),(0.89999997615814209,0.),(0.82419198006391525,0.),(0.82419198006391525,1.9241920039057732),(0.075807996094226837,1.9241920039057732),(0.075807996094226837,0.)));
#2795=IFCINDEXEDPOLYCURVE(#2794,(IFCLINEINDEX((1,2,3,4,5,6,7,8,1))),$);
#2796=IFCARBITRARYCLOSEDPROFILEDEF(.AREA.,$,#2795);
#2797=IFCCARTESIANPOINT((0.,0.,0.));
#2798=IFCDIRECTION((0.,-1.,0.));
#2799=IFCDIRECTION((1.,0.,0.));
#2800=IFCAXIS2PLACEMENT3D(#2797,#2798,#2799);
#2801=IFCDIRECTION((0.,0.,-1.));
#2802=IFCEXTRUDEDAREASOLID(#2796,#2800,#2801,0.02500000037252903);
#2803=IFCCARTESIANPOINTLIST2D(((0.,0.),(0.74838398396968842,0.),(0.74838398396968842,0.10000000149011612),(0.,0.10000000149011612)));
#2804=IFCINDEXEDPOLYCURVE(#2803,(IFCLINEINDEX((1,2,3,4,1))),$);
#2805=IFCARBITRARYCLOSEDPROFILEDEF(.AREA.,$,#2804);
#2806=IFCCARTESIANPOINT((0.075807996094226837,0.,0.));
#2807=IFCDIRECTION((0.,0.,1.));
#2808=IFCDIRECTION((1.,0.,0.));
#2809=IFCAXIS2PLACEMENT3D(#2806,#2807,#2808);
#2810=IFCDIRECTION((0.,0.,1.));
#2811=IFCEXTRUDEDAREASOLID(#2805,#2809,#2810,0.02500000037252903);
#2812=IFCCARTESIANPOINTLIST2D(((0.,0.),(0.,2.),(0.89999997615814209,2.),(0.89999997615814209,0.),(0.82499997317790985,0.),(0.82499997317790985,1.9249999970197678),(0.075000002980232239,1.9249999970197678),(0.075000002980232239,0.)));
#2813=IFCINDEXEDPOLYCURVE(#2812,(IFCLINEINDEX((1,2,3,4,5,6,7,8,1))),$);
#2814=IFCARBITRARYCLOSEDPROFILEDEF(.AREA.,$,#2813);
#2815=IFCCARTESIANPOINT((0.,-0.014999999664723873,0.));
#2816=IFCDIRECTION((0.,-1.,0.));
#2817=IFCDIRECTION((1.,0.,0.));
#2818=IFCAXIS2PLACEMENT3D(#2815,#2816,#2817);
#2819=IFCDIRECTION((0.,0.,-1.));
#2820=IFCEXTRUDEDAREASOLID(#2814,#2818,#2819,0.014999999664723873);
#2821=IFCCARTESIANPOINTLIST2D(((0.,0.),(0.,2.),(0.89999997615814209,2.),(0.89999997615814209,0.),(0.87580796889960766,0.),(0.87580796889960766,1.9758079927414656),(0.024192007258534431,1.9758079927414656),(0.024192007258534431,0.)));
#2822=IFCINDEXEDPOLYCURVE(#2821,(IFCLINEINDEX((1,2,3,4,5,6,7,8,1))),$);
#2823=IFCARBITRARYCLOSEDPROFILEDEF(.AREA.,$,#2822);
#2824=IFCCARTESIANPOINT((0.,0.040000006556510925,0.));
#2825=IFCDIRECTION((0.,-1.,0.));
#2826=IFCDIRECTION((1.,0.,0.));
#2827=IFCAXIS2PLACEMENT3D(#2824,#2825,#2826);
#2828=IFCDIRECTION((0.,0.,-1.));
#2829=IFCEXTRUDEDAREASOLID(#2823,#2827,#2828,0.014999999664723873);
#2830=IFCCARTESIANPOINTLIST2D(((0.,0.),(0.84999997541308403,0.),(0.84999997541308403,0.035000000149011612),(0.,0.035000000149011612)));
#2831=IFCINDEXEDPOLYCURVE(#2830,(IFCLINEINDEX((1,2,3,4,1))),$);
#2832=IFCARBITRARYCLOSEDPROFILEDEF(.AREA.,$,#2831);
#2833=IFCCARTESIANPOINT((0.02500000037252903,0.02500000037252903,0.02500000037252903));
#2834=IFCDIRECTION((0.,0.,1.));
#2835=IFCDIRECTION((1.,0.,0.));
#2836=IFCAXIS2PLACEMENT3D(#2833,#2834,#2835);
#2837=IFCDIRECTION((0.,0.,1.));
#2838=IFCEXTRUDEDAREASOLID(#2832,#2836,#2837,1.9499999992549419);
#2839=IFCCARTESIANPOINTLIST2D(((0.,0.),(0.,-0.040000000000000001),(0.12,-0.040000000000000001),(0.12,-0.02),(0.02,-0.02),(0.02,0.)));
#2840=IFCINDEXEDPOLYCURVE(#2839,(IFCLINEINDEX((1,2,3,4,5,6,1))),$);
#2841=IFCARBITRARYCLOSEDPROFILEDEF(.AREA.,$,#2840);
#2842=IFCCARTESIANPOINT((0.075000000372529033,0.02500000037252903,1.015000000372529));
#2843=IFCDIRECTION((0.,0.,1.));
#2844=IFCDIRECTION((1.,0.,0.));
#2845=IFCAXIS2PLACEMENT3D(#2842,#2843,#2844);
#2846=IFCDIRECTION((0.,0.,1.));
#2847=IFCEXTRUDEDAREASOLID(#2841,#2845,#2846,0.02);
#2848=IFCEXTRUDEDAREASOLID(#2849,#2852,#2856,0.02);
#2849=IFCARBITRARYCLOSEDPROFILEDEF(.AREA.,$,#2850);
#2850=IFCINDEXEDPOLYCURVE(#2851,(IFCLINEINDEX((1,2,3,4,5,6,1))),$);
#2851=IFCCARTESIANPOINTLIST2D(((0.,0.),(0.,0.040000000000000008),(0.11999999999999998,0.040000000000000008),(0.11999999999999998,0.020000000000000004),(0.020000000000000004,0.020000000000000004),(0.020000000000000004,0.)));
#2852=IFCAXIS2PLACEMENT3D(#2853,#2854,#2855);
#2853=IFCCARTESIANPOINT((0.075000000372529033,0.060000000521540642,1.015000000372529));
#2854=IFCDIRECTION((0.,0.,1.));
#2855=IFCDIRECTION((1.,0.,0.));
#2856=IFCDIRECTION((0.,0.,1.));
#2900=IFCCARTESIANPOINTLIST2D(((0.,0.),(0.,2.),(0.89999997615814209,2.),(0.89999997615814209,0.),(0.87499997578561306,0.),(0.87499997578561306,1.974999999627471),(0.02500000037252903,1.974999999627471),(0.02500000037252903,0.)));
#2901=IFCINDEXEDPOLYCURVE(#2900,(IFCLINEINDEX((1,2,3,4,5,6,7,8,1))),$);
#2902=IFCARBITRARYCLOSEDPROFILEDEF(.AREA.,$,#2901);
#2903=IFCCARTESIANPOINT((0.,0.02500000037252903,0.));
#2904=IFCDIRECTION((0.,-1.,0.));
#2905=IFCDIRECTION((1.,0.,0.));
#2906=IFCAXIS2PLACEMENT3D(#2903,#2904,#2905);
#2907=IFCDIRECTION((0.,0.,-1.));
#2908=IFCEXTRUDEDAREASOLID(#2902,#2906,#2907,0.015000006183981895);
#2909=IFCCARTESIANPOINTLIST2D(((0.,0.),(0.,2.),(0.89999997615814209,2.),(0.89999997615814209,0.),(0.82419198006391525,0.),(0.82419198006391525,1.9241920039057732),(0.075807996094226837,1.9241920039057732),(0.075807996094226837,0.)));
#2910=IFCINDEXEDPOLYCURVE(#2909,(IFCLINEINDEX((1,2,3,4,5,6,7,8,1))),$);
#2911=IFCARBITRARYCLOSEDPROFILEDEF(.AREA.,$,#2910);
#2912=IFCCARTESIANPOINT((0.,0.,0.));
#2913=IFCDIRECTION((0.,-1.,0.));
#2914=IFCDIRECTION((1.,0.,0.));
#2915=IFCAXIS2PLACEMENT3D(#2912,#2913,#2914);
#2916=IFCDIRECTION((0.,0.,-1.));
#2917=IFCEXTRUDEDAREASOLID(#2911,#2915,#2916,0.02500000037252903);
#2918=IFCCARTESIANPOINTLIST2D(((0.,0.),(0.74838398396968842,0.),(0.74838398396968842,0.10000000149011612),(0.,0.10000000149011612)));
#2919=IFCINDEXEDPOLYCURVE(#2918,(IFCLINEINDEX((1,2,3,4,1))),$);
#2920=IFCARBITRARYCLOSEDPROFILEDEF(.AREA.,$,#2919);
#2921=IFCCARTESIANPOINT((0.075807996094226837,0.,0.));
#2922=IFCDIRECTION((0.,0.,1.));
#2923=IFCDIRECTION((1.,0.,0.));
#2924=IFCAXIS2PLACEMENT3D(#2921,#2922,#2923);
#2925=IFCDIRECTION((0.,0.,1.));
#2926=IFCEXTRUDEDAREASOLID(#2920,#2924,#2925,0.02500000037252903);
#2927=IFCCARTESIANPOINTLIST2D(((0.,0.),(0.,2.),(0.89999997615814209,2.),(0.89999997615814209,0.),(0.82499997317790985,0.),(0.82499997317790985,1.9249999970197678),(0.075000002980232239,1.9249999970197678),(0.075000002980232239,0.)));
#2928=IFCINDEXEDPOLYCURVE(#2927,(IFCLINEINDEX((1,2,3,4,5,6,7,8,1))),$);
#2929=IFCARBITRARYCLOSEDPROFILEDEF(.AREA.,$,#2928);
#2930=IFCCARTESIANPOINT((0.,-0.014999999664723873,0.));
#2931=IFCDIRECTION((0.,-1.,0.));
#2932=IFCDIRECTION((1.,0.,0.));
#2933=IFCAXIS2PLACEMENT3D(#2930,#2931,#2932);
#2934=IFCDIRECTION((0.,0.,-1.));
#2935=IFCEXTRUDEDAREASOLID(#2929,#2933,#2934,0.014999999664723873);
#2936=IFCCARTESIANPOINTLIST2D(((0.,0.),(0.,2.),(0.89999997615814209,2.),(0.89999997615814209,0.),(0.87580796889960766,0.),(0.87580796889960766,1.9758079927414656),(0.024192007258534431,1.9758079927414656),(0.024192007258534431,0.)));
#2937=IFCINDEXEDPOLYCURVE(#2936,(IFCLINEINDEX((1,2,3,4,5,6,7,8,1))),$);
#2938=IFCARBITRARYCLOSEDPROFILEDEF(.AREA.,$,#2937);
#2939=IFCCARTESIANPOINT((0.,0.040000006556510925,0.));
#2940=IFCDIRECTION((0.,-1.,0.));
#2941=IFCDIRECTION((1.,0.,0.));
#2942=IFCAXIS2PLACEMENT3D(#2939,#2940,#2941);
#2943=IFCDIRECTION((0.,0.,-1.));
#2944=IFCEXTRUDEDAREASOLID(#2938,#2942,#2943,0.014999999664723873);
#2945=IFCCARTESIANPOINTLIST2D(((0.,0.),(0.84999997541308403,0.),(0.84999997541308403,0.035000000149011612),(0.,0.035000000149011612)));
#2946=IFCINDEXEDPOLYCURVE(#2945,(IFCLINEINDEX((1,2,3,4,1))),$);
#2947=IFCARBITRARYCLOSEDPROFILEDEF(.AREA.,$,#2946);
#2948=IFCCARTESIANPOINT((0.02500000037252903,0.02500000037252903,0.02500000037252903));
#2949=IFCDIRECTION((0.,0.,1.));
#2950=IFCDIRECTION((1.,0.,0.));
#2951=IFCAXIS2PLACEMENT3D(#2948,#2949,#2950);
#2952=IFCDIRECTION((0.,0.,1.));
#2953=IFCEXTRUDEDAREASOLID(#2947,#2951,#2952,1.9499999992549419);
#2954=IFCCARTESIANPOINTLIST2D(((0.,0.),(0.,-0.040000000000000001),(0.12,-0.040000000000000001),(0.12,-0.02),(0.02,-0.02),(0.02,0.)));
#2955=IFCINDEXEDPOLYCURVE(#2954,(IFCLINEINDEX((1,2,3,4,5,6,1))),$);
#2956=IFCARBITRARYCLOSEDPROFILEDEF(.AREA.,$,#2955);
#2957=IFCCARTESIANPOINT((0.075000000372529033,0.02500000037252903,1.015000000372529));
#2958=IFCDIRECTION((0.,0.,1.));
#2959=IFCDIRECTION((1.,0.,0.));
#2960=IFCAXIS2PLACEMENT3D(#2957,#2958,#2959);
#2961=IFCDIRECTION((0.,0.,1.));
#2962=IFCEXTRUDEDAREASOLID(#2956,#2960,#2961,0.02);
#2963=IFCEXTRUDEDAREASOLID(#2964,#2967,#2971,0.02);
#2964=IFCARBITRARYCLOSEDPROFILEDEF(.AREA.,$,#2965);
#2965=IFCINDEXEDPOLYCURVE(#2966,(IFCLINEINDEX((1,2,3,4,5,6,1))),$);
#2966=IFCCARTESIANPOINTLIST2D(((0.,0.),(0.,0.040000000000000008),(0.11999999999999998,0.040000000000000008),(0.11999999999999998,0.020000000000000004),(0.020000000000000004,0.020000000000000004),(0.020000000000000004,0.)));
#2967=IFCAXIS2PLACEMENT3D(#2968,#2969,#2970);
#2968=IFCCARTESIANPOINT((0.075000000372529033,0.060000000521540642,1.015000000372529));
#2969=IFCDIRECTION((0.,0.,1.));
#2970=IFCDIRECTION((1.,0.,0.));
#2971=IFCDIRECTION((0.,0.,1.));
#3015=IFCCARTESIANPOINTLIST2D(((0.,0.),(0.,2.),(0.89999997615814209,2.),(0.89999997615814209,0.),(0.87499997578561306,0.),(0.87499997578561306,1.974999999627471),(0.02500000037252903,1.974999999627471),(0.02500000037252903,0.)));
#3016=IFCINDEXEDPOLYCURVE(#3015,(IFCLINEINDEX((1,2,3,4,5,6,7,8,1))),$);
#3017=IFCARBITRARYCLOSEDPROFILEDEF(.AREA.,$,#3016);
#3018=IFCCARTESIANPOINT((0.,0.02500000037252903,0.));
#3019=IFCDIRECTION((0.,-1.,0.));
#3020=IFCDIRECTION((1.,0.,0.));
#3021=IFCAXIS2PLACEMENT3D(#3018,#3019,#3020);
#3022=IFCDIRECTION((0.,0.,-1.));
#3023=IFCEXTRUDEDAREASOLID(#3017,#3021,#3022,0.015000006183981895);
#3024=IFCCARTESIANPOINTLIST2D(((0.,0.),(0.,2.),(0.89999997615814209,2.),(0.89999997615814209,0.),(0.82419198006391525,0.),(0.82419198006391525,1.9241920039057732),(0.075807996094226837,1.9241920039057732),(0.075807996094226837,0.)));
#3025=IFCINDEXEDPOLYCURVE(#3024,(IFCLINEINDEX((1,2,3,4,5,6,7,8,1))),$);
#3026=IFCARBITRARYCLOSEDPROFILEDEF(.AREA.,$,#3025);
#3027=IFCCARTESIANPOINT((0.,0.,0.));
#3028=IFCDIRECTION((0.,-1.,0.));
#3029=IFCDIRECTION((1.,0.,0.));
#3030=IFCAXIS2PLACEMENT3D(#3027,#3028,#3029);
#3031=IFCDIRECTION((0.,0.,-1.));
#3032=IFCEXTRUDEDAREASOLID(#3026,#3030,#3031,0.02500000037252903);
#3033=IFCCARTESIANPOINTLIST2D(((0.,0.),(0.74838398396968842,0.),(0.74838398396968842,0.10000000149011612),(0.,0.10000000149011612)));
#3034=IFCINDEXEDPOLYCURVE(#3033,(IFCLINEINDEX((1,2,3,4,1))),$);
#3035=IFCARBITRARYCLOSEDPROFILEDEF(.AREA.,$,#3034);
#3036=IFCCARTESIANPOINT((0.075807996094226837,0.,0.));
#3037=IFCDIRECTION((0.,0.,1.));
#3038=IFCDIRECTION((1.,0.,0.));
#3039=IFCAXIS2PLACEMENT3D(#3036,#3037,#3038);
#3040=IFCDIRECTION((0.,0.,1.));
#3041=IFCEXTRUDEDAREASOLID(#3035,#3039,#3040,0.02500000037252903);
#3042=IFCCARTESIANPOINTLIST2D(((0.,0.),(0.,2.),(0.89999997615814209,2.),(0.89999997615814209,0.),(0.82499997317790985,0.),(0.82499997317790985,1.9249999970197678),(0.075000002980232239,1.9249999970197678),(0.075000002980232239,0.)));
#3043=IFCINDEXEDPOLYCURVE(#3042,(IFCLINEINDEX((1,2,3,4,5,6,7,8,1))),$);
#3044=IFCARBITRARYCLOSEDPROFILEDEF(.AREA.,$,#3043);
#3045=IFCCARTESIANPOINT((0.,-0.0010000000474974513,0.));
#3046=IFCDIRECTION((0.,-1.,0.));
#3047=IFCDIRECTION((1.,0.,0.));
#3048=IFCAXIS2PLACEMENT3D(#3045,#3046,#3047);
#3049=IFCDIRECTION((0.,0.,-1.));
#3050=IFCEXTRUDEDAREASOLID(#3044,#3048,#3049,0.0010000000474974513);
#3051=IFCCARTESIANPOINTLIST2D(((0.,0.),(0.,2.),(0.89999997615814209,2.),(0.89999997615814209,0.),(0.87580796889960766,0.),(0.87580796889960766,1.9758079927414656),(0.024192007258534431,1.9758079927414656),(0.024192007258534431,0.)));
#3052=IFCINDEXEDPOLYCURVE(#3051,(IFCLINEINDEX((1,2,3,4,5,6,7,8,1))),$);
#3053=IFCARBITRARYCLOSEDPROFILEDEF(.AREA.,$,#3052);
#3054=IFCCARTESIANPOINT((0.,0.040000006556510925,0.));
#3055=IFCDIRECTION((0.,-1.,0.));
#3056=IFCDIRECTION((1.,0.,0.));
#3057=IFCAXIS2PLACEMENT3D(#3054,#3055,#3056);
#3058=IFCDIRECTION((0.,0.,-1.));
#3059=IFCEXTRUDEDAREASOLID(#3053,#3057,#3058,0.0010000000474974513);
#3060=IFCCARTESIANPOINTLIST2D(((0.,0.),(0.84999997541308403,0.),(0.84999997541308403,0.035000000149011612),(0.,0.035000000149011612)));
#3061=IFCINDEXEDPOLYCURVE(#3060,(IFCLINEINDEX((1,2,3,4,1))),$);
#3062=IFCARBITRARYCLOSEDPROFILEDEF(.AREA.,$,#3061);
#3063=IFCCARTESIANPOINT((0.02500000037252903,0.02500000037252903,0.02500000037252903));
#3064=IFCDIRECTION((0.,0.,1.));
#3065=IFCDIRECTION((1.,0.,0.));
#3066=IFCAXIS2PLACEMENT3D(#3063,#3064,#3065);
#3067=IFCDIRECTION((0.,0.,1.));
#3068=IFCEXTRUDEDAREASOLID(#3062,#3066,#3067,1.9499999992549419);
#3069=IFCCARTESIANPOINTLIST2D(((0.,0.),(0.,-0.040000000000000001),(0.12,-0.040000000000000001),(0.12,-0.02),(0.02,-0.02),(0.02,0.)));
#3070=IFCINDEXEDPOLYCURVE(#3069,(IFCLINEINDEX((1,2,3,4,5,6,1))),$);
#3071=IFCARBITRARYCLOSEDPROFILEDEF(.AREA.,$,#3070);
#3072=IFCCARTESIANPOINT((0.075000000372529033,0.02500000037252903,1.015000000372529));
#3073=IFCDIRECTION((0.,0.,1.));
#3074=IFCDIRECTION((1.,0.,0.));
#3075=IFCAXIS2PLACEMENT3D(#3072,#3073,#3074);
#3076=IFCDIRECTION((0.,0.,1.));
#3077=IFCEXTRUDEDAREASOLID(#3071,#3075,#3076,0.02);
#3078=IFCEXTRUDEDAREASOLID(#3079,#3082,#3086,0.02);
#3079=IFCARBITRARYCLOSEDPROFILEDEF(.AREA.,$,#3080);
#3080=IFCINDEXEDPOLYCURVE(#3081,(IFCLINEINDEX((1,2,3,4,5,6,1))),$);
#3081=IFCCARTESIANPOINTLIST2D(((0.,0.),(0.,0.040000000000000008),(0.11999999999999998,0.040000000000000008),(0.11999999999999998,0.020000000000000004),(0.020000000000000004,0.020000000000000004),(0.020000000000000004,0.)));
#3082=IFCAXIS2PLACEMENT3D(#3083,#3084,#3085);
#3083=IFCCARTESIANPOINT((0.075000000372529033,0.060000000521540642,1.015000000372529));
#3084=IFCDIRECTION((0.,0.,1.));
#3085=IFCDIRECTION((1.,0.,0.));
#3086=IFCDIRECTION((0.,0.,1.));
#3130=IFCCARTESIANPOINTLIST2D(((0.,0.),(0.,2.),(0.89999997615814209,2.),(0.89999997615814209,0.),(0.87499997578561306,0.),(0.87499997578561306,1.974999999627471),(0.02500000037252903,1.974999999627471),(0.02500000037252903,0.)));
#3131=IFCINDEXEDPOLYCURVE(#3130,(IFCLINEINDEX((1,2,3,4,5,6,7,8,1))),$);
#3132=IFCARBITRARYCLOSEDPROFILEDEF(.AREA.,$,#3131);
#3133=IFCCARTESIANPOINT((0.,0.02500000037252903,0.));
#3134=IFCDIRECTION((0.,-1.,0.));
#3135=IFCDIRECTION((1.,0.,0.));
#3136=IFCAXIS2PLACEMENT3D(#3133,#3134,#3135);
#3137=IFCDIRECTION((0.,0.,-1.));
#3138=IFCEXTRUDEDAREASOLID(#3132,#3136,#3137,0.02500000037252903);
#3139=IFCCARTESIANPOINTLIST2D(((0.,0.),(0.,2.),(0.89999997615814209,2.),(0.89999997615814209,0.),(0.84419197589159012,0.),(0.84419197589159012,1.944191999733448),(0.055808000266551971,1.944191999733448),(0.055808000266551971,0.)));
#3140=IFCINDEXEDPOLYCURVE(#3139,(IFCLINEINDEX((1,2,3,4,5,6,7,8,1))),$);
#3141=IFCARBITRARYCLOSEDPROFILEDEF(.AREA.,$,#3140);
#3142=IFCCARTESIANPOINT((0.,0.,0.));
#3143=IFCDIRECTION((0.,-1.,0.));
#3144=IFCDIRECTION((1.,0.,0.));
#3145=IFCAXIS2PLACEMENT3D(#3142,#3143,#3144);
#3146=IFCDIRECTION((0.,0.,-1.));
#3147=IFCEXTRUDEDAREASOLID(#3141,#3145,#3146,0.02500000037252903);
#3148=IFCCARTESIANPOINTLIST2D(((0.,0.),(0.78838397562503815,0.),(0.78838397562503815,0.10000000149011612),(0.,0.10000000149011612)));
#3149=IFCINDEXEDPOLYCURVE(#3148,(IFCLINEINDEX((1,2,3,4,1))),$);
#3150=IFCARBITRARYCLOSEDPROFILEDEF(.AREA.,$,#3149);
#3151=IFCCARTESIANPOINT((0.055808000266551971,0.,0.));
#3152=IFCDIRECTION((0.,0.,1.));
#3153=IFCDIRECTION((1.,0.,0.));
#3154=IFCAXIS2PLACEMENT3D(#3151,#3152,#3153);
#3155=IFCDIRECTION((0.,0.,1.));
#3156=IFCEXTRUDEDAREASOLID(#3150,#3154,#3155,0.02500000037252903);
#3157=IFCCARTESIANPOINTLIST2D(((0.,0.),(0.,2.0391919985413551),(0.97838397324085236,2.0391919985413551),(0.97838397324085236,0.),(0.88338397443294525,0.),(0.88338397443294525,1.944191999733448),(0.094999998807907104,1.944191999733448),(0.094999998807907104,0.)));
#3158=IFCINDEXEDPOLYCURVE(#3157,(IFCLINEINDEX((1,2,3,4,5,6,7,8,1))),$);
#3159=IFCARBITRARYCLOSEDPROFILEDEF(.AREA.,$,#3158);
#3160=IFCCARTESIANPOINT((-0.039191998541355133,-0.014999999664723873,0.));
#3161=IFCDIRECTION((0.,-1.,0.));
#3162=IFCDIRECTION((1.,0.,0.));
#3163=IFCAXIS2PLACEMENT3D(#3160,#3161,#3162);
#3164=IFCDIRECTION((0.,0.,-1.));
#3165=IFCEXTRUDEDAREASOLID(#3159,#3163,#3164,0.014999999664723873);
#3166=IFCCARTESIANPOINTLIST2D(((0.,0.),(0.,2.0391919985413551),(0.97838397324085236,2.0391919985413551),(0.97838397324085236,0.),(0.91419197432696819,0.),(0.91419197432696819,1.974999999627471),(0.064191998913884163,1.974999999627471),(0.064191998913884163,0.)));
#3167=IFCINDEXEDPOLYCURVE(#3166,(IFCLINEINDEX((1,2,3,4,5,6,7,8,1))),$);
#3168=IFCARBITRARYCLOSEDPROFILEDEF(.AREA.,$,#3167);
#3169=IFCCARTESIANPOINT((-0.039191998541355133,0.05000000074505806,0.));
#3170=IFCDIRECTION((0.,-1.,0.));
#3171=IFCDIRECTION((1.,0.,0.));
#3172=IFCAXIS2PLACEMENT3D(#3169,#3170,#3171);
#3173=IFCDIRECTION((0.,0.,-1.));
#3174=IFCEXTRUDEDAREASOLID(#3168,#3172,#3173,0.014999999664723873);
#3175=IFCCARTESIANPOINTLIST2D(((0.,0.),(0.84999997541308403,0.),(0.84999997541308403,0.035000000149011612),(0.,0.035000000149011612)));
#3176=IFCINDEXEDPOLYCURVE(#3175,(IFCLINEINDEX((1,2,3,4,1))),$);
#3177=IFCARBITRARYCLOSEDPROFILEDEF(.AREA.,$,#3176);
#3178=IFCCARTESIANPOINT((0.02500000037252903,0.02500000037252903,0.02500000037252903));
#3179=IFCDIRECTION((0.,0.,1.));
#3180=IFCDIRECTION((1.,0.,0.));
#3181=IFCAXIS2PLACEMENT3D(#3178,#3179,#3180);
#3182=IFCDIRECTION((0.,0.,1.));
#3183=IFCEXTRUDEDAREASOLID(#3177,#3181,#3182,1.9499999992549419);
#3184=IFCCARTESIANPOINTLIST2D(((0.,0.),(0.,-0.040000000000000001),(-0.11999999999999988,-0.040000000000000001),(-0.11999999999999988,-0.02),(-0.020000000000000018,-0.02),(-0.020000000000000018,0.)));
#3185=IFCINDEXEDPOLYCURVE(#3184,(IFCLINEINDEX((1,2,3,4,5,6,1))),$);
#3186=IFCARBITRARYCLOSEDPROFILEDEF(.AREA.,$,#3185);
#3187=IFCCARTESIANPOINT((0.82499997578561302,0.02500000037252903,1.015000000372529));
#3188=IFCDIRECTION((0.,0.,1.));
#3189=IFCDIRECTION((1.,0.,0.));
#3190=IFCAXIS2PLACEMENT3D(#3187,#3188,#3189);
#3191=IFCDIRECTION((0.,0.,1.));
#3192=IFCEXTRUDEDAREASOLID(#3186,#3190,#3191,0.02);
#3193=IFCEXTRUDEDAREASOLID(#3194,#3197,#3201,0.02);
#3194=IFCARBITRARYCLOSEDPROFILEDEF(.AREA.,$,#3195);
#3195=IFCINDEXEDPOLYCURVE(#3196,(IFCLINEINDEX((1,2,3,4,5,6,1))),$);
#3196=IFCCARTESIANPOINTLIST2D(((0.,0.),(0.,0.040000000000000008),(-0.11999999999999988,0.040000000000000008),(-0.11999999999999988,0.020000000000000004),(-0.020000000000000018,0.020000000000000004),(-0.020000000000000018,0.)));
#3197=IFCAXIS2PLACEMENT3D(#3198,#3199,#3200);
#3198=IFCCARTESIANPOINT((0.82499997578561302,0.060000000521540642,1.015000000372529));
#3199=IFCDIRECTION((0.,0.,1.));
#3200=IFCDIRECTION((1.,0.,0.));
#3201=IFCDIRECTION((0.,0.,1.));
#3242=IFCDOORTYPE('19$ZUpH9H9fgkHaABrrldL',$,'Bathroom-GF',$,$,(#3243),(#3245,#3253,#3331),$,$,.DOOR.,.SINGLE_SWING_LEFT.,$,$);
#3243=IFCPROPERTYSET('3fa5My1nrAfwXG89pE74CC',$,'BBIM_Door',$,(#3244));
#3244=IFCPROPERTYSINGLEVALUE('Data',$,IFCTEXT('{"door_type": "SINGLE_SWING_LEFT", "overall_height": 2.0, "overall_width": 0.650370717048645, "lining_properties": {"lining_depth": 0.040000006556510925, "lining_thickness": 0.07580799609422684, "lining_offset": 0.0, "lining_to_panel_offset_x": 0.02500000037252903, "lining_to_panel_offset_y": 0.02500000037252903, "transom_thickness": 0.0, "casing_thickness": 0.07500000298023224, "casing_depth": 0.0010000000474974513, "threshold_thickness": 0.02500000037252903, "threshold_depth": 0.10000000149011612, "threshold_offset": 0.0}, "panel_properties": {"panel_depth": 0.03500000014901161, "panel_width_ratio": 1.0}}'),$);
#3245=IFCREPRESENTATIONMAP(#3246,#4801);
#3246=IFCAXIS2PLACEMENT3D(#3247,#3248,#3249);
#3247=IFCCARTESIANPOINT((0.,0.,0.));
#3248=IFCDIRECTION((0.,0.,1.));
#3249=IFCDIRECTION((1.,0.,0.));
#3253=IFCREPRESENTATIONMAP(#3254,#4874);
#3254=IFCAXIS2PLACEMENT3D(#3255,#3256,#3257);
#3255=IFCCARTESIANPOINT((0.,0.,0.));
#3256=IFCDIRECTION((0.,0.,1.));
#3257=IFCDIRECTION((1.,0.,0.));
#3331=IFCREPRESENTATIONMAP(#3332,#4888);
#3332=IFCAXIS2PLACEMENT3D(#3333,#3334,#3335);
#3333=IFCCARTESIANPOINT((0.,0.,0.));
#3334=IFCDIRECTION((0.,0.,1.));
#3335=IFCDIRECTION((1.,0.,0.));
#3350=IFCDOOR('2KhEjm_PT1hx8ZpuNHV7dS',$,'Door',$,$,#4913,#3359,$,2.,0.65037071704864502,$,.SINGLE_SWING_LEFT.,$);
#3351=IFCRELDEFINESBYTYPE('0YCsOnmPv4tex6aJxJpujE',$,$,$,(#3350),#3242);
#3352=IFCCARTESIANPOINT((0.,0.,0.));
#3353=IFCDIRECTION((1.,0.,0.));
#3354=IFCDIRECTION((0.,1.,0.));
#3355=IFCDIRECTION((0.,0.,1.));
#3356=IFCCARTESIANTRANSFORMATIONOPERATOR3D(#3353,#3354,#3352,1.,#3355);
#3357=IFCMAPPEDITEM(#3245,#3356);
#3358=IFCSHAPEREPRESENTATION(#18,'Profile','MappedRepresentation',(#3357));
#3359=IFCPRODUCTDEFINITIONSHAPE($,$,(#3358,#3366,#3373));
#3360=IFCCARTESIANPOINT((0.,0.,0.));
#3361=IFCDIRECTION((1.,0.,0.));
#3362=IFCDIRECTION((0.,1.,0.));
#3363=IFCDIRECTION((0.,0.,1.));
#3364=IFCCARTESIANTRANSFORMATIONOPERATOR3D(#3361,#3362,#3360,1.,#3363);
#3365=IFCMAPPEDITEM(#3253,#3364);
#3366=IFCSHAPEREPRESENTATION(#11,'Body','MappedRepresentation',(#3365));
#3367=IFCCARTESIANPOINT((0.,0.,0.));
#3368=IFCDIRECTION((1.,0.,0.));
#3369=IFCDIRECTION((0.,1.,0.));
#3370=IFCDIRECTION((0.,0.,1.));
#3371=IFCCARTESIANTRANSFORMATIONOPERATOR3D(#3368,#3369,#3367,1.,#3370);
#3372=IFCMAPPEDITEM(#3331,#3371);
#3373=IFCSHAPEREPRESENTATION(#24,'Body','MappedRepresentation',(#3372));
#3374=IFCOPENINGELEMENT('1XtmBCk2b8qRAsnUZSA0O_',$,'Opening',$,$,#4908,#3402,$,.OPENING.);
#3390=IFCCARTESIANPOINT((0.,0.,0.));
#3391=IFCDIRECTION((1.,0.,0.));
#3392=IFCDIRECTION((0.,0.,1.));
#3393=IFCAXIS2PLACEMENT3D(#3390,#3392,#3391);
#3394=IFCREPRESENTATIONMAP(#3393,#4898);
#3395=IFCCARTESIANPOINT((0.,0.,0.));
#3396=IFCDIRECTION((1.,0.,0.));
#3397=IFCDIRECTION((0.,1.,0.));
#3398=IFCDIRECTION((0.,0.,1.));
#3399=IFCCARTESIANTRANSFORMATIONOPERATOR3D(#3396,#3397,#3395,1.,#3398);
#3400=IFCMAPPEDITEM(#3394,#3399);
#3401=IFCSHAPEREPRESENTATION(#11,'Body','MappedRepresentation',(#3400));
#3402=IFCPRODUCTDEFINITIONSHAPE($,$,(#3401));
#3403=IFCRELVOIDSELEMENT('3zu8FY_yX51Ao40oMhcpzl',$,$,$,#1040,#3374);
#3409=IFCRELFILLSELEMENT('2jjjb6UkP26PTwK2eZAOxZ',$,$,$,#3374,#3350);
#3418=IFCCARTESIANPOINTLIST2D(((0.,0.),(0.,2.),(0.89999997615814209,2.),(0.89999997615814209,0.),(0.87499997578561306,0.),(0.87499997578561306,1.974999999627471),(0.02500000037252903,1.974999999627471),(0.02500000037252903,0.)));
#3419=IFCINDEXEDPOLYCURVE(#3418,(IFCLINEINDEX((1,2,3,4,5,6,7,8,1))),$);
#3420=IFCARBITRARYCLOSEDPROFILEDEF(.AREA.,$,#3419);
#3421=IFCCARTESIANPOINT((0.,0.02500000037252903,0.));
#3422=IFCDIRECTION((0.,-1.,0.));
#3423=IFCDIRECTION((1.,0.,0.));
#3424=IFCAXIS2PLACEMENT3D(#3421,#3422,#3423);
#3425=IFCDIRECTION((0.,0.,-1.));
#3426=IFCEXTRUDEDAREASOLID(#3420,#3424,#3425,0.015000006183981895);
#3427=IFCCARTESIANPOINTLIST2D(((0.,0.),(0.,2.),(0.89999997615814209,2.),(0.89999997615814209,0.),(0.82419198006391525,0.),(0.82419198006391525,1.9241920039057732),(0.075807996094226837,1.9241920039057732),(0.075807996094226837,0.)));
#3428=IFCINDEXEDPOLYCURVE(#3427,(IFCLINEINDEX((1,2,3,4,5,6,7,8,1))),$);
#3429=IFCARBITRARYCLOSEDPROFILEDEF(.AREA.,$,#3428);
#3430=IFCCARTESIANPOINT((0.,0.,0.));
#3431=IFCDIRECTION((0.,-1.,0.));
#3432=IFCDIRECTION((1.,0.,0.));
#3433=IFCAXIS2PLACEMENT3D(#3430,#3431,#3432);
#3434=IFCDIRECTION((0.,0.,-1.));
#3435=IFCEXTRUDEDAREASOLID(#3429,#3433,#3434,0.02500000037252903);
#3436=IFCCARTESIANPOINTLIST2D(((0.,0.),(0.74838398396968842,0.),(0.74838398396968842,0.10000000149011612),(0.,0.10000000149011612)));
#3437=IFCINDEXEDPOLYCURVE(#3436,(IFCLINEINDEX((1,2,3,4,1))),$);
#3438=IFCARBITRARYCLOSEDPROFILEDEF(.AREA.,$,#3437);
#3439=IFCCARTESIANPOINT((0.075807996094226837,0.,0.));
#3440=IFCDIRECTION((0.,0.,1.));
#3441=IFCDIRECTION((1.,0.,0.));
#3442=IFCAXIS2PLACEMENT3D(#3439,#3440,#3441);
#3443=IFCDIRECTION((0.,0.,1.));
#3444=IFCEXTRUDEDAREASOLID(#3438,#3442,#3443,0.02500000037252903);
#3445=IFCCARTESIANPOINTLIST2D(((0.,0.),(0.,2.),(0.89999997615814209,2.),(0.89999997615814209,0.),(0.82499997317790985,0.),(0.82499997317790985,1.9249999970197678),(0.075000002980232239,1.9249999970197678),(0.075000002980232239,0.)));
#3446=IFCINDEXEDPOLYCURVE(#3445,(IFCLINEINDEX((1,2,3,4,5,6,7,8,1))),$);
#3447=IFCARBITRARYCLOSEDPROFILEDEF(.AREA.,$,#3446);
#3448=IFCCARTESIANPOINT((0.,-0.0010000000474974513,0.));
#3449=IFCDIRECTION((0.,-1.,0.));
#3450=IFCDIRECTION((1.,0.,0.));
#3451=IFCAXIS2PLACEMENT3D(#3448,#3449,#3450);
#3452=IFCDIRECTION((0.,0.,-1.));
#3453=IFCEXTRUDEDAREASOLID(#3447,#3451,#3452,0.0010000000474974513);
#3454=IFCCARTESIANPOINTLIST2D(((0.,0.),(0.,2.),(0.89999997615814209,2.),(0.89999997615814209,0.),(0.87580796889960766,0.),(0.87580796889960766,1.9758079927414656),(0.024192007258534431,1.9758079927414656),(0.024192007258534431,0.)));
#3455=IFCINDEXEDPOLYCURVE(#3454,(IFCLINEINDEX((1,2,3,4,5,6,7,8,1))),$);
#3456=IFCARBITRARYCLOSEDPROFILEDEF(.AREA.,$,#3455);
#3457=IFCCARTESIANPOINT((0.,0.040000006556510925,0.));
#3458=IFCDIRECTION((0.,-1.,0.));
#3459=IFCDIRECTION((1.,0.,0.));
#3460=IFCAXIS2PLACEMENT3D(#3457,#3458,#3459);
#3461=IFCDIRECTION((0.,0.,-1.));
#3462=IFCEXTRUDEDAREASOLID(#3456,#3460,#3461,0.0010000000474974513);
#3463=IFCCARTESIANPOINTLIST2D(((0.,0.),(0.84999997541308403,0.),(0.84999997541308403,0.035000000149011612),(0.,0.035000000149011612)));
#3464=IFCINDEXEDPOLYCURVE(#3463,(IFCLINEINDEX((1,2,3,4,1))),$);
#3465=IFCARBITRARYCLOSEDPROFILEDEF(.AREA.,$,#3464);
#3466=IFCCARTESIANPOINT((0.02500000037252903,0.02500000037252903,0.02500000037252903));
#3467=IFCDIRECTION((0.,0.,1.));
#3468=IFCDIRECTION((1.,0.,0.));
#3469=IFCAXIS2PLACEMENT3D(#3466,#3467,#3468);
#3470=IFCDIRECTION((0.,0.,1.));
#3471=IFCEXTRUDEDAREASOLID(#3465,#3469,#3470,1.9499999992549419);
#3472=IFCCARTESIANPOINTLIST2D(((0.,0.),(0.,-0.040000000000000001),(0.12,-0.040000000000000001),(0.12,-0.02),(0.02,-0.02),(0.02,0.)));
#3473=IFCINDEXEDPOLYCURVE(#3472,(IFCLINEINDEX((1,2,3,4,5,6,1))),$);
#3474=IFCARBITRARYCLOSEDPROFILEDEF(.AREA.,$,#3473);
#3475=IFCCARTESIANPOINT((0.075000000372529033,0.02500000037252903,1.015000000372529));
#3476=IFCDIRECTION((0.,0.,1.));
#3477=IFCDIRECTION((1.,0.,0.));
#3478=IFCAXIS2PLACEMENT3D(#3475,#3476,#3477);
#3479=IFCDIRECTION((0.,0.,1.));
#3480=IFCEXTRUDEDAREASOLID(#3474,#3478,#3479,0.02);
#3481=IFCEXTRUDEDAREASOLID(#3482,#3485,#3489,0.02);
#3482=IFCARBITRARYCLOSEDPROFILEDEF(.AREA.,$,#3483);
#3483=IFCINDEXEDPOLYCURVE(#3484,(IFCLINEINDEX((1,2,3,4,5,6,1))),$);
#3484=IFCCARTESIANPOINTLIST2D(((0.,0.),(0.,0.040000000000000008),(0.11999999999999998,0.040000000000000008),(0.11999999999999998,0.020000000000000004),(0.020000000000000004,0.020000000000000004),(0.020000000000000004,0.)));
#3485=IFCAXIS2PLACEMENT3D(#3486,#3487,#3488);
#3486=IFCCARTESIANPOINT((0.075000000372529033,0.060000000521540642,1.015000000372529));
#3487=IFCDIRECTION((0.,0.,1.));
#3488=IFCDIRECTION((1.,0.,0.));
#3489=IFCDIRECTION((0.,0.,1.));
#3491=IFCSHAPEREPRESENTATION(#11,'Body','SweptSolid',(#3899,#4271,#3802,#3890,#4262,#3793,#4819,#4350,#4722,#4810,#4713,#4616,#4253,#4704,#4156,#4607,#4244,#4695,#4147,#3784,#4235,#4359,#4138,#4589,#3775,#4598,#4501,#4129,#4120,#4492,#4580,#4483,#3462,#4386,#3453,#4474,#4846,#3435,#3444,#4465,#4837,#3426,#3926,#4377,#3917,#4368,#4828,#3908,#4731,#3811));
#3492=IFCSHAPEASPECT((#3491),'Lining',$,.T.,#3359);
#3493=IFCSHAPEREPRESENTATION(#11,'Body','SweptSolid',(#4404,#4174,#3944,#4165,#3935,#4635,#4405,#4625,#4175,#4395,#3945,#4865,#4855,#4864,#4290,#4749,#4750,#3480,#4520,#4634,#3481,#3471,#3829,#4519,#3830,#4740,#3820,#4510,#4280,#4289));
#3494=IFCSHAPEASPECT((#3493),'Framing',$,.T.,#3359);
#3534=IFCCARTESIANPOINTLIST3D(((0.,0.,0.),(0.89999997615814209,0.,0.),(0.89999997615814209,0.,2.),(0.,0.,2.)));
#3535=IFCINDEXEDPOLYCURVE(#3534,(IFCLINEINDEX((1,2,3,4,1))),$);
#3536=IFCSHAPEREPRESENTATION(#18,'Profile','Curve3D',(#3535));
#3537=IFCCARTESIANPOINTLIST2D(((0.,0.),(0.,2.),(0.89999997615814209,2.),(0.89999997615814209,0.),(0.87499997578561306,0.),(0.87499997578561306,1.974999999627471),(0.02500000037252903,1.974999999627471),(0.02500000037252903,0.)));
#3538=IFCINDEXEDPOLYCURVE(#3537,(IFCLINEINDEX((1,2,3,4,5,6,7,8,1))),$);
#3539=IFCARBITRARYCLOSEDPROFILEDEF(.AREA.,$,#3538);
#3540=IFCCARTESIANPOINT((0.,0.02500000037252903,0.));
#3541=IFCDIRECTION((0.,-1.,0.));
#3542=IFCDIRECTION((1.,0.,0.));
#3543=IFCAXIS2PLACEMENT3D(#3540,#3541,#3542);
#3544=IFCDIRECTION((0.,0.,-1.));
#3545=IFCEXTRUDEDAREASOLID(#3539,#3543,#3544,0.02500000037252903);
#3546=IFCCARTESIANPOINTLIST2D(((0.,0.),(0.,2.),(0.89999997615814209,2.),(0.89999997615814209,0.),(0.84419197589159012,0.),(0.84419197589159012,1.944191999733448),(0.055808000266551971,1.944191999733448),(0.055808000266551971,0.)));
#3547=IFCINDEXEDPOLYCURVE(#3546,(IFCLINEINDEX((1,2,3,4,5,6,7,8,1))),$);
#3548=IFCARBITRARYCLOSEDPROFILEDEF(.AREA.,$,#3547);
#3549=IFCCARTESIANPOINT((0.,0.,0.));
#3550=IFCDIRECTION((0.,-1.,0.));
#3551=IFCDIRECTION((1.,0.,0.));
#3552=IFCAXIS2PLACEMENT3D(#3549,#3550,#3551);
#3553=IFCDIRECTION((0.,0.,-1.));
#3554=IFCEXTRUDEDAREASOLID(#3548,#3552,#3553,0.02500000037252903);
#3555=IFCCARTESIANPOINTLIST2D(((0.,0.),(0.78838397562503815,0.),(0.78838397562503815,0.10000000149011612),(0.,0.10000000149011612)));
#3556=IFCINDEXEDPOLYCURVE(#3555,(IFCLINEINDEX((1,2,3,4,1))),$);
#3557=IFCARBITRARYCLOSEDPROFILEDEF(.AREA.,$,#3556);
#3558=IFCCARTESIANPOINT((0.055808000266551971,0.,0.));
#3559=IFCDIRECTION((0.,0.,1.));
#3560=IFCDIRECTION((1.,0.,0.));
#3561=IFCAXIS2PLACEMENT3D(#3558,#3559,#3560);
#3562=IFCDIRECTION((0.,0.,1.));
#3563=IFCEXTRUDEDAREASOLID(#3557,#3561,#3562,0.02500000037252903);
#3564=IFCCARTESIANPOINTLIST2D(((0.,0.),(0.,2.0391919985413551),(0.97838397324085236,2.0391919985413551),(0.97838397324085236,0.),(0.88338397443294525,0.),(0.88338397443294525,1.944191999733448),(0.094999998807907104,1.944191999733448),(0.094999998807907104,0.)));
#3565=IFCINDEXEDPOLYCURVE(#3564,(IFCLINEINDEX((1,2,3,4,5,6,7,8,1))),$);
#3566=IFCARBITRARYCLOSEDPROFILEDEF(.AREA.,$,#3565);
#3567=IFCCARTESIANPOINT((-0.039191998541355133,-0.014999999664723873,0.));
#3568=IFCDIRECTION((0.,-1.,0.));
#3569=IFCDIRECTION((1.,0.,0.));
#3570=IFCAXIS2PLACEMENT3D(#3567,#3568,#3569);
#3571=IFCDIRECTION((0.,0.,-1.));
#3572=IFCEXTRUDEDAREASOLID(#3566,#3570,#3571,0.014999999664723873);
#3573=IFCCARTESIANPOINTLIST2D(((0.,0.),(0.,2.0391919985413551),(0.97838397324085236,2.0391919985413551),(0.97838397324085236,0.),(0.91419197432696819,0.),(0.91419197432696819,1.974999999627471),(0.064191998913884163,1.974999999627471),(0.064191998913884163,0.)));
#3574=IFCINDEXEDPOLYCURVE(#3573,(IFCLINEINDEX((1,2,3,4,5,6,7,8,1))),$);
#3575=IFCARBITRARYCLOSEDPROFILEDEF(.AREA.,$,#3574);
#3576=IFCCARTESIANPOINT((-0.039191998541355133,0.05000000074505806,0.));
#3577=IFCDIRECTION((0.,-1.,0.));
#3578=IFCDIRECTION((1.,0.,0.));
#3579=IFCAXIS2PLACEMENT3D(#3576,#3577,#3578);
#3580=IFCDIRECTION((0.,0.,-1.));
#3581=IFCEXTRUDEDAREASOLID(#3575,#3579,#3580,0.014999999664723873);
#3582=IFCCARTESIANPOINTLIST2D(((0.,0.),(0.84999997541308403,0.),(0.84999997541308403,0.035000000149011612),(0.,0.035000000149011612)));
#3583=IFCINDEXEDPOLYCURVE(#3582,(IFCLINEINDEX((1,2,3,4,1))),$);
#3584=IFCARBITRARYCLOSEDPROFILEDEF(.AREA.,$,#3583);
#3585=IFCCARTESIANPOINT((0.02500000037252903,0.02500000037252903,0.02500000037252903));
#3586=IFCDIRECTION((0.,0.,1.));
#3587=IFCDIRECTION((1.,0.,0.));
#3588=IFCAXIS2PLACEMENT3D(#3585,#3586,#3587);
#3589=IFCDIRECTION((0.,0.,1.));
#3590=IFCEXTRUDEDAREASOLID(#3584,#3588,#3589,1.9499999992549419);
#3591=IFCCARTESIANPOINTLIST2D(((0.,0.),(0.,-0.040000000000000001),(-0.11999999999999988,-0.040000000000000001),(-0.11999999999999988,-0.02),(-0.020000000000000018,-0.02),(-0.020000000000000018,0.)));
#3592=IFCINDEXEDPOLYCURVE(#3591,(IFCLINEINDEX((1,2,3,4,5,6,1))),$);
#3593=IFCARBITRARYCLOSEDPROFILEDEF(.AREA.,$,#3592);
#3594=IFCCARTESIANPOINT((0.82499997578561302,0.02500000037252903,1.015000000372529));
#3595=IFCDIRECTION((0.,0.,1.));
#3596=IFCDIRECTION((1.,0.,0.));
#3597=IFCAXIS2PLACEMENT3D(#3594,#3595,#3596);
#3598=IFCDIRECTION((0.,0.,1.));
#3599=IFCEXTRUDEDAREASOLID(#3593,#3597,#3598,0.02);
#3600=IFCEXTRUDEDAREASOLID(#3601,#3604,#3608,0.02);
#3601=IFCARBITRARYCLOSEDPROFILEDEF(.AREA.,$,#3602);
#3602=IFCINDEXEDPOLYCURVE(#3603,(IFCLINEINDEX((1,2,3,4,5,6,1))),$);
#3603=IFCCARTESIANPOINTLIST2D(((0.,0.),(0.,0.040000000000000008),(-0.11999999999999988,0.040000000000000008),(-0.11999999999999988,0.020000000000000004),(-0.020000000000000018,0.020000000000000004),(-0.020000000000000018,0.)));
#3604=IFCAXIS2PLACEMENT3D(#3605,#3606,#3607);
#3605=IFCCARTESIANPOINT((0.82499997578561302,0.060000000521540642,1.015000000372529));
#3606=IFCDIRECTION((0.,0.,1.));
#3607=IFCDIRECTION((1.,0.,0.));
#3608=IFCDIRECTION((0.,0.,1.));
#3609=IFCSHAPEREPRESENTATION(#11,'Body','SweptSolid',(#3545,#3554,#3590,#3599,#3600,#3563,#3572,#3581));
#3610=IFCCARTESIANPOINTLIST2D(((0.,0.),(0.,0.05000000074505806),(0.02500000037252903,0.05000000074505806),(0.02500000037252903,0.02500000037252903),(0.055808000266551971,0.02500000037252903),(0.055808000266551971,0.)));
#3611=IFCINDEXEDPOLYCURVE(#3610,(IFCLINEINDEX((1,2,3,4,5,6,1))),$);
#3612=IFCINDEXEDPOLYCURVE(#3613,(IFCLINEINDEX((1,2,3,4,5,6,1))),$);
#3613=IFCCARTESIANPOINTLIST2D(((0.89999997615814209,0.),(0.89999997615814209,0.05000000074505806),(0.87499997578561306,0.05000000074505806),(0.87499997578561306,0.02500000037252903),(0.84419197589159012,0.02500000037252903),(0.84419197589159012,0.)));
#3614=IFCDIRECTION((1.,0.));
#3615=IFCCARTESIANPOINT((0.060000000521540642,0.05000000074505806));
#3616=IFCAXIS2PLACEMENT2D(#3615,#3614);
#3617=IFCELLIPSE(#3616,0.81499997526407242,0.84999997541308403);
#3618=IFCCARTESIANPOINT((0.87499997578561306,0.05000000074505806));
#3619=IFCCARTESIANPOINT((0.060000000521540642,0.89999997615814209));
#3620=IFCTRIMMEDCURVE(#3617,(#3618),(#3619),.T.,.CARTESIAN.);
#3621=IFCCARTESIANPOINTLIST2D(((0.02500000037252903,0.05000000074505806),(0.060000000521540642,0.05000000074505806),(0.060000000521540642,0.89999997615814209),(0.02500000037252903,0.89999997615814209)));
#3622=IFCINDEXEDPOLYCURVE(#3621,(IFCLINEINDEX((1,2,3,4,1))),$);
#3623=IFCSHAPEREPRESENTATION(#24,'Body','Curve2D',(#3611,#3612,#3620,#3622));
#3624=IFCCARTESIANPOINTLIST2D(((0.,0.),(0.89999997615814209,0.),(0.89999997615814209,2.),(0.,2.)));
#3625=IFCINDEXEDPOLYCURVE(#3624,(IFCLINEINDEX((1,2,3,4,1))),$);
#3626=IFCARBITRARYCLOSEDPROFILEDEF(.AREA.,$,#3625);
#3627=IFCCARTESIANPOINT((0.,-0.60000002384185791,0.));
#3628=IFCDIRECTION((0.,-1.,0.));
#3629=IFCDIRECTION((1.,0.,0.));
#3630=IFCAXIS2PLACEMENT3D(#3627,#3628,#3629);
#3631=IFCDIRECTION((0.,0.,-1.));
#3632=IFCEXTRUDEDAREASOLID(#3626,#3630,#3631,1.2);
#3633=IFCSHAPEREPRESENTATION(#11,'Body','SweptSolid',(#3632));
#3639=IFCCARTESIANPOINT((0.3646445695542409,4.76837158203125E-07,0.));
#3640=IFCDIRECTION((0.,0.,1.));
#3641=IFCDIRECTION((0.99999999999997158,-2.3841857910155572E-07,0.));
#3642=IFCAXIS2PLACEMENT3D(#3639,#3640,#3641);
#3643=IFCLOCALPLACEMENT(#1419,#3642);
#3644=IFCCARTESIANPOINT((2.2204460492503131E-16,0.,0.));
#3645=IFCDIRECTION((0.,0.,1.));
#3646=IFCDIRECTION((1.,0.,0.));
#3647=IFCAXIS2PLACEMENT3D(#3644,#3645,#3646);
#3648=IFCLOCALPLACEMENT(#3643,#3647);
#3652=IFCCARTESIANPOINTLIST2D(((0.,0.),(0.,2.),(0.89999997615814209,2.),(0.89999997615814209,0.),(0.87499997578561306,0.),(0.87499997578561306,1.974999999627471),(0.02500000037252903,1.974999999627471),(0.02500000037252903,0.)));
#3653=IFCINDEXEDPOLYCURVE(#3652,(IFCLINEINDEX((1,2,3,4,5,6,7,8,1))),$);
#3654=IFCARBITRARYCLOSEDPROFILEDEF(.AREA.,$,#3653);
#3655=IFCCARTESIANPOINT((0.,0.02500000037252903,0.));
#3656=IFCDIRECTION((0.,-1.,0.));
#3657=IFCDIRECTION((1.,0.,0.));
#3658=IFCAXIS2PLACEMENT3D(#3655,#3656,#3657);
#3659=IFCDIRECTION((0.,0.,-1.));
#3660=IFCEXTRUDEDAREASOLID(#3654,#3658,#3659,0.015000006183981895);
#3661=IFCCARTESIANPOINTLIST2D(((0.,0.),(0.,2.),(0.89999997615814209,2.),(0.89999997615814209,0.),(0.82419198006391525,0.),(0.82419198006391525,1.9241920039057732),(0.075807996094226837,1.9241920039057732),(0.075807996094226837,0.)));
#3662=IFCINDEXEDPOLYCURVE(#3661,(IFCLINEINDEX((1,2,3,4,5,6,7,8,1))),$);
#3663=IFCARBITRARYCLOSEDPROFILEDEF(.AREA.,$,#3662);
#3664=IFCCARTESIANPOINT((0.,0.,0.));
#3665=IFCDIRECTION((0.,-1.,0.));
#3666=IFCDIRECTION((1.,0.,0.));
#3667=IFCAXIS2PLACEMENT3D(#3664,#3665,#3666);
#3668=IFCDIRECTION((0.,0.,-1.));
#3669=IFCEXTRUDEDAREASOLID(#3663,#3667,#3668,0.02500000037252903);
#3670=IFCCARTESIANPOINTLIST2D(((0.,0.),(0.74838398396968842,0.),(0.74838398396968842,0.10000000149011612),(0.,0.10000000149011612)));
#3671=IFCINDEXEDPOLYCURVE(#3670,(IFCLINEINDEX((1,2,3,4,1))),$);
#3672=IFCARBITRARYCLOSEDPROFILEDEF(.AREA.,$,#3671);
#3673=IFCCARTESIANPOINT((0.075807996094226837,0.,0.));
#3674=IFCDIRECTION((0.,0.,1.));
#3675=IFCDIRECTION((1.,0.,0.));
#3676=IFCAXIS2PLACEMENT3D(#3673,#3674,#3675);
#3677=IFCDIRECTION((0.,0.,1.));
#3678=IFCEXTRUDEDAREASOLID(#3672,#3676,#3677,0.02500000037252903);
#3679=IFCCARTESIANPOINTLIST2D(((0.,0.),(0.,2.),(0.89999997615814209,2.),(0.89999997615814209,0.),(0.82499997317790985,0.),(0.82499997317790985,1.9249999970197678),(0.075000002980232239,1.9249999970197678),(0.075000002980232239,0.)));
#3680=IFCINDEXEDPOLYCURVE(#3679,(IFCLINEINDEX((1,2,3,4,5,6,7,8,1))),$);
#3681=IFCARBITRARYCLOSEDPROFILEDEF(.AREA.,$,#3680);
#3682=IFCCARTESIANPOINT((0.,-0.0010000000474974513,0.));
#3683=IFCDIRECTION((0.,-1.,0.));
#3684=IFCDIRECTION((1.,0.,0.));
#3685=IFCAXIS2PLACEMENT3D(#3682,#3683,#3684);
#3686=IFCDIRECTION((0.,0.,-1.));
#3687=IFCEXTRUDEDAREASOLID(#3681,#3685,#3686,0.0010000000474974513);
#3688=IFCCARTESIANPOINTLIST2D(((0.,0.),(0.,2.),(0.89999997615814209,2.),(0.89999997615814209,0.),(0.87580796889960766,0.),(0.87580796889960766,1.9758079927414656),(0.024192007258534431,1.9758079927414656),(0.024192007258534431,0.)));
#3689=IFCINDEXEDPOLYCURVE(#3688,(IFCLINEINDEX((1,2,3,4,5,6,7,8,1))),$);
#3690=IFCARBITRARYCLOSEDPROFILEDEF(.AREA.,$,#3689);
#3691=IFCCARTESIANPOINT((0.,0.040000006556510925,0.));
#3692=IFCDIRECTION((0.,-1.,0.));
#3693=IFCDIRECTION((1.,0.,0.));
#3694=IFCAXIS2PLACEMENT3D(#3691,#3692,#3693);
#3695=IFCDIRECTION((0.,0.,-1.));
#3696=IFCEXTRUDEDAREASOLID(#3690,#3694,#3695,0.0010000000474974513);
#3697=IFCCARTESIANPOINTLIST2D(((0.,0.),(0.84999997541308403,0.),(0.84999997541308403,0.035000000149011612),(0.,0.035000000149011612)));
#3698=IFCINDEXEDPOLYCURVE(#3697,(IFCLINEINDEX((1,2,3,4,1))),$);
#3699=IFCARBITRARYCLOSEDPROFILEDEF(.AREA.,$,#3698);
#3700=IFCCARTESIANPOINT((0.02500000037252903,0.02500000037252903,0.02500000037252903));
#3701=IFCDIRECTION((0.,0.,1.));
#3702=IFCDIRECTION((1.,0.,0.));
#3703=IFCAXIS2PLACEMENT3D(#3700,#3701,#3702);
#3704=IFCDIRECTION((0.,0.,1.));
#3705=IFCEXTRUDEDAREASOLID(#3699,#3703,#3704,1.9499999992549419);
#3706=IFCCARTESIANPOINTLIST2D(((0.,0.),(0.,-0.040000000000000001),(0.12,-0.040000000000000001),(0.12,-0.02),(0.02,-0.02),(0.02,0.)));
#3707=IFCINDEXEDPOLYCURVE(#3706,(IFCLINEINDEX((1,2,3,4,5,6,1))),$);
#3708=IFCARBITRARYCLOSEDPROFILEDEF(.AREA.,$,#3707);
#3709=IFCCARTESIANPOINT((0.075000000372529033,0.02500000037252903,1.015000000372529));
#3710=IFCDIRECTION((0.,0.,1.));
#3711=IFCDIRECTION((1.,0.,0.));
#3712=IFCAXIS2PLACEMENT3D(#3709,#3710,#3711);
#3713=IFCDIRECTION((0.,0.,1.));
#3714=IFCEXTRUDEDAREASOLID(#3708,#3712,#3713,0.02);
#3715=IFCEXTRUDEDAREASOLID(#3716,#3719,#3723,0.02);
#3716=IFCARBITRARYCLOSEDPROFILEDEF(.AREA.,$,#3717);
#3717=IFCINDEXEDPOLYCURVE(#3718,(IFCLINEINDEX((1,2,3,4,5,6,1))),$);
#3718=IFCCARTESIANPOINTLIST2D(((0.,0.),(0.,0.040000000000000008),(0.11999999999999998,0.040000000000000008),(0.11999999999999998,0.020000000000000004),(0.020000000000000004,0.020000000000000004),(0.020000000000000004,0.)));
#3719=IFCAXIS2PLACEMENT3D(#3720,#3721,#3722);
#3720=IFCCARTESIANPOINT((0.075000000372529033,0.060000000521540642,1.015000000372529));
#3721=IFCDIRECTION((0.,0.,1.));
#3722=IFCDIRECTION((1.,0.,0.));
#3723=IFCDIRECTION((0.,0.,1.));
#3767=IFCCARTESIANPOINTLIST2D(((0.,0.),(0.,2.),(0.72866809368133545,2.),(0.72866809368133545,0.),(0.70366809330880642,0.),(0.70366809330880642,1.974999999627471),(0.02500000037252903,1.974999999627471),(0.02500000037252903,0.)));
#3768=IFCINDEXEDPOLYCURVE(#3767,(IFCLINEINDEX((1,2,3,4,5,6,7,8,1))),$);
#3769=IFCARBITRARYCLOSEDPROFILEDEF(.AREA.,$,#3768);
#3770=IFCCARTESIANPOINT((0.,0.02500000037252903,0.));
#3771=IFCDIRECTION((0.,-1.,0.));
#3772=IFCDIRECTION((1.,0.,0.));
#3773=IFCAXIS2PLACEMENT3D(#3770,#3771,#3772);
#3774=IFCDIRECTION((0.,0.,-1.));
#3775=IFCEXTRUDEDAREASOLID(#3769,#3773,#3774,0.015000006183981895);
#3776=IFCCARTESIANPOINTLIST2D(((0.,0.),(0.,2.),(0.72866809368133545,2.),(0.72866809368133545,0.),(0.65286009758710861,0.),(0.65286009758710861,1.9241920039057732),(0.075807996094226837,1.9241920039057732),(0.075807996094226837,0.)));
#3777=IFCINDEXEDPOLYCURVE(#3776,(IFCLINEINDEX((1,2,3,4,5,6,7,8,1))),$);
#3778=IFCARBITRARYCLOSEDPROFILEDEF(.AREA.,$,#3777);
#3779=IFCCARTESIANPOINT((0.,0.,0.));
#3780=IFCDIRECTION((0.,-1.,0.));
#3781=IFCDIRECTION((1.,0.,0.));
#3782=IFCAXIS2PLACEMENT3D(#3779,#3780,#3781);
#3783=IFCDIRECTION((0.,0.,-1.));
#3784=IFCEXTRUDEDAREASOLID(#3778,#3782,#3783,0.02500000037252903);
#3785=IFCCARTESIANPOINTLIST2D(((0.,0.),(0.57705210149288177,0.),(0.57705210149288177,0.10000000149011612),(0.,0.10000000149011612)));
#3786=IFCINDEXEDPOLYCURVE(#3785,(IFCLINEINDEX((1,2,3,4,1))),$);
#3787=IFCARBITRARYCLOSEDPROFILEDEF(.AREA.,$,#3786);
#3788=IFCCARTESIANPOINT((0.075807996094226837,0.,0.));
#3789=IFCDIRECTION((0.,0.,1.));
#3790=IFCDIRECTION((1.,0.,0.));
#3791=IFCAXIS2PLACEMENT3D(#3788,#3789,#3790);
#3792=IFCDIRECTION((0.,0.,1.));
#3793=IFCEXTRUDEDAREASOLID(#3787,#3791,#3792,0.02500000037252903);
#3794=IFCCARTESIANPOINTLIST2D(((0.,0.),(0.,2.),(0.72866809368133545,2.),(0.72866809368133545,0.),(0.65366809070110321,0.),(0.65366809070110321,1.9249999970197678),(0.075000002980232239,1.9249999970197678),(0.075000002980232239,0.)));
#3795=IFCINDEXEDPOLYCURVE(#3794,(IFCLINEINDEX((1,2,3,4,5,6,7,8,1))),$);
#3796=IFCARBITRARYCLOSEDPROFILEDEF(.AREA.,$,#3795);
#3797=IFCCARTESIANPOINT((0.,-0.0010000000474974513,0.));
#3798=IFCDIRECTION((0.,-1.,0.));
#3799=IFCDIRECTION((1.,0.,0.));
#3800=IFCAXIS2PLACEMENT3D(#3797,#3798,#3799);
#3801=IFCDIRECTION((0.,0.,-1.));
#3802=IFCEXTRUDEDAREASOLID(#3796,#3800,#3801,0.0010000000474974513);
#3803=IFCCARTESIANPOINTLIST2D(((0.,0.),(0.,2.),(0.72866809368133545,2.),(0.72866809368133545,0.),(0.70447608642280102,0.),(0.70447608642280102,1.9758079927414656),(0.024192007258534431,1.9758079927414656),(0.024192007258534431,0.)));
#3804=IFCINDEXEDPOLYCURVE(#3803,(IFCLINEINDEX((1,2,3,4,5,6,7,8,1))),$);
#3805=IFCARBITRARYCLOSEDPROFILEDEF(.AREA.,$,#3804);
#3806=IFCCARTESIANPOINT((0.,0.040000006556510925,0.));
#3807=IFCDIRECTION((0.,-1.,0.));
#3808=IFCDIRECTION((1.,0.,0.));
#3809=IFCAXIS2PLACEMENT3D(#3806,#3807,#3808);
#3810=IFCDIRECTION((0.,0.,-1.));
#3811=IFCEXTRUDEDAREASOLID(#3805,#3809,#3810,0.0010000000474974513);
#3812=IFCCARTESIANPOINTLIST2D(((0.,0.),(0.67866809293627739,0.),(0.67866809293627739,0.035000000149011612),(0.,0.035000000149011612)));
#3813=IFCINDEXEDPOLYCURVE(#3812,(IFCLINEINDEX((1,2,3,4,1))),$);
#3814=IFCARBITRARYCLOSEDPROFILEDEF(.AREA.,$,#3813);
#3815=IFCCARTESIANPOINT((0.02500000037252903,0.02500000037252903,0.02500000037252903));
#3816=IFCDIRECTION((0.,0.,1.));
#3817=IFCDIRECTION((1.,0.,0.));
#3818=IFCAXIS2PLACEMENT3D(#3815,#3816,#3817);
#3819=IFCDIRECTION((0.,0.,1.));
#3820=IFCEXTRUDEDAREASOLID(#3814,#3818,#3819,1.9499999992549419);
#3821=IFCCARTESIANPOINTLIST2D(((0.,0.),(0.,-0.040000000000000001),(0.12,-0.040000000000000001),(0.12,-0.02),(0.02,-0.02),(0.02,0.)));
#3822=IFCINDEXEDPOLYCURVE(#3821,(IFCLINEINDEX((1,2,3,4,5,6,1))),$);
#3823=IFCARBITRARYCLOSEDPROFILEDEF(.AREA.,$,#3822);
#3824=IFCCARTESIANPOINT((0.075000000372529033,0.02500000037252903,1.015000000372529));
#3825=IFCDIRECTION((0.,0.,1.));
#3826=IFCDIRECTION((1.,0.,0.));
#3827=IFCAXIS2PLACEMENT3D(#3824,#3825,#3826);
#3828=IFCDIRECTION((0.,0.,1.));
#3829=IFCEXTRUDEDAREASOLID(#3823,#3827,#3828,0.02);
#3830=IFCEXTRUDEDAREASOLID(#3831,#3834,#3838,0.02);
#3831=IFCARBITRARYCLOSEDPROFILEDEF(.AREA.,$,#3832);
#3832=IFCINDEXEDPOLYCURVE(#3833,(IFCLINEINDEX((1,2,3,4,5,6,1))),$);
#3833=IFCCARTESIANPOINTLIST2D(((0.,0.),(0.,0.040000000000000008),(0.11999999999999998,0.040000000000000008),(0.11999999999999998,0.020000000000000004),(0.020000000000000004,0.020000000000000004),(0.020000000000000004,0.)));
#3834=IFCAXIS2PLACEMENT3D(#3835,#3836,#3837);
#3835=IFCCARTESIANPOINT((0.075000000372529033,0.060000000521540642,1.015000000372529));
#3836=IFCDIRECTION((0.,0.,1.));
#3837=IFCDIRECTION((1.,0.,0.));
#3838=IFCDIRECTION((0.,0.,1.));
#3882=IFCCARTESIANPOINTLIST2D(((0.,0.),(0.,2.),(0.69068396091461182,2.),(0.69068396091461182,0.),(0.66568396054208279,0.),(0.66568396054208279,1.974999999627471),(0.02500000037252903,1.974999999627471),(0.02500000037252903,0.)));
#3883=IFCINDEXEDPOLYCURVE(#3882,(IFCLINEINDEX((1,2,3,4,5,6,7,8,1))),$);
#3884=IFCARBITRARYCLOSEDPROFILEDEF(.AREA.,$,#3883);
#3885=IFCCARTESIANPOINT((0.,0.02500000037252903,0.));
#3886=IFCDIRECTION((0.,-1.,0.));
#3887=IFCDIRECTION((1.,0.,0.));
#3888=IFCAXIS2PLACEMENT3D(#3885,#3886,#3887);
#3889=IFCDIRECTION((0.,0.,-1.));
#3890=IFCEXTRUDEDAREASOLID(#3884,#3888,#3889,0.015000006183981895);
#3891=IFCCARTESIANPOINTLIST2D(((0.,0.),(0.,2.),(0.69068396091461182,2.),(0.69068396091461182,0.),(0.61487596482038498,0.),(0.61487596482038498,1.9241920039057732),(0.075807996094226837,1.9241920039057732),(0.075807996094226837,0.)));
#3892=IFCINDEXEDPOLYCURVE(#3891,(IFCLINEINDEX((1,2,3,4,5,6,7,8,1))),$);
#3893=IFCARBITRARYCLOSEDPROFILEDEF(.AREA.,$,#3892);
#3894=IFCCARTESIANPOINT((0.,0.,0.));
#3895=IFCDIRECTION((0.,-1.,0.));
#3896=IFCDIRECTION((1.,0.,0.));
#3897=IFCAXIS2PLACEMENT3D(#3894,#3895,#3896);
#3898=IFCDIRECTION((0.,0.,-1.));
#3899=IFCEXTRUDEDAREASOLID(#3893,#3897,#3898,0.02500000037252903);
#3900=IFCCARTESIANPOINTLIST2D(((0.,0.),(0.53906796872615814,0.),(0.53906796872615814,0.10000000149011612),(0.,0.10000000149011612)));
#3901=IFCINDEXEDPOLYCURVE(#3900,(IFCLINEINDEX((1,2,3,4,1))),$);
#3902=IFCARBITRARYCLOSEDPROFILEDEF(.AREA.,$,#3901);
#3903=IFCCARTESIANPOINT((0.075807996094226837,0.,0.));
#3904=IFCDIRECTION((0.,0.,1.));
#3905=IFCDIRECTION((1.,0.,0.));
#3906=IFCAXIS2PLACEMENT3D(#3903,#3904,#3905);
#3907=IFCDIRECTION((0.,0.,1.));
#3908=IFCEXTRUDEDAREASOLID(#3902,#3906,#3907,0.02500000037252903);
#3909=IFCCARTESIANPOINTLIST2D(((0.,0.),(0.,2.),(0.69068396091461182,2.),(0.69068396091461182,0.),(0.61568395793437958,0.),(0.61568395793437958,1.9249999970197678),(0.075000002980232239,1.9249999970197678),(0.075000002980232239,0.)));
#3910=IFCINDEXEDPOLYCURVE(#3909,(IFCLINEINDEX((1,2,3,4,5,6,7,8,1))),$);
#3911=IFCARBITRARYCLOSEDPROFILEDEF(.AREA.,$,#3910);
#3912=IFCCARTESIANPOINT((0.,-0.0010000000474974513,0.));
#3913=IFCDIRECTION((0.,-1.,0.));
#3914=IFCDIRECTION((1.,0.,0.));
#3915=IFCAXIS2PLACEMENT3D(#3912,#3913,#3914);
#3916=IFCDIRECTION((0.,0.,-1.));
#3917=IFCEXTRUDEDAREASOLID(#3911,#3915,#3916,0.0010000000474974513);
#3918=IFCCARTESIANPOINTLIST2D(((0.,0.),(0.,2.),(0.69068396091461182,2.),(0.69068396091461182,0.),(0.66649195365607738,0.),(0.66649195365607738,1.9758079927414656),(0.024192007258534431,1.9758079927414656),(0.024192007258534431,0.)));
#3919=IFCINDEXEDPOLYCURVE(#3918,(IFCLINEINDEX((1,2,3,4,5,6,7,8,1))),$);
#3920=IFCARBITRARYCLOSEDPROFILEDEF(.AREA.,$,#3919);
#3921=IFCCARTESIANPOINT((0.,0.040000006556510925,0.));
#3922=IFCDIRECTION((0.,-1.,0.));
#3923=IFCDIRECTION((1.,0.,0.));
#3924=IFCAXIS2PLACEMENT3D(#3921,#3922,#3923);
#3925=IFCDIRECTION((0.,0.,-1.));
#3926=IFCEXTRUDEDAREASOLID(#3920,#3924,#3925,0.0010000000474974513);
#3927=IFCCARTESIANPOINTLIST2D(((0.,0.),(0.64068396016955376,0.),(0.64068396016955376,0.035000000149011612),(0.,0.035000000149011612)));
#3928=IFCINDEXEDPOLYCURVE(#3927,(IFCLINEINDEX((1,2,3,4,1))),$);
#3929=IFCARBITRARYCLOSEDPROFILEDEF(.AREA.,$,#3928);
#3930=IFCCARTESIANPOINT((0.02500000037252903,0.02500000037252903,0.02500000037252903));
#3931=IFCDIRECTION((0.,0.,1.));
#3932=IFCDIRECTION((1.,0.,0.));
#3933=IFCAXIS2PLACEMENT3D(#3930,#3931,#3932);
#3934=IFCDIRECTION((0.,0.,1.));
#3935=IFCEXTRUDEDAREASOLID(#3929,#3933,#3934,1.9499999992549419);
#3936=IFCCARTESIANPOINTLIST2D(((0.,0.),(0.,-0.040000000000000001),(0.12,-0.040000000000000001),(0.12,-0.02),(0.02,-0.02),(0.02,0.)));
#3937=IFCINDEXEDPOLYCURVE(#3936,(IFCLINEINDEX((1,2,3,4,5,6,1))),$);
#3938=IFCARBITRARYCLOSEDPROFILEDEF(.AREA.,$,#3937);
#3939=IFCCARTESIANPOINT((0.075000000372529033,0.02500000037252903,1.015000000372529));
#3940=IFCDIRECTION((0.,0.,1.));
#3941=IFCDIRECTION((1.,0.,0.));
#3942=IFCAXIS2PLACEMENT3D(#3939,#3940,#3941);
#3943=IFCDIRECTION((0.,0.,1.));
#3944=IFCEXTRUDEDAREASOLID(#3938,#3942,#3943,0.02);
#3945=IFCEXTRUDEDAREASOLID(#3946,#3949,#3953,0.02);
#3946=IFCARBITRARYCLOSEDPROFILEDEF(.AREA.,$,#3947);
#3947=IFCINDEXEDPOLYCURVE(#3948,(IFCLINEINDEX((1,2,3,4,5,6,1))),$);
#3948=IFCCARTESIANPOINTLIST2D(((0.,0.),(0.,0.040000000000000008),(0.11999999999999998,0.040000000000000008),(0.11999999999999998,0.020000000000000004),(0.020000000000000004,0.020000000000000004),(0.020000000000000004,0.)));
#3949=IFCAXIS2PLACEMENT3D(#3950,#3951,#3952);
#3950=IFCCARTESIANPOINT((0.075000000372529033,0.060000000521540642,1.015000000372529));
#3951=IFCDIRECTION((0.,0.,1.));
#3952=IFCDIRECTION((1.,0.,0.));
#3953=IFCDIRECTION((0.,0.,1.));
#4112=IFCCARTESIANPOINTLIST2D(((0.,0.),(0.,2.),(0.89999997615814209,2.),(0.89999997615814209,0.),(0.87499997578561306,0.),(0.87499997578561306,1.974999999627471),(0.02500000037252903,1.974999999627471),(0.02500000037252903,0.)));
#4113=IFCINDEXEDPOLYCURVE(#4112,(IFCLINEINDEX((1,2,3,4,5,6,7,8,1))),$);
#4114=IFCARBITRARYCLOSEDPROFILEDEF(.AREA.,$,#4113);
#4115=IFCCARTESIANPOINT((0.,0.02500000037252903,0.));
#4116=IFCDIRECTION((0.,-1.,0.));
#4117=IFCDIRECTION((1.,0.,0.));
#4118=IFCAXIS2PLACEMENT3D(#4115,#4116,#4117);
#4119=IFCDIRECTION((0.,0.,-1.));
#4120=IFCEXTRUDEDAREASOLID(#4114,#4118,#4119,0.015000006183981895);
#4121=IFCCARTESIANPOINTLIST2D(((0.,0.),(0.,2.),(0.89999997615814209,2.),(0.89999997615814209,0.),(0.82419198006391525,0.),(0.82419198006391525,1.9241920039057732),(0.075807996094226837,1.9241920039057732),(0.075807996094226837,0.)));
#4122=IFCINDEXEDPOLYCURVE(#4121,(IFCLINEINDEX((1,2,3,4,5,6,7,8,1))),$);
#4123=IFCARBITRARYCLOSEDPROFILEDEF(.AREA.,$,#4122);
#4124=IFCCARTESIANPOINT((0.,0.,0.));
#4125=IFCDIRECTION((0.,-1.,0.));
#4126=IFCDIRECTION((1.,0.,0.));
#4127=IFCAXIS2PLACEMENT3D(#4124,#4125,#4126);
#4128=IFCDIRECTION((0.,0.,-1.));
#4129=IFCEXTRUDEDAREASOLID(#4123,#4127,#4128,0.02500000037252903);
#4130=IFCCARTESIANPOINTLIST2D(((0.,0.),(0.74838398396968842,0.),(0.74838398396968842,0.10000000149011612),(0.,0.10000000149011612)));
#4131=IFCINDEXEDPOLYCURVE(#4130,(IFCLINEINDEX((1,2,3,4,1))),$);
#4132=IFCARBITRARYCLOSEDPROFILEDEF(.AREA.,$,#4131);
#4133=IFCCARTESIANPOINT((0.075807996094226837,0.,0.));
#4134=IFCDIRECTION((0.,0.,1.));
#4135=IFCDIRECTION((1.,0.,0.));
#4136=IFCAXIS2PLACEMENT3D(#4133,#4134,#4135);
#4137=IFCDIRECTION((0.,0.,1.));
#4138=IFCEXTRUDEDAREASOLID(#4132,#4136,#4137,0.02500000037252903);
#4139=IFCCARTESIANPOINTLIST2D(((0.,0.),(0.,2.),(0.89999997615814209,2.),(0.89999997615814209,0.),(0.82499997317790985,0.),(0.82499997317790985,1.9249999970197678),(0.075000002980232239,1.9249999970197678),(0.075000002980232239,0.)));
#4140=IFCINDEXEDPOLYCURVE(#4139,(IFCLINEINDEX((1,2,3,4,5,6,7,8,1))),$);
#4141=IFCARBITRARYCLOSEDPROFILEDEF(.AREA.,$,#4140);
#4142=IFCCARTESIANPOINT((0.,-0.0010000000474974513,0.));
#4143=IFCDIRECTION((0.,-1.,0.));
#4144=IFCDIRECTION((1.,0.,0.));
#4145=IFCAXIS2PLACEMENT3D(#4142,#4143,#4144);
#4146=IFCDIRECTION((0.,0.,-1.));
#4147=IFCEXTRUDEDAREASOLID(#4141,#4145,#4146,0.0010000000474974513);
#4148=IFCCARTESIANPOINTLIST2D(((0.,0.),(0.,2.),(0.89999997615814209,2.),(0.89999997615814209,0.),(0.87580796889960766,0.),(0.87580796889960766,1.9758079927414656),(0.024192007258534431,1.9758079927414656),(0.024192007258534431,0.)));
#4149=IFCINDEXEDPOLYCURVE(#4148,(IFCLINEINDEX((1,2,3,4,5,6,7,8,1))),$);
#4150=IFCARBITRARYCLOSEDPROFILEDEF(.AREA.,$,#4149);
#4151=IFCCARTESIANPOINT((0.,0.040000006556510925,0.));
#4152=IFCDIRECTION((0.,-1.,0.));
#4153=IFCDIRECTION((1.,0.,0.));
#4154=IFCAXIS2PLACEMENT3D(#4151,#4152,#4153);
#4155=IFCDIRECTION((0.,0.,-1.));
#4156=IFCEXTRUDEDAREASOLID(#4150,#4154,#4155,0.0010000000474974513);
#4157=IFCCARTESIANPOINTLIST2D(((0.,0.),(0.84999997541308403,0.),(0.84999997541308403,0.035000000149011612),(0.,0.035000000149011612)));
#4158=IFCINDEXEDPOLYCURVE(#4157,(IFCLINEINDEX((1,2,3,4,1))),$);
#4159=IFCARBITRARYCLOSEDPROFILEDEF(.AREA.,$,#4158);
#4160=IFCCARTESIANPOINT((0.02500000037252903,0.02500000037252903,0.02500000037252903));
#4161=IFCDIRECTION((0.,0.,1.));
#4162=IFCDIRECTION((1.,0.,0.));
#4163=IFCAXIS2PLACEMENT3D(#4160,#4161,#4162);
#4164=IFCDIRECTION((0.,0.,1.));
#4165=IFCEXTRUDEDAREASOLID(#4159,#4163,#4164,1.9499999992549419);
#4166=IFCCARTESIANPOINTLIST2D(((0.,0.),(0.,-0.040000000000000001),(0.12,-0.040000000000000001),(0.12,-0.02),(0.02,-0.02),(0.02,0.)));
#4167=IFCINDEXEDPOLYCURVE(#4166,(IFCLINEINDEX((1,2,3,4,5,6,1))),$);
#4168=IFCARBITRARYCLOSEDPROFILEDEF(.AREA.,$,#4167);
#4169=IFCCARTESIANPOINT((0.075000000372529033,0.02500000037252903,1.015000000372529));
#4170=IFCDIRECTION((0.,0.,1.));
#4171=IFCDIRECTION((1.,0.,0.));
#4172=IFCAXIS2PLACEMENT3D(#4169,#4170,#4171);
#4173=IFCDIRECTION((0.,0.,1.));
#4174=IFCEXTRUDEDAREASOLID(#4168,#4172,#4173,0.02);
#4175=IFCEXTRUDEDAREASOLID(#4176,#4179,#4183,0.02);
#4176=IFCARBITRARYCLOSEDPROFILEDEF(.AREA.,$,#4177);
#4177=IFCINDEXEDPOLYCURVE(#4178,(IFCLINEINDEX((1,2,3,4,5,6,1))),$);
#4178=IFCCARTESIANPOINTLIST2D(((0.,0.),(0.,0.040000000000000008),(0.11999999999999998,0.040000000000000008),(0.11999999999999998,0.020000000000000004),(0.020000000000000004,0.020000000000000004),(0.020000000000000004,0.)));
#4179=IFCAXIS2PLACEMENT3D(#4180,#4181,#4182);
#4180=IFCCARTESIANPOINT((0.075000000372529033,0.060000000521540642,1.015000000372529));
#4181=IFCDIRECTION((0.,0.,1.));
#4182=IFCDIRECTION((1.,0.,0.));
#4183=IFCDIRECTION((0.,0.,1.));
#4227=IFCCARTESIANPOINTLIST2D(((0.,0.),(0.,2.),(0.89999997615814209,2.),(0.89999997615814209,0.),(0.87499997578561306,0.),(0.87499997578561306,1.974999999627471),(0.02500000037252903,1.974999999627471),(0.02500000037252903,0.)));
#4228=IFCINDEXEDPOLYCURVE(#4227,(IFCLINEINDEX((1,2,3,4,5,6,7,8,1))),$);
#4229=IFCARBITRARYCLOSEDPROFILEDEF(.AREA.,$,#4228);
#4230=IFCCARTESIANPOINT((0.,0.02500000037252903,0.));
#4231=IFCDIRECTION((0.,-1.,0.));
#4232=IFCDIRECTION((1.,0.,0.));
#4233=IFCAXIS2PLACEMENT3D(#4230,#4231,#4232);
#4234=IFCDIRECTION((0.,0.,-1.));
#4235=IFCEXTRUDEDAREASOLID(#4229,#4233,#4234,0.015000006183981895);
#4236=IFCCARTESIANPOINTLIST2D(((0.,0.),(0.,2.),(0.89999997615814209,2.),(0.89999997615814209,0.),(0.82419198006391525,0.),(0.82419198006391525,1.9241920039057732),(0.075807996094226837,1.9241920039057732),(0.075807996094226837,0.)));
#4237=IFCINDEXEDPOLYCURVE(#4236,(IFCLINEINDEX((1,2,3,4,5,6,7,8,1))),$);
#4238=IFCARBITRARYCLOSEDPROFILEDEF(.AREA.,$,#4237);
#4239=IFCCARTESIANPOINT((0.,0.,0.));
#4240=IFCDIRECTION((0.,-1.,0.));
#4241=IFCDIRECTION((1.,0.,0.));
#4242=IFCAXIS2PLACEMENT3D(#4239,#4240,#4241);
#4243=IFCDIRECTION((0.,0.,-1.));
#4244=IFCEXTRUDEDAREASOLID(#4238,#4242,#4243,0.02500000037252903);
#4245=IFCCARTESIANPOINTLIST2D(((0.,0.),(0.74838398396968842,0.),(0.74838398396968842,0.10000000149011612),(0.,0.10000000149011612)));
#4246=IFCINDEXEDPOLYCURVE(#4245,(IFCLINEINDEX((1,2,3,4,1))),$);
#4247=IFCARBITRARYCLOSEDPROFILEDEF(.AREA.,$,#4246);
#4248=IFCCARTESIANPOINT((0.075807996094226837,0.,0.));
#4249=IFCDIRECTION((0.,0.,1.));
#4250=IFCDIRECTION((1.,0.,0.));
#4251=IFCAXIS2PLACEMENT3D(#4248,#4249,#4250);
#4252=IFCDIRECTION((0.,0.,1.));
#4253=IFCEXTRUDEDAREASOLID(#4247,#4251,#4252,0.02500000037252903);
#4254=IFCCARTESIANPOINTLIST2D(((0.,0.),(0.,2.),(0.89999997615814209,2.),(0.89999997615814209,0.),(0.82499997317790985,0.),(0.82499997317790985,1.9249999970197678),(0.075000002980232239,1.9249999970197678),(0.075000002980232239,0.)));
#4255=IFCINDEXEDPOLYCURVE(#4254,(IFCLINEINDEX((1,2,3,4,5,6,7,8,1))),$);
#4256=IFCARBITRARYCLOSEDPROFILEDEF(.AREA.,$,#4255);
#4257=IFCCARTESIANPOINT((0.,-0.0010000000474974513,0.));
#4258=IFCDIRECTION((0.,-1.,0.));
#4259=IFCDIRECTION((1.,0.,0.));
#4260=IFCAXIS2PLACEMENT3D(#4257,#4258,#4259);
#4261=IFCDIRECTION((0.,0.,-1.));
#4262=IFCEXTRUDEDAREASOLID(#4256,#4260,#4261,0.0010000000474974513);
#4263=IFCCARTESIANPOINTLIST2D(((0.,0.),(0.,2.),(0.89999997615814209,2.),(0.89999997615814209,0.),(0.87580796889960766,0.),(0.87580796889960766,1.9758079927414656),(0.024192007258534431,1.9758079927414656),(0.024192007258534431,0.)));
#4264=IFCINDEXEDPOLYCURVE(#4263,(IFCLINEINDEX((1,2,3,4,5,6,7,8,1))),$);
#4265=IFCARBITRARYCLOSEDPROFILEDEF(.AREA.,$,#4264);
#4266=IFCCARTESIANPOINT((0.,0.040000006556510925,0.));
#4267=IFCDIRECTION((0.,-1.,0.));
#4268=IFCDIRECTION((1.,0.,0.));
#4269=IFCAXIS2PLACEMENT3D(#4266,#4267,#4268);
#4270=IFCDIRECTION((0.,0.,-1.));
#4271=IFCEXTRUDEDAREASOLID(#4265,#4269,#4270,0.0010000000474974513);
#4272=IFCCARTESIANPOINTLIST2D(((0.,0.),(0.84999997541308403,0.),(0.84999997541308403,0.035000000149011612),(0.,0.035000000149011612)));
#4273=IFCINDEXEDPOLYCURVE(#4272,(IFCLINEINDEX((1,2,3,4,1))),$);
#4274=IFCARBITRARYCLOSEDPROFILEDEF(.AREA.,$,#4273);
#4275=IFCCARTESIANPOINT((0.02500000037252903,0.02500000037252903,0.02500000037252903));
#4276=IFCDIRECTION((0.,0.,1.));
#4277=IFCDIRECTION((1.,0.,0.));
#4278=IFCAXIS2PLACEMENT3D(#4275,#4276,#4277);
#4279=IFCDIRECTION((0.,0.,1.));
#4280=IFCEXTRUDEDAREASOLID(#4274,#4278,#4279,1.9499999992549419);
#4281=IFCCARTESIANPOINTLIST2D(((0.,0.),(0.,-0.040000000000000001),(0.12,-0.040000000000000001),(0.12,-0.02),(0.02,-0.02),(0.02,0.)));
#4282=IFCINDEXEDPOLYCURVE(#4281,(IFCLINEINDEX((1,2,3,4,5,6,1))),$);
#4283=IFCARBITRARYCLOSEDPROFILEDEF(.AREA.,$,#4282);
#4284=IFCCARTESIANPOINT((0.075000000372529033,0.02500000037252903,1.015000000372529));
#4285=IFCDIRECTION((0.,0.,1.));
#4286=IFCDIRECTION((1.,0.,0.));
#4287=IFCAXIS2PLACEMENT3D(#4284,#4285,#4286);
#4288=IFCDIRECTION((0.,0.,1.));
#4289=IFCEXTRUDEDAREASOLID(#4283,#4287,#4288,0.02);
#4290=IFCEXTRUDEDAREASOLID(#4291,#4294,#4298,0.02);
#4291=IFCARBITRARYCLOSEDPROFILEDEF(.AREA.,$,#4292);
#4292=IFCINDEXEDPOLYCURVE(#4293,(IFCLINEINDEX((1,2,3,4,5,6,1))),$);
#4293=IFCCARTESIANPOINTLIST2D(((0.,0.),(0.,0.040000000000000008),(0.11999999999999998,0.040000000000000008),(0.11999999999999998,0.020000000000000004),(0.020000000000000004,0.020000000000000004),(0.020000000000000004,0.)));
#4294=IFCAXIS2PLACEMENT3D(#4295,#4296,#4297);
#4295=IFCCARTESIANPOINT((0.075000000372529033,0.060000000521540642,1.015000000372529));
#4296=IFCDIRECTION((0.,0.,1.));
#4297=IFCDIRECTION((1.,0.,0.));
#4298=IFCDIRECTION((0.,0.,1.));
#4342=IFCCARTESIANPOINTLIST2D(((0.,0.),(0.,2.),(0.69603598117828369,2.),(0.69603598117828369,0.),(0.67103598080575466,0.),(0.67103598080575466,1.974999999627471),(0.02500000037252903,1.974999999627471),(0.02500000037252903,0.)));
#4343=IFCINDEXEDPOLYCURVE(#4342,(IFCLINEINDEX((1,2,3,4,5,6,7,8,1))),$);
#4344=IFCARBITRARYCLOSEDPROFILEDEF(.AREA.,$,#4343);
#4345=IFCCARTESIANPOINT((0.,0.02500000037252903,0.));
#4346=IFCDIRECTION((0.,-1.,0.));
#4347=IFCDIRECTION((1.,0.,0.));
#4348=IFCAXIS2PLACEMENT3D(#4345,#4346,#4347);
#4349=IFCDIRECTION((0.,0.,-1.));
#4350=IFCEXTRUDEDAREASOLID(#4344,#4348,#4349,0.015000006183981895);
#4351=IFCCARTESIANPOINTLIST2D(((0.,0.),(0.,2.),(0.69603598117828369,2.),(0.69603598117828369,0.),(0.62022798508405685,0.),(0.62022798508405685,1.9241920039057732),(0.075807996094226837,1.9241920039057732),(0.075807996094226837,0.)));
#4352=IFCINDEXEDPOLYCURVE(#4351,(IFCLINEINDEX((1,2,3,4,5,6,7,8,1))),$);
#4353=IFCARBITRARYCLOSEDPROFILEDEF(.AREA.,$,#4352);
#4354=IFCCARTESIANPOINT((0.,0.,0.));
#4355=IFCDIRECTION((0.,-1.,0.));
#4356=IFCDIRECTION((1.,0.,0.));
#4357=IFCAXIS2PLACEMENT3D(#4354,#4355,#4356);
#4358=IFCDIRECTION((0.,0.,-1.));
#4359=IFCEXTRUDEDAREASOLID(#4353,#4357,#4358,0.02500000037252903);
#4360=IFCCARTESIANPOINTLIST2D(((0.,0.),(0.54441998898983002,0.),(0.54441998898983002,0.10000000149011612),(0.,0.10000000149011612)));
#4361=IFCINDEXEDPOLYCURVE(#4360,(IFCLINEINDEX((1,2,3,4,1))),$);
#4362=IFCARBITRARYCLOSEDPROFILEDEF(.AREA.,$,#4361);
#4363=IFCCARTESIANPOINT((0.075807996094226837,0.,0.));
#4364=IFCDIRECTION((0.,0.,1.));
#4365=IFCDIRECTION((1.,0.,0.));
#4366=IFCAXIS2PLACEMENT3D(#4363,#4364,#4365);
#4367=IFCDIRECTION((0.,0.,1.));
#4368=IFCEXTRUDEDAREASOLID(#4362,#4366,#4367,0.02500000037252903);
#4369=IFCCARTESIANPOINTLIST2D(((0.,0.),(0.,2.),(0.69603598117828369,2.),(0.69603598117828369,0.),(0.62103597819805145,0.),(0.62103597819805145,1.9249999970197678),(0.075000002980232239,1.9249999970197678),(0.075000002980232239,0.)));
#4370=IFCINDEXEDPOLYCURVE(#4369,(IFCLINEINDEX((1,2,3,4,5,6,7,8,1))),$);
#4371=IFCARBITRARYCLOSEDPROFILEDEF(.AREA.,$,#4370);
#4372=IFCCARTESIANPOINT((0.,-0.0010000000474974513,0.));
#4373=IFCDIRECTION((0.,-1.,0.));
#4374=IFCDIRECTION((1.,0.,0.));
#4375=IFCAXIS2PLACEMENT3D(#4372,#4373,#4374);
#4376=IFCDIRECTION((0.,0.,-1.));
#4377=IFCEXTRUDEDAREASOLID(#4371,#4375,#4376,0.0010000000474974513);
#4378=IFCCARTESIANPOINTLIST2D(((0.,0.),(0.,2.),(0.69603598117828369,2.),(0.69603598117828369,0.),(0.67184397391974926,0.),(0.67184397391974926,1.9758079927414656),(0.024192007258534431,1.9758079927414656),(0.024192007258534431,0.)));
#4379=IFCINDEXEDPOLYCURVE(#4378,(IFCLINEINDEX((1,2,3,4,5,6,7,8,1))),$);
#4380=IFCARBITRARYCLOSEDPROFILEDEF(.AREA.,$,#4379);
#4381=IFCCARTESIANPOINT((0.,0.040000006556510925,0.));
#4382=IFCDIRECTION((0.,-1.,0.));
#4383=IFCDIRECTION((1.,0.,0.));
#4384=IFCAXIS2PLACEMENT3D(#4381,#4382,#4383);
#4385=IFCDIRECTION((0.,0.,-1.));
#4386=IFCEXTRUDEDAREASOLID(#4380,#4384,#4385,0.0010000000474974513);
#4387=IFCCARTESIANPOINTLIST2D(((0.,0.),(0.64603598043322563,0.),(0.64603598043322563,0.035000000149011612),(0.,0.035000000149011612)));
#4388=IFCINDEXEDPOLYCURVE(#4387,(IFCLINEINDEX((1,2,3,4,1))),$);
#4389=IFCARBITRARYCLOSEDPROFILEDEF(.AREA.,$,#4388);
#4390=IFCCARTESIANPOINT((0.02500000037252903,0.02500000037252903,0.02500000037252903));
#4391=IFCDIRECTION((0.,0.,1.));
#4392=IFCDIRECTION((1.,0.,0.));
#4393=IFCAXIS2PLACEMENT3D(#4390,#4391,#4392);
#4394=IFCDIRECTION((0.,0.,1.));
#4395=IFCEXTRUDEDAREASOLID(#4389,#4393,#4394,1.9499999992549419);
#4396=IFCCARTESIANPOINTLIST2D(((0.,0.),(0.,-0.040000000000000001),(0.12,-0.040000000000000001),(0.12,-0.02),(0.02,-0.02),(0.02,0.)));
#4397=IFCINDEXEDPOLYCURVE(#4396,(IFCLINEINDEX((1,2,3,4,5,6,1))),$);
#4398=IFCARBITRARYCLOSEDPROFILEDEF(.AREA.,$,#4397);
#4399=IFCCARTESIANPOINT((0.075000000372529033,0.02500000037252903,1.015000000372529));
#4400=IFCDIRECTION((0.,0.,1.));
#4401=IFCDIRECTION((1.,0.,0.));
#4402=IFCAXIS2PLACEMENT3D(#4399,#4400,#4401);
#4403=IFCDIRECTION((0.,0.,1.));
#4404=IFCEXTRUDEDAREASOLID(#4398,#4402,#4403,0.02);
#4405=IFCEXTRUDEDAREASOLID(#4406,#4409,#4413,0.02);
#4406=IFCARBITRARYCLOSEDPROFILEDEF(.AREA.,$,#4407);
#4407=IFCINDEXEDPOLYCURVE(#4408,(IFCLINEINDEX((1,2,3,4,5,6,1))),$);
#4408=IFCCARTESIANPOINTLIST2D(((0.,0.),(0.,0.040000000000000008),(0.11999999999999998,0.040000000000000008),(0.11999999999999998,0.020000000000000004),(0.020000000000000004,0.020000000000000004),(0.020000000000000004,0.)));
#4409=IFCAXIS2PLACEMENT3D(#4410,#4411,#4412);
#4410=IFCCARTESIANPOINT((0.075000000372529033,0.060000000521540642,1.015000000372529));
#4411=IFCDIRECTION((0.,0.,1.));
#4412=IFCDIRECTION((1.,0.,0.));
#4413=IFCDIRECTION((0.,0.,1.));
#4457=IFCCARTESIANPOINTLIST2D(((0.,0.),(0.,2.),(0.65037071704864502,2.),(0.65037071704864502,0.),(0.62537071667611599,0.),(0.62537071667611599,1.974999999627471),(0.02500000037252903,1.974999999627471),(0.02500000037252903,0.)));
#4458=IFCINDEXEDPOLYCURVE(#4457,(IFCLINEINDEX((1,2,3,4,5,6,7,8,1))),$);
#4459=IFCARBITRARYCLOSEDPROFILEDEF(.AREA.,$,#4458);
#4460=IFCCARTESIANPOINT((0.,0.02500000037252903,0.));
#4461=IFCDIRECTION((0.,-1.,0.));
#4462=IFCDIRECTION((1.,0.,0.));
#4463=IFCAXIS2PLACEMENT3D(#4460,#4461,#4462);
#4464=IFCDIRECTION((0.,0.,-1.));
#4465=IFCEXTRUDEDAREASOLID(#4459,#4463,#4464,0.015000006183981895);
#4466=IFCCARTESIANPOINTLIST2D(((0.,0.),(0.,2.),(0.65037071704864502,2.),(0.65037071704864502,0.),(0.57456272095441818,0.),(0.57456272095441818,1.9241920039057732),(0.075807996094226837,1.9241920039057732),(0.075807996094226837,0.)));
#4467=IFCINDEXEDPOLYCURVE(#4466,(IFCLINEINDEX((1,2,3,4,5,6,7,8,1))),$);
#4468=IFCARBITRARYCLOSEDPROFILEDEF(.AREA.,$,#4467);
#4469=IFCCARTESIANPOINT((0.,0.,0.));
#4470=IFCDIRECTION((0.,-1.,0.));
#4471=IFCDIRECTION((1.,0.,0.));
#4472=IFCAXIS2PLACEMENT3D(#4469,#4470,#4471);
#4473=IFCDIRECTION((0.,0.,-1.));
#4474=IFCEXTRUDEDAREASOLID(#4468,#4472,#4473,0.02500000037252903);
#4475=IFCCARTESIANPOINTLIST2D(((0.,0.),(0.49875472486019135,0.),(0.49875472486019135,0.10000000149011612),(0.,0.10000000149011612)));
#4476=IFCINDEXEDPOLYCURVE(#4475,(IFCLINEINDEX((1,2,3,4,1))),$);
#4477=IFCARBITRARYCLOSEDPROFILEDEF(.AREA.,$,#4476);
#4478=IFCCARTESIANPOINT((0.075807996094226837,0.,0.));
#4479=IFCDIRECTION((0.,0.,1.));
#4480=IFCDIRECTION((1.,0.,0.));
#4481=IFCAXIS2PLACEMENT3D(#4478,#4479,#4480);
#4482=IFCDIRECTION((0.,0.,1.));
#4483=IFCEXTRUDEDAREASOLID(#4477,#4481,#4482,0.02500000037252903);
#4484=IFCCARTESIANPOINTLIST2D(((0.,0.),(0.,2.),(0.65037071704864502,2.),(0.65037071704864502,0.),(0.57537071406841278,0.),(0.57537071406841278,1.9249999970197678),(0.075000002980232239,1.9249999970197678),(0.075000002980232239,0.)));
#4485=IFCINDEXEDPOLYCURVE(#4484,(IFCLINEINDEX((1,2,3,4,5,6,7,8,1))),$);
#4486=IFCARBITRARYCLOSEDPROFILEDEF(.AREA.,$,#4485);
#4487=IFCCARTESIANPOINT((0.,-0.0010000000474974513,0.));
#4488=IFCDIRECTION((0.,-1.,0.));
#4489=IFCDIRECTION((1.,0.,0.));
#4490=IFCAXIS2PLACEMENT3D(#4487,#4488,#4489);
#4491=IFCDIRECTION((0.,0.,-1.));
#4492=IFCEXTRUDEDAREASOLID(#4486,#4490,#4491,0.0010000000474974513);
#4493=IFCCARTESIANPOINTLIST2D(((0.,0.),(0.,2.),(0.65037071704864502,2.),(0.65037071704864502,0.),(0.62617870979011059,0.),(0.62617870979011059,1.9758079927414656),(0.024192007258534431,1.9758079927414656),(0.024192007258534431,0.)));
#4494=IFCINDEXEDPOLYCURVE(#4493,(IFCLINEINDEX((1,2,3,4,5,6,7,8,1))),$);
#4495=IFCARBITRARYCLOSEDPROFILEDEF(.AREA.,$,#4494);
#4496=IFCCARTESIANPOINT((0.,0.040000006556510925,0.));
#4497=IFCDIRECTION((0.,-1.,0.));
#4498=IFCDIRECTION((1.,0.,0.));
#4499=IFCAXIS2PLACEMENT3D(#4496,#4497,#4498);
#4500=IFCDIRECTION((0.,0.,-1.));
#4501=IFCEXTRUDEDAREASOLID(#4495,#4499,#4500,0.0010000000474974513);
#4502=IFCCARTESIANPOINTLIST2D(((0.,0.),(0.60037071630358696,0.),(0.60037071630358696,0.035000000149011612),(0.,0.035000000149011612)));
#4503=IFCINDEXEDPOLYCURVE(#4502,(IFCLINEINDEX((1,2,3,4,1))),$);
#4504=IFCARBITRARYCLOSEDPROFILEDEF(.AREA.,$,#4503);
#4505=IFCCARTESIANPOINT((0.02500000037252903,0.02500000037252903,0.02500000037252903));
#4506=IFCDIRECTION((0.,0.,1.));
#4507=IFCDIRECTION((1.,0.,0.));
#4508=IFCAXIS2PLACEMENT3D(#4505,#4506,#4507);
#4509=IFCDIRECTION((0.,0.,1.));
#4510=IFCEXTRUDEDAREASOLID(#4504,#4508,#4509,1.9499999992549419);
#4511=IFCCARTESIANPOINTLIST2D(((0.,0.),(0.,-0.040000000000000001),(0.12,-0.040000000000000001),(0.12,-0.02),(0.02,-0.02),(0.02,0.)));
#4512=IFCINDEXEDPOLYCURVE(#4511,(IFCLINEINDEX((1,2,3,4,5,6,1))),$);
#4513=IFCARBITRARYCLOSEDPROFILEDEF(.AREA.,$,#4512);
#4514=IFCCARTESIANPOINT((0.075000000372529033,0.02500000037252903,1.015000000372529));
#4515=IFCDIRECTION((0.,0.,1.));
#4516=IFCDIRECTION((1.,0.,0.));
#4517=IFCAXIS2PLACEMENT3D(#4514,#4515,#4516);
#4518=IFCDIRECTION((0.,0.,1.));
#4519=IFCEXTRUDEDAREASOLID(#4513,#4517,#4518,0.02);
#4520=IFCEXTRUDEDAREASOLID(#4521,#4524,#4528,0.02);
#4521=IFCARBITRARYCLOSEDPROFILEDEF(.AREA.,$,#4522);
#4522=IFCINDEXEDPOLYCURVE(#4523,(IFCLINEINDEX((1,2,3,4,5,6,1))),$);
#4523=IFCCARTESIANPOINTLIST2D(((0.,0.),(0.,0.040000000000000008),(0.11999999999999998,0.040000000000000008),(0.11999999999999998,0.020000000000000004),(0.020000000000000004,0.020000000000000004),(0.020000000000000004,0.)));
#4524=IFCAXIS2PLACEMENT3D(#4525,#4526,#4527);
#4525=IFCCARTESIANPOINT((0.075000000372529033,0.060000000521540642,1.015000000372529));
#4526=IFCDIRECTION((0.,0.,1.));
#4527=IFCDIRECTION((1.,0.,0.));
#4528=IFCDIRECTION((0.,0.,1.));
#4572=IFCCARTESIANPOINTLIST2D(((0.,0.),(0.,2.),(0.65037071704864502,2.),(0.65037071704864502,0.),(0.62537071667611599,0.),(0.62537071667611599,1.974999999627471),(0.02500000037252903,1.974999999627471),(0.02500000037252903,0.)));
#4573=IFCINDEXEDPOLYCURVE(#4572,(IFCLINEINDEX((1,2,3,4,5,6,7,8,1))),$);
#4574=IFCARBITRARYCLOSEDPROFILEDEF(.AREA.,$,#4573);
#4575=IFCCARTESIANPOINT((0.,0.02500000037252903,0.));
#4576=IFCDIRECTION((0.,-1.,0.));
#4577=IFCDIRECTION((1.,0.,0.));
#4578=IFCAXIS2PLACEMENT3D(#4575,#4576,#4577);
#4579=IFCDIRECTION((0.,0.,-1.));
#4580=IFCEXTRUDEDAREASOLID(#4574,#4578,#4579,0.015000006183981895);
#4581=IFCCARTESIANPOINTLIST2D(((0.,0.),(0.,2.),(0.65037071704864502,2.),(0.65037071704864502,0.),(0.57456272095441818,0.),(0.57456272095441818,1.9241920039057732),(0.075807996094226837,1.9241920039057732),(0.075807996094226837,0.)));
#4582=IFCINDEXEDPOLYCURVE(#4581,(IFCLINEINDEX((1,2,3,4,5,6,7,8,1))),$);
#4583=IFCARBITRARYCLOSEDPROFILEDEF(.AREA.,$,#4582);
#4584=IFCCARTESIANPOINT((0.,0.,0.));
#4585=IFCDIRECTION((0.,-1.,0.));
#4586=IFCDIRECTION((1.,0.,0.));
#4587=IFCAXIS2PLACEMENT3D(#4584,#4585,#4586);
#4588=IFCDIRECTION((0.,0.,-1.));
#4589=IFCEXTRUDEDAREASOLID(#4583,#4587,#4588,0.02500000037252903);
#4590=IFCCARTESIANPOINTLIST2D(((0.,0.),(0.49875472486019135,0.),(0.49875472486019135,0.10000000149011612),(0.,0.10000000149011612)));
#4591=IFCINDEXEDPOLYCURVE(#4590,(IFCLINEINDEX((1,2,3,4,1))),$);
#4592=IFCARBITRARYCLOSEDPROFILEDEF(.AREA.,$,#4591);
#4593=IFCCARTESIANPOINT((0.075807996094226837,0.,0.));
#4594=IFCDIRECTION((0.,0.,1.));
#4595=IFCDIRECTION((1.,0.,0.));
#4596=IFCAXIS2PLACEMENT3D(#4593,#4594,#4595);
#4597=IFCDIRECTION((0.,0.,1.));
#4598=IFCEXTRUDEDAREASOLID(#4592,#4596,#4597,0.02500000037252903);
#4599=IFCCARTESIANPOINTLIST2D(((0.,0.),(0.,2.),(0.65037071704864502,2.),(0.65037071704864502,0.),(0.57537071406841278,0.),(0.57537071406841278,1.9249999970197678),(0.075000002980232239,1.9249999970197678),(0.075000002980232239,0.)));
#4600=IFCINDEXEDPOLYCURVE(#4599,(IFCLINEINDEX((1,2,3,4,5,6,7,8,1))),$);
#4601=IFCARBITRARYCLOSEDPROFILEDEF(.AREA.,$,#4600);
#4602=IFCCARTESIANPOINT((0.,-0.0010000000474974513,0.));
#4603=IFCDIRECTION((0.,-1.,0.));
#4604=IFCDIRECTION((1.,0.,0.));
#4605=IFCAXIS2PLACEMENT3D(#4602,#4603,#4604);
#4606=IFCDIRECTION((0.,0.,-1.));
#4607=IFCEXTRUDEDAREASOLID(#4601,#4605,#4606,0.0010000000474974513);
#4608=IFCCARTESIANPOINTLIST2D(((0.,0.),(0.,2.),(0.65037071704864502,2.),(0.65037071704864502,0.),(0.62617870979011059,0.),(0.62617870979011059,1.9758079927414656),(0.024192007258534431,1.9758079927414656),(0.024192007258534431,0.)));
#4609=IFCINDEXEDPOLYCURVE(#4608,(IFCLINEINDEX((1,2,3,4,5,6,7,8,1))),$);
#4610=IFCARBITRARYCLOSEDPROFILEDEF(.AREA.,$,#4609);
#4611=IFCCARTESIANPOINT((0.,0.040000006556510925,0.));
#4612=IFCDIRECTION((0.,-1.,0.));
#4613=IFCDIRECTION((1.,0.,0.));
#4614=IFCAXIS2PLACEMENT3D(#4611,#4612,#4613);
#4615=IFCDIRECTION((0.,0.,-1.));
#4616=IFCEXTRUDEDAREASOLID(#4610,#4614,#4615,0.0010000000474974513);
#4617=IFCCARTESIANPOINTLIST2D(((0.,0.),(0.60037071630358696,0.),(0.60037071630358696,0.035000000149011612),(0.,0.035000000149011612)));
#4618=IFCINDEXEDPOLYCURVE(#4617,(IFCLINEINDEX((1,2,3,4,1))),$);
#4619=IFCARBITRARYCLOSEDPROFILEDEF(.AREA.,$,#4618);
#4620=IFCCARTESIANPOINT((0.02500000037252903,0.02500000037252903,0.02500000037252903));
#4621=IFCDIRECTION((0.,0.,1.));
#4622=IFCDIRECTION((1.,0.,0.));
#4623=IFCAXIS2PLACEMENT3D(#4620,#4621,#4622);
#4624=IFCDIRECTION((0.,0.,1.));
#4625=IFCEXTRUDEDAREASOLID(#4619,#4623,#4624,1.9499999992549419);
#4626=IFCCARTESIANPOINTLIST2D(((0.,0.),(0.,-0.040000000000000001),(-0.11999999999999994,-0.040000000000000001),(-0.11999999999999994,-0.02),(-0.020000000000000018,-0.02),(-0.020000000000000018,0.)));
#4627=IFCINDEXEDPOLYCURVE(#4626,(IFCLINEINDEX((1,2,3,4,5,6,1))),$);
#4628=IFCARBITRARYCLOSEDPROFILEDEF(.AREA.,$,#4627);
#4629=IFCCARTESIANPOINT((0.57537071667611595,0.02500000037252903,1.015000000372529));
#4630=IFCDIRECTION((0.,0.,1.));
#4631=IFCDIRECTION((1.,0.,0.));
#4632=IFCAXIS2PLACEMENT3D(#4629,#4630,#4631);
#4633=IFCDIRECTION((0.,0.,1.));
#4634=IFCEXTRUDEDAREASOLID(#4628,#4632,#4633,0.02);
#4635=IFCEXTRUDEDAREASOLID(#4636,#4639,#4643,0.02);
#4636=IFCARBITRARYCLOSEDPROFILEDEF(.AREA.,$,#4637);
#4637=IFCINDEXEDPOLYCURVE(#4638,(IFCLINEINDEX((1,2,3,4,5,6,1))),$);
#4638=IFCCARTESIANPOINTLIST2D(((0.,0.),(0.,0.040000000000000008),(-0.11999999999999994,0.040000000000000008),(-0.11999999999999994,0.020000000000000004),(-0.020000000000000018,0.020000000000000004),(-0.020000000000000018,0.)));
#4639=IFCAXIS2PLACEMENT3D(#4640,#4641,#4642);
#4640=IFCCARTESIANPOINT((0.57537071667611595,0.060000000521540642,1.015000000372529));
#4641=IFCDIRECTION((0.,0.,1.));
#4642=IFCDIRECTION((1.,0.,0.));
#4643=IFCDIRECTION((0.,0.,1.));
#4687=IFCCARTESIANPOINTLIST2D(((0.,0.),(0.,2.),(0.65037071704864502,2.),(0.65037071704864502,0.),(0.62537071667611599,0.),(0.62537071667611599,1.974999999627471),(0.02500000037252903,1.974999999627471),(0.02500000037252903,0.)));
#4688=IFCINDEXEDPOLYCURVE(#4687,(IFCLINEINDEX((1,2,3,4,5,6,7,8,1))),$);
#4689=IFCARBITRARYCLOSEDPROFILEDEF(.AREA.,$,#4688);
#4690=IFCCARTESIANPOINT((0.,0.02500000037252903,0.));
#4691=IFCDIRECTION((0.,-1.,0.));
#4692=IFCDIRECTION((1.,0.,0.));
#4693=IFCAXIS2PLACEMENT3D(#4690,#4691,#4692);
#4694=IFCDIRECTION((0.,0.,-1.));
#4695=IFCEXTRUDEDAREASOLID(#4689,#4693,#4694,0.015000006183981895);
#4696=IFCCARTESIANPOINTLIST2D(((0.,0.),(0.,2.),(0.65037071704864502,2.),(0.65037071704864502,0.),(0.57456272095441818,0.),(0.57456272095441818,1.9241920039057732),(0.075807996094226837,1.9241920039057732),(0.075807996094226837,0.)));
#4697=IFCINDEXEDPOLYCURVE(#4696,(IFCLINEINDEX((1,2,3,4,5,6,7,8,1))),$);
#4698=IFCARBITRARYCLOSEDPROFILEDEF(.AREA.,$,#4697);
#4699=IFCCARTESIANPOINT((0.,0.,0.));
#4700=IFCDIRECTION((0.,-1.,0.));
#4701=IFCDIRECTION((1.,0.,0.));
#4702=IFCAXIS2PLACEMENT3D(#4699,#4700,#4701);
#4703=IFCDIRECTION((0.,0.,-1.));
#4704=IFCEXTRUDEDAREASOLID(#4698,#4702,#4703,0.02500000037252903);
#4705=IFCCARTESIANPOINTLIST2D(((0.,0.),(0.49875472486019135,0.),(0.49875472486019135,0.10000000149011612),(0.,0.10000000149011612)));
#4706=IFCINDEXEDPOLYCURVE(#4705,(IFCLINEINDEX((1,2,3,4,1))),$);
#4707=IFCARBITRARYCLOSEDPROFILEDEF(.AREA.,$,#4706);
#4708=IFCCARTESIANPOINT((0.075807996094226837,0.,0.));
#4709=IFCDIRECTION((0.,0.,1.));
#4710=IFCDIRECTION((1.,0.,0.));
#4711=IFCAXIS2PLACEMENT3D(#4708,#4709,#4710);
#4712=IFCDIRECTION((0.,0.,1.));
#4713=IFCEXTRUDEDAREASOLID(#4707,#4711,#4712,0.02500000037252903);
#4714=IFCCARTESIANPOINTLIST2D(((0.,0.),(0.,2.),(0.65037071704864502,2.),(0.65037071704864502,0.),(0.57537071406841278,0.),(0.57537071406841278,1.9249999970197678),(0.075000002980232239,1.9249999970197678),(0.075000002980232239,0.)));
#4715=IFCINDEXEDPOLYCURVE(#4714,(IFCLINEINDEX((1,2,3,4,5,6,7,8,1))),$);
#4716=IFCARBITRARYCLOSEDPROFILEDEF(.AREA.,$,#4715);
#4717=IFCCARTESIANPOINT((0.,-0.0010000000474974513,0.));
#4718=IFCDIRECTION((0.,-1.,0.));
#4719=IFCDIRECTION((1.,0.,0.));
#4720=IFCAXIS2PLACEMENT3D(#4717,#4718,#4719);
#4721=IFCDIRECTION((0.,0.,-1.));
#4722=IFCEXTRUDEDAREASOLID(#4716,#4720,#4721,0.0010000000474974513);
#4723=IFCCARTESIANPOINTLIST2D(((0.,0.),(0.,2.),(0.65037071704864502,2.),(0.65037071704864502,0.),(0.62617870979011059,0.),(0.62617870979011059,1.9758079927414656),(0.024192007258534431,1.9758079927414656),(0.024192007258534431,0.)));
#4724=IFCINDEXEDPOLYCURVE(#4723,(IFCLINEINDEX((1,2,3,4,5,6,7,8,1))),$);
#4725=IFCARBITRARYCLOSEDPROFILEDEF(.AREA.,$,#4724);
#4726=IFCCARTESIANPOINT((0.,0.040000006556510925,0.));
#4727=IFCDIRECTION((0.,-1.,0.));
#4728=IFCDIRECTION((1.,0.,0.));
#4729=IFCAXIS2PLACEMENT3D(#4726,#4727,#4728);
#4730=IFCDIRECTION((0.,0.,-1.));
#4731=IFCEXTRUDEDAREASOLID(#4725,#4729,#4730,0.0010000000474974513);
#4732=IFCCARTESIANPOINTLIST2D(((0.,0.),(0.60037071630358696,0.),(0.60037071630358696,0.035000000149011612),(0.,0.035000000149011612)));
#4733=IFCINDEXEDPOLYCURVE(#4732,(IFCLINEINDEX((1,2,3,4,1))),$);
#4734=IFCARBITRARYCLOSEDPROFILEDEF(.AREA.,$,#4733);
#4735=IFCCARTESIANPOINT((0.02500000037252903,0.02500000037252903,0.02500000037252903));
#4736=IFCDIRECTION((0.,0.,1.));
#4737=IFCDIRECTION((1.,0.,0.));
#4738=IFCAXIS2PLACEMENT3D(#4735,#4736,#4737);
#4739=IFCDIRECTION((0.,0.,1.));
#4740=IFCEXTRUDEDAREASOLID(#4734,#4738,#4739,1.9499999992549419);
#4741=IFCCARTESIANPOINTLIST2D(((0.,0.),(0.,-0.040000000000000001),(-0.11999999999999994,-0.040000000000000001),(-0.11999999999999994,-0.02),(-0.020000000000000018,-0.02),(-0.020000000000000018,0.)));
#4742=IFCINDEXEDPOLYCURVE(#4741,(IFCLINEINDEX((1,2,3,4,5,6,1))),$);
#4743=IFCARBITRARYCLOSEDPROFILEDEF(.AREA.,$,#4742);
#4744=IFCCARTESIANPOINT((0.57537071667611595,0.02500000037252903,1.015000000372529));
#4745=IFCDIRECTION((0.,0.,1.));
#4746=IFCDIRECTION((1.,0.,0.));
#4747=IFCAXIS2PLACEMENT3D(#4744,#4745,#4746);
#4748=IFCDIRECTION((0.,0.,1.));
#4749=IFCEXTRUDEDAREASOLID(#4743,#4747,#4748,0.02);
#4750=IFCEXTRUDEDAREASOLID(#4751,#4754,#4758,0.02);
#4751=IFCARBITRARYCLOSEDPROFILEDEF(.AREA.,$,#4752);
#4752=IFCINDEXEDPOLYCURVE(#4753,(IFCLINEINDEX((1,2,3,4,5,6,1))),$);
#4753=IFCCARTESIANPOINTLIST2D(((0.,0.),(0.,0.040000000000000008),(-0.11999999999999994,0.040000000000000008),(-0.11999999999999994,0.020000000000000004),(-0.020000000000000018,0.020000000000000004),(-0.020000000000000018,0.)));
#4754=IFCAXIS2PLACEMENT3D(#4755,#4756,#4757);
#4755=IFCCARTESIANPOINT((0.57537071667611595,0.060000000521540642,1.015000000372529));
#4756=IFCDIRECTION((0.,0.,1.));
#4757=IFCDIRECTION((1.,0.,0.));
#4758=IFCDIRECTION((0.,0.,1.));
#4799=IFCCARTESIANPOINTLIST3D(((0.,0.,0.),(0.65037071704864502,0.,0.),(0.65037071704864502,0.,2.),(0.,0.,2.)));
#4800=IFCINDEXEDPOLYCURVE(#4799,(IFCLINEINDEX((1,2,3,4,1))),$);
#4801=IFCSHAPEREPRESENTATION(#18,'Profile','Curve3D',(#4800));
#4802=IFCCARTESIANPOINTLIST2D(((0.,0.),(0.,2.),(0.65037071704864502,2.),(0.65037071704864502,0.),(0.62537071667611599,0.),(0.62537071667611599,1.974999999627471),(0.02500000037252903,1.974999999627471),(0.02500000037252903,0.)));
#4803=IFCINDEXEDPOLYCURVE(#4802,(IFCLINEINDEX((1,2,3,4,5,6,7,8,1))),$);
#4804=IFCARBITRARYCLOSEDPROFILEDEF(.AREA.,$,#4803);
#4805=IFCCARTESIANPOINT((0.,0.02500000037252903,0.));
#4806=IFCDIRECTION((0.,-1.,0.));
#4807=IFCDIRECTION((1.,0.,0.));
#4808=IFCAXIS2PLACEMENT3D(#4805,#4806,#4807);
#4809=IFCDIRECTION((0.,0.,-1.));
#4810=IFCEXTRUDEDAREASOLID(#4804,#4808,#4809,0.015000006183981895);
#4811=IFCCARTESIANPOINTLIST2D(((0.,0.),(0.,2.),(0.65037071704864502,2.),(0.65037071704864502,0.),(0.57456272095441818,0.),(0.57456272095441818,1.9241920039057732),(0.075807996094226837,1.9241920039057732),(0.075807996094226837,0.)));
#4812=IFCINDEXEDPOLYCURVE(#4811,(IFCLINEINDEX((1,2,3,4,5,6,7,8,1))),$);
#4813=IFCARBITRARYCLOSEDPROFILEDEF(.AREA.,$,#4812);
#4814=IFCCARTESIANPOINT((0.,0.,0.));
#4815=IFCDIRECTION((0.,-1.,0.));
#4816=IFCDIRECTION((1.,0.,0.));
#4817=IFCAXIS2PLACEMENT3D(#4814,#4815,#4816);
#4818=IFCDIRECTION((0.,0.,-1.));
#4819=IFCEXTRUDEDAREASOLID(#4813,#4817,#4818,0.02500000037252903);
#4820=IFCCARTESIANPOINTLIST2D(((0.,0.),(0.49875472486019135,0.),(0.49875472486019135,0.10000000149011612),(0.,0.10000000149011612)));
#4821=IFCINDEXEDPOLYCURVE(#4820,(IFCLINEINDEX((1,2,3,4,1))),$);
#4822=IFCARBITRARYCLOSEDPROFILEDEF(.AREA.,$,#4821);
#4823=IFCCARTESIANPOINT((0.075807996094226837,0.,0.));
#4824=IFCDIRECTION((0.,0.,1.));
#4825=IFCDIRECTION((1.,0.,0.));
#4826=IFCAXIS2PLACEMENT3D(#4823,#4824,#4825);
#4827=IFCDIRECTION((0.,0.,1.));
#4828=IFCEXTRUDEDAREASOLID(#4822,#4826,#4827,0.02500000037252903);
#4829=IFCCARTESIANPOINTLIST2D(((0.,0.),(0.,2.),(0.65037071704864502,2.),(0.65037071704864502,0.),(0.57537071406841278,0.),(0.57537071406841278,1.9249999970197678),(0.075000002980232239,1.9249999970197678),(0.075000002980232239,0.)));
#4830=IFCINDEXEDPOLYCURVE(#4829,(IFCLINEINDEX((1,2,3,4,5,6,7,8,1))),$);
#4831=IFCARBITRARYCLOSEDPROFILEDEF(.AREA.,$,#4830);
#4832=IFCCARTESIANPOINT((0.,-0.0010000000474974513,0.));
#4833=IFCDIRECTION((0.,-1.,0.));
#4834=IFCDIRECTION((1.,0.,0.));
#4835=IFCAXIS2PLACEMENT3D(#4832,#4833,#4834);
#4836=IFCDIRECTION((0.,0.,-1.));
#4837=IFCEXTRUDEDAREASOLID(#4831,#4835,#4836,0.0010000000474974513);
#4838=IFCCARTESIANPOINTLIST2D(((0.,0.),(0.,2.),(0.65037071704864502,2.),(0.65037071704864502,0.),(0.62617870979011059,0.),(0.62617870979011059,1.9758079927414656),(0.024192007258534431,1.9758079927414656),(0.024192007258534431,0.)));
#4839=IFCINDEXEDPOLYCURVE(#4838,(IFCLINEINDEX((1,2,3,4,5,6,7,8,1))),$);
#4840=IFCARBITRARYCLOSEDPROFILEDEF(.AREA.,$,#4839);
#4841=IFCCARTESIANPOINT((0.,0.040000006556510925,0.));
#4842=IFCDIRECTION((0.,-1.,0.));
#4843=IFCDIRECTION((1.,0.,0.));
#4844=IFCAXIS2PLACEMENT3D(#4841,#4842,#4843);
#4845=IFCDIRECTION((0.,0.,-1.));
#4846=IFCEXTRUDEDAREASOLID(#4840,#4844,#4845,0.0010000000474974513);
#4847=IFCCARTESIANPOINTLIST2D(((0.,0.),(0.60037071630358696,0.),(0.60037071630358696,0.035000000149011612),(0.,0.035000000149011612)));
#4848=IFCINDEXEDPOLYCURVE(#4847,(IFCLINEINDEX((1,2,3,4,1))),$);
#4849=IFCARBITRARYCLOSEDPROFILEDEF(.AREA.,$,#4848);
#4850=IFCCARTESIANPOINT((0.02500000037252903,0.02500000037252903,0.02500000037252903));
#4851=IFCDIRECTION((0.,0.,1.));
#4852=IFCDIRECTION((1.,0.,0.));
#4853=IFCAXIS2PLACEMENT3D(#4850,#4851,#4852);
#4854=IFCDIRECTION((0.,0.,1.));
#4855=IFCEXTRUDEDAREASOLID(#4849,#4853,#4854,1.9499999992549419);
#4856=IFCCARTESIANPOINTLIST2D(((0.,0.),(0.,-0.040000000000000001),(-0.11999999999999994,-0.040000000000000001),(-0.11999999999999994,-0.02),(-0.020000000000000018,-0.02),(-0.020000000000000018,0.)));
#4857=IFCINDEXEDPOLYCURVE(#4856,(IFCLINEINDEX((1,2,3,4,5,6,1))),$);
#4858=IFCARBITRARYCLOSEDPROFILEDEF(.AREA.,$,#4857);
#4859=IFCCARTESIANPOINT((0.57537071667611595,0.02500000037252903,1.015000000372529));
#4860=IFCDIRECTION((0.,0.,1.));
#4861=IFCDIRECTION((1.,0.,0.));
#4862=IFCAXIS2PLACEMENT3D(#4859,#4860,#4861);
#4863=IFCDIRECTION((0.,0.,1.));
#4864=IFCEXTRUDEDAREASOLID(#4858,#4862,#4863,0.02);
#4865=IFCEXTRUDEDAREASOLID(#4866,#4869,#4873,0.02);
#4866=IFCARBITRARYCLOSEDPROFILEDEF(.AREA.,$,#4867);
#4867=IFCINDEXEDPOLYCURVE(#4868,(IFCLINEINDEX((1,2,3,4,5,6,1))),$);
#4868=IFCCARTESIANPOINTLIST2D(((0.,0.),(0.,0.040000000000000008),(-0.11999999999999994,0.040000000000000008),(-0.11999999999999994,0.020000000000000004),(-0.020000000000000018,0.020000000000000004),(-0.020000000000000018,0.)));
#4869=IFCAXIS2PLACEMENT3D(#4870,#4871,#4872);
#4870=IFCCARTESIANPOINT((0.57537071667611595,0.060000000521540642,1.015000000372529));
#4871=IFCDIRECTION((0.,0.,1.));
#4872=IFCDIRECTION((1.,0.,0.));
#4873=IFCDIRECTION((0.,0.,1.));
#4874=IFCSHAPEREPRESENTATION(#11,'Body','SweptSolid',(#4810,#4819,#4855,#4864,#4865,#4828,#4837,#4846));
#4875=IFCCARTESIANPOINTLIST2D(((0.,0.),(0.,0.040000006556510925),(0.02500000037252903,0.040000006556510925),(0.02500000037252903,0.02500000037252903),(0.075807996094226837,0.02500000037252903),(0.075807996094226837,0.)));
#4876=IFCINDEXEDPOLYCURVE(#4875,(IFCLINEINDEX((1,2,3,4,5,6,1))),$);
#4877=IFCINDEXEDPOLYCURVE(#4878,(IFCLINEINDEX((1,2,3,4,5,6,1))),$);
#4878=IFCCARTESIANPOINTLIST2D(((0.65037071704864502,0.),(0.65037071704864502,0.040000006556510925),(0.62537071667611599,0.040000006556510925),(0.62537071667611599,0.02500000037252903),(0.57456272095441818,0.02500000037252903),(0.57456272095441818,0.)));
#4879=IFCDIRECTION((1.,0.));
#4880=IFCCARTESIANPOINT((0.060000000521540642,0.040000006556510925));
#4881=IFCAXIS2PLACEMENT2D(#4880,#4879);
#4882=IFCELLIPSE(#4881,0.56537071615457535,0.60037071630358696);
#4883=IFCCARTESIANPOINT((0.62537071667611599,0.040000006556510925));
#4884=IFCCARTESIANPOINT((0.060000000521540642,0.64037072286009789));
#4885=IFCTRIMMEDCURVE(#4882,(#4883),(#4884),.T.,.CARTESIAN.);
#4886=IFCCARTESIANPOINTLIST2D(((0.02500000037252903,0.040000006556510925),(0.060000000521540642,0.040000006556510925),(0.060000000521540642,0.64037072286009789),(0.02500000037252903,0.64037072286009789)));
#4887=IFCINDEXEDPOLYCURVE(#4886,(IFCLINEINDEX((1,2,3,4,1))),$);
#4888=IFCSHAPEREPRESENTATION(#24,'Body','Curve2D',(#4876,#4877,#4885,#4887));
#4889=IFCCARTESIANPOINTLIST2D(((0.,0.),(0.65037071704864502,0.),(0.65037071704864502,2.),(0.,2.)));
#4890=IFCINDEXEDPOLYCURVE(#4889,(IFCLINEINDEX((1,2,3,4,1))),$);
#4891=IFCARBITRARYCLOSEDPROFILEDEF(.AREA.,$,#4890);
#4892=IFCCARTESIANPOINT((0.,-0.60000002384185791,0.));
#4893=IFCDIRECTION((0.,-1.,0.));
#4894=IFCDIRECTION((1.,0.,0.));
#4895=IFCAXIS2PLACEMENT3D(#4892,#4893,#4894);
#4896=IFCDIRECTION((0.,0.,-1.));
#4897=IFCEXTRUDEDAREASOLID(#4891,#4895,#4896,1.2);
#4898=IFCSHAPEREPRESENTATION(#11,'Body','SweptSolid',(#4897));
#4904=IFCCARTESIANPOINT((0.093910691201707586,0.01500000397997181,0.));
#4905=IFCDIRECTION((0.,0.,1.));
#4906=IFCDIRECTION((0.99999999999999289,-1.1920928955077312E-07,0.));
#4907=IFCAXIS2PLACEMENT3D(#4904,#4905,#4906);
#4908=IFCLOCALPLACEMENT(#1082,#4907);
#4909=IFCCARTESIANPOINT((0.,0.,0.));
#4910=IFCDIRECTION((0.,0.,1.));
#4911=IFCDIRECTION((1.,0.,0.));
#4912=IFCAXIS2PLACEMENT3D(#4909,#4910,#4911);
#4913=IFCLOCALPLACEMENT(#4908,#4912);
#4917=IFCCARTESIANPOINTLIST2D(((0.,0.),(0.,2.),(0.89999997615814209,2.),(0.89999997615814209,0.),(0.87499997578561306,0.),(0.87499997578561306,1.974999999627471),(0.02500000037252903,1.974999999627471),(0.02500000037252903,0.)));
#4918=IFCINDEXEDPOLYCURVE(#4917,(IFCLINEINDEX((1,2,3,4,5,6,7,8,1))),$);
#4919=IFCARBITRARYCLOSEDPROFILEDEF(.AREA.,$,#4918);
#4920=IFCCARTESIANPOINT((0.,0.02500000037252903,0.));
#4921=IFCDIRECTION((0.,-1.,0.));
#4922=IFCDIRECTION((1.,0.,0.));
#4923=IFCAXIS2PLACEMENT3D(#4920,#4921,#4922);
#4924=IFCDIRECTION((0.,0.,-1.));
#4925=IFCEXTRUDEDAREASOLID(#4919,#4923,#4924,0.015000006183981895);
#4926=IFCCARTESIANPOINTLIST2D(((0.,0.),(0.,2.),(0.89999997615814209,2.),(0.89999997615814209,0.),(0.82419198006391525,0.),(0.82419198006391525,1.9241920039057732),(0.075807996094226837,1.9241920039057732),(0.075807996094226837,0.)));
#4927=IFCINDEXEDPOLYCURVE(#4926,(IFCLINEINDEX((1,2,3,4,5,6,7,8,1))),$);
#4928=IFCARBITRARYCLOSEDPROFILEDEF(.AREA.,$,#4927);
#4929=IFCCARTESIANPOINT((0.,0.,0.));
#4930=IFCDIRECTION((0.,-1.,0.));
#4931=IFCDIRECTION((1.,0.,0.));
#4932=IFCAXIS2PLACEMENT3D(#4929,#4930,#4931);
#4933=IFCDIRECTION((0.,0.,-1.));
#4934=IFCEXTRUDEDAREASOLID(#4928,#4932,#4933,0.02500000037252903);
#4935=IFCCARTESIANPOINTLIST2D(((0.,0.),(0.74838398396968842,0.),(0.74838398396968842,0.10000000149011612),(0.,0.10000000149011612)));
#4936=IFCINDEXEDPOLYCURVE(#4935,(IFCLINEINDEX((1,2,3,4,1))),$);
#4937=IFCARBITRARYCLOSEDPROFILEDEF(.AREA.,$,#4936);
#4938=IFCCARTESIANPOINT((0.075807996094226837,0.,0.));
#4939=IFCDIRECTION((0.,0.,1.));
#4940=IFCDIRECTION((1.,0.,0.));
#4941=IFCAXIS2PLACEMENT3D(#4938,#4939,#4940);
#4942=IFCDIRECTION((0.,0.,1.));
#4943=IFCEXTRUDEDAREASOLID(#4937,#4941,#4942,0.02500000037252903);
#4944=IFCCARTESIANPOINTLIST2D(((0.,0.),(0.,2.),(0.89999997615814209,2.),(0.89999997615814209,0.),(0.82499997317790985,0.),(0.82499997317790985,1.9249999970197678),(0.075000002980232239,1.9249999970197678),(0.075000002980232239,0.)));
#4945=IFCINDEXEDPOLYCURVE(#4944,(IFCLINEINDEX((1,2,3,4,5,6,7,8,1))),$);
#4946=IFCARBITRARYCLOSEDPROFILEDEF(.AREA.,$,#4945);
#4947=IFCCARTESIANPOINT((0.,-0.0010000000474974513,0.));
#4948=IFCDIRECTION((0.,-1.,0.));
#4949=IFCDIRECTION((1.,0.,0.));
#4950=IFCAXIS2PLACEMENT3D(#4947,#4948,#4949);
#4951=IFCDIRECTION((0.,0.,-1.));
#4952=IFCEXTRUDEDAREASOLID(#4946,#4950,#4951,0.0010000000474974513);
#4953=IFCCARTESIANPOINTLIST2D(((0.,0.),(0.,2.),(0.89999997615814209,2.),(0.89999997615814209,0.),(0.87580796889960766,0.),(0.87580796889960766,1.9758079927414656),(0.024192007258534431,1.9758079927414656),(0.024192007258534431,0.)));
#4954=IFCINDEXEDPOLYCURVE(#4953,(IFCLINEINDEX((1,2,3,4,5,6,7,8,1))),$);
#4955=IFCARBITRARYCLOSEDPROFILEDEF(.AREA.,$,#4954);
#4956=IFCCARTESIANPOINT((0.,0.040000006556510925,0.));
#4957=IFCDIRECTION((0.,-1.,0.));
#4958=IFCDIRECTION((1.,0.,0.));
#4959=IFCAXIS2PLACEMENT3D(#4956,#4957,#4958);
#4960=IFCDIRECTION((0.,0.,-1.));
#4961=IFCEXTRUDEDAREASOLID(#4955,#4959,#4960,0.0010000000474974513);
#4962=IFCCARTESIANPOINTLIST2D(((0.,0.),(0.84999997541308403,0.),(0.84999997541308403,0.035000000149011612),(0.,0.035000000149011612)));
#4963=IFCINDEXEDPOLYCURVE(#4962,(IFCLINEINDEX((1,2,3,4,1))),$);
#4964=IFCARBITRARYCLOSEDPROFILEDEF(.AREA.,$,#4963);
#4965=IFCCARTESIANPOINT((0.02500000037252903,0.02500000037252903,0.02500000037252903));
#4966=IFCDIRECTION((0.,0.,1.));
#4967=IFCDIRECTION((1.,0.,0.));
#4968=IFCAXIS2PLACEMENT3D(#4965,#4966,#4967);
#4969=IFCDIRECTION((0.,0.,1.));
#4970=IFCEXTRUDEDAREASOLID(#4964,#4968,#4969,1.9499999992549419);
#4971=IFCCARTESIANPOINTLIST2D(((0.,0.),(0.,-0.040000000000000001),(0.12,-0.040000000000000001),(0.12,-0.02),(0.02,-0.02),(0.02,0.)));
#4972=IFCINDEXEDPOLYCURVE(#4971,(IFCLINEINDEX((1,2,3,4,5,6,1))),$);
#4973=IFCARBITRARYCLOSEDPROFILEDEF(.AREA.,$,#4972);
#4974=IFCCARTESIANPOINT((0.075000000372529033,0.02500000037252903,1.015000000372529));
#4975=IFCDIRECTION((0.,0.,1.));
#4976=IFCDIRECTION((1.,0.,0.));
#4977=IFCAXIS2PLACEMENT3D(#4974,#4975,#4976);
#4978=IFCDIRECTION((0.,0.,1.));
#4979=IFCEXTRUDEDAREASOLID(#4973,#4977,#4978,0.02);
#4980=IFCEXTRUDEDAREASOLID(#4981,#4984,#4988,0.02);
#4981=IFCARBITRARYCLOSEDPROFILEDEF(.AREA.,$,#4982);
#4982=IFCINDEXEDPOLYCURVE(#4983,(IFCLINEINDEX((1,2,3,4,5,6,1))),$);
#4983=IFCCARTESIANPOINTLIST2D(((0.,0.),(0.,0.040000000000000008),(0.11999999999999998,0.040000000000000008),(0.11999999999999998,0.020000000000000004),(0.020000000000000004,0.020000000000000004),(0.020000000000000004,0.)));
#4984=IFCAXIS2PLACEMENT3D(#4985,#4986,#4987);
#4985=IFCCARTESIANPOINT((0.075000000372529033,0.060000000521540642,1.015000000372529));
#4986=IFCDIRECTION((0.,0.,1.));
#4987=IFCDIRECTION((1.,0.,0.));
#4988=IFCDIRECTION((0.,0.,1.));
#5032=IFCCARTESIANPOINTLIST2D(((0.,0.),(0.,2.),(0.89999997615814209,2.),(0.89999997615814209,0.),(0.87499997578561306,0.),(0.87499997578561306,1.974999999627471),(0.02500000037252903,1.974999999627471),(0.02500000037252903,0.)));
#5033=IFCINDEXEDPOLYCURVE(#5032,(IFCLINEINDEX((1,2,3,4,5,6,7,8,1))),$);
#5034=IFCARBITRARYCLOSEDPROFILEDEF(.AREA.,$,#5033);
#5035=IFCCARTESIANPOINT((0.,0.02500000037252903,0.));
#5036=IFCDIRECTION((0.,-1.,0.));
#5037=IFCDIRECTION((1.,0.,0.));
#5038=IFCAXIS2PLACEMENT3D(#5035,#5036,#5037);
#5039=IFCDIRECTION((0.,0.,-1.));
#5040=IFCEXTRUDEDAREASOLID(#5034,#5038,#5039,0.015000006183981895);
#5041=IFCCARTESIANPOINTLIST2D(((0.,0.),(0.,2.),(0.89999997615814209,2.),(0.89999997615814209,0.),(0.82419198006391525,0.),(0.82419198006391525,1.9241920039057732),(0.075807996094226837,1.9241920039057732),(0.075807996094226837,0.)));
#5042=IFCINDEXEDPOLYCURVE(#5041,(IFCLINEINDEX((1,2,3,4,5,6,7,8,1))),$);
#5043=IFCARBITRARYCLOSEDPROFILEDEF(.AREA.,$,#5042);
#5044=IFCCARTESIANPOINT((0.,0.,0.));
#5045=IFCDIRECTION((0.,-1.,0.));
#5046=IFCDIRECTION((1.,0.,0.));
#5047=IFCAXIS2PLACEMENT3D(#5044,#5045,#5046);
#5048=IFCDIRECTION((0.,0.,-1.));
#5049=IFCEXTRUDEDAREASOLID(#5043,#5047,#5048,0.02500000037252903);
#5050=IFCCARTESIANPOINTLIST2D(((0.,0.),(0.74838398396968842,0.),(0.74838398396968842,0.10000000149011612),(0.,0.10000000149011612)));
#5051=IFCINDEXEDPOLYCURVE(#5050,(IFCLINEINDEX((1,2,3,4,1))),$);
#5052=IFCARBITRARYCLOSEDPROFILEDEF(.AREA.,$,#5051);
#5053=IFCCARTESIANPOINT((0.075807996094226837,0.,0.));
#5054=IFCDIRECTION((0.,0.,1.));
#5055=IFCDIRECTION((1.,0.,0.));
#5056=IFCAXIS2PLACEMENT3D(#5053,#5054,#5055);
#5057=IFCDIRECTION((0.,0.,1.));
#5058=IFCEXTRUDEDAREASOLID(#5052,#5056,#5057,0.02500000037252903);
#5059=IFCCARTESIANPOINTLIST2D(((0.,0.),(0.,2.),(0.89999997615814209,2.),(0.89999997615814209,0.),(0.83270733058452606,0.),(0.83270733058452606,1.932707354426384),(0.067292645573616028,1.932707354426384),(0.067292645573616028,0.)));
#5060=IFCINDEXEDPOLYCURVE(#5059,(IFCLINEINDEX((1,2,3,4,5,6,7,8,1))),$);
#5061=IFCARBITRARYCLOSEDPROFILEDEF(.AREA.,$,#5060);
#5062=IFCCARTESIANPOINT((0.,-0.0010000000474974513,0.));
#5063=IFCDIRECTION((0.,-1.,0.));
#5064=IFCDIRECTION((1.,0.,0.));
#5065=IFCAXIS2PLACEMENT3D(#5062,#5063,#5064);
#5066=IFCDIRECTION((0.,0.,-1.));
#5067=IFCEXTRUDEDAREASOLID(#5061,#5065,#5066,0.0010000000474974513);
#5068=IFCCARTESIANPOINTLIST2D(((0.,0.),(0.,2.),(0.89999997615814209,2.),(0.89999997615814209,0.),(0.88351532630622387,0.),(0.88351532630622387,1.9835153501480818),(0.016484649851918221,1.9835153501480818),(0.016484649851918221,0.)));
#5069=IFCINDEXEDPOLYCURVE(#5068,(IFCLINEINDEX((1,2,3,4,5,6,7,8,1))),$);
#5070=IFCARBITRARYCLOSEDPROFILEDEF(.AREA.,$,#5069);
#5071=IFCCARTESIANPOINT((0.,0.040000006556510925,0.));
#5072=IFCDIRECTION((0.,-1.,0.));
#5073=IFCDIRECTION((1.,0.,0.));
#5074=IFCAXIS2PLACEMENT3D(#5071,#5072,#5073);
#5075=IFCDIRECTION((0.,0.,-1.));
#5076=IFCEXTRUDEDAREASOLID(#5070,#5074,#5075,0.0010000000474974513);
#5077=IFCCARTESIANPOINTLIST2D(((0.,0.),(0.84999997541308403,0.),(0.84999997541308403,0.035000000149011612),(0.,0.035000000149011612)));
#5078=IFCINDEXEDPOLYCURVE(#5077,(IFCLINEINDEX((1,2,3,4,1))),$);
#5079=IFCARBITRARYCLOSEDPROFILEDEF(.AREA.,$,#5078);
#5080=IFCCARTESIANPOINT((0.02500000037252903,0.02500000037252903,0.02500000037252903));
#5081=IFCDIRECTION((0.,0.,1.));
#5082=IFCDIRECTION((1.,0.,0.));
#5083=IFCAXIS2PLACEMENT3D(#5080,#5081,#5082);
#5084=IFCDIRECTION((0.,0.,1.));
#5085=IFCEXTRUDEDAREASOLID(#5079,#5083,#5084,1.9499999992549419);
#5086=IFCCARTESIANPOINTLIST2D(((0.,0.),(0.,-0.040000000000000001),(0.12,-0.040000000000000001),(0.12,-0.02),(0.02,-0.02),(0.02,0.)));
#5087=IFCINDEXEDPOLYCURVE(#5086,(IFCLINEINDEX((1,2,3,4,5,6,1))),$);
#5088=IFCARBITRARYCLOSEDPROFILEDEF(.AREA.,$,#5087);
#5089=IFCCARTESIANPOINT((0.075000000372529033,0.02500000037252903,1.015000000372529));
#5090=IFCDIRECTION((0.,0.,1.));
#5091=IFCDIRECTION((1.,0.,0.));
#5092=IFCAXIS2PLACEMENT3D(#5089,#5090,#5091);
#5093=IFCDIRECTION((0.,0.,1.));
#5094=IFCEXTRUDEDAREASOLID(#5088,#5092,#5093,0.02);
#5095=IFCEXTRUDEDAREASOLID(#5096,#5099,#5103,0.02);
#5096=IFCARBITRARYCLOSEDPROFILEDEF(.AREA.,$,#5097);
#5097=IFCINDEXEDPOLYCURVE(#5098,(IFCLINEINDEX((1,2,3,4,5,6,1))),$);
#5098=IFCCARTESIANPOINTLIST2D(((0.,0.),(0.,0.040000000000000008),(0.11999999999999998,0.040000000000000008),(0.11999999999999998,0.020000000000000004),(0.020000000000000004,0.020000000000000004),(0.020000000000000004,0.)));
#5099=IFCAXIS2PLACEMENT3D(#5100,#5101,#5102);
#5100=IFCCARTESIANPOINT((0.075000000372529033,0.060000000521540642,1.015000000372529));
#5101=IFCDIRECTION((0.,0.,1.));
#5102=IFCDIRECTION((1.,0.,0.));
#5103=IFCDIRECTION((0.,0.,1.));
#5147=IFCCARTESIANPOINTLIST2D(((0.,0.),(0.,2.),(0.89999997615814209,2.),(0.89999997615814209,0.),(0.87499997578561306,0.),(0.87499997578561306,1.974999999627471),(0.02500000037252903,1.974999999627471),(0.02500000037252903,0.)));
#5148=IFCINDEXEDPOLYCURVE(#5147,(IFCLINEINDEX((1,2,3,4,5,6,7,8,1))),$);
#5149=IFCARBITRARYCLOSEDPROFILEDEF(.AREA.,$,#5148);
#5150=IFCCARTESIANPOINT((0.,0.02500000037252903,0.));
#5151=IFCDIRECTION((0.,-1.,0.));
#5152=IFCDIRECTION((1.,0.,0.));
#5153=IFCAXIS2PLACEMENT3D(#5150,#5151,#5152);
#5154=IFCDIRECTION((0.,0.,-1.));
#5155=IFCEXTRUDEDAREASOLID(#5149,#5153,#5154,0.015000006183981895);
#5156=IFCCARTESIANPOINTLIST2D(((0.,0.),(0.,2.),(0.89999997615814209,2.),(0.89999997615814209,0.),(0.82419198006391525,0.),(0.82419198006391525,1.9241920039057732),(0.075807996094226837,1.9241920039057732),(0.075807996094226837,0.)));
#5157=IFCINDEXEDPOLYCURVE(#5156,(IFCLINEINDEX((1,2,3,4,5,6,7,8,1))),$);
#5158=IFCARBITRARYCLOSEDPROFILEDEF(.AREA.,$,#5157);
#5159=IFCCARTESIANPOINT((0.,0.,0.));
#5160=IFCDIRECTION((0.,-1.,0.));
#5161=IFCDIRECTION((1.,0.,0.));
#5162=IFCAXIS2PLACEMENT3D(#5159,#5160,#5161);
#5163=IFCDIRECTION((0.,0.,-1.));
#5164=IFCEXTRUDEDAREASOLID(#5158,#5162,#5163,0.02500000037252903);
#5165=IFCCARTESIANPOINTLIST2D(((0.,0.),(0.74838398396968842,0.),(0.74838398396968842,0.10000000149011612),(0.,0.10000000149011612)));
#5166=IFCINDEXEDPOLYCURVE(#5165,(IFCLINEINDEX((1,2,3,4,1))),$);
#5167=IFCARBITRARYCLOSEDPROFILEDEF(.AREA.,$,#5166);
#5168=IFCCARTESIANPOINT((0.075807996094226837,0.,0.));
#5169=IFCDIRECTION((0.,0.,1.));
#5170=IFCDIRECTION((1.,0.,0.));
#5171=IFCAXIS2PLACEMENT3D(#5168,#5169,#5170);
#5172=IFCDIRECTION((0.,0.,1.));
#5173=IFCEXTRUDEDAREASOLID(#5167,#5171,#5172,0.02500000037252903);
#5174=IFCCARTESIANPOINTLIST2D(((0.,0.),(0.,2.),(0.89999997615814209,2.),(0.89999997615814209,0.),(0.83270733058452606,0.),(0.83270733058452606,1.932707354426384),(0.067292645573616028,1.932707354426384),(0.067292645573616028,0.)));
#5175=IFCINDEXEDPOLYCURVE(#5174,(IFCLINEINDEX((1,2,3,4,5,6,7,8,1))),$);
#5176=IFCARBITRARYCLOSEDPROFILEDEF(.AREA.,$,#5175);
#5177=IFCCARTESIANPOINT((0.,-0.0010000000474974513,0.));
#5178=IFCDIRECTION((0.,-1.,0.));
#5179=IFCDIRECTION((1.,0.,0.));
#5180=IFCAXIS2PLACEMENT3D(#5177,#5178,#5179);
#5181=IFCDIRECTION((0.,0.,-1.));
#5182=IFCEXTRUDEDAREASOLID(#5176,#5180,#5181,0.0010000000474974513);
#5183=IFCCARTESIANPOINTLIST2D(((0.,0.),(0.,2.),(0.89999997615814209,2.),(0.89999997615814209,0.),(0.88351532630622387,0.),(0.88351532630622387,1.9835153501480818),(0.016484649851918221,1.9835153501480818),(0.016484649851918221,0.)));
#5184=IFCINDEXEDPOLYCURVE(#5183,(IFCLINEINDEX((1,2,3,4,5,6,7,8,1))),$);
#5185=IFCARBITRARYCLOSEDPROFILEDEF(.AREA.,$,#5184);
#5186=IFCCARTESIANPOINT((0.,0.040000006556510925,0.));
#5187=IFCDIRECTION((0.,-1.,0.));
#5188=IFCDIRECTION((1.,0.,0.));
#5189=IFCAXIS2PLACEMENT3D(#5186,#5187,#5188);
#5190=IFCDIRECTION((0.,0.,-1.));
#5191=IFCEXTRUDEDAREASOLID(#5185,#5189,#5190,0.0010000000474974513);
#5192=IFCCARTESIANPOINTLIST2D(((0.,0.),(0.84999997541308403,0.),(0.84999997541308403,0.035000000149011612),(0.,0.035000000149011612)));
#5193=IFCINDEXEDPOLYCURVE(#5192,(IFCLINEINDEX((1,2,3,4,1))),$);
#5194=IFCARBITRARYCLOSEDPROFILEDEF(.AREA.,$,#5193);
#5195=IFCCARTESIANPOINT((0.02500000037252903,0.02500000037252903,0.02500000037252903));
#5196=IFCDIRECTION((0.,0.,1.));
#5197=IFCDIRECTION((1.,0.,0.));
#5198=IFCAXIS2PLACEMENT3D(#5195,#5196,#5197);
#5199=IFCDIRECTION((0.,0.,1.));
#5200=IFCEXTRUDEDAREASOLID(#5194,#5198,#5199,1.9499999992549419);
#5201=IFCCARTESIANPOINTLIST2D(((0.,0.),(0.,-0.040000000000000001),(0.12,-0.040000000000000001),(0.12,-0.02),(0.02,-0.02),(0.02,0.)));
#5202=IFCINDEXEDPOLYCURVE(#5201,(IFCLINEINDEX((1,2,3,4,5,6,1))),$);
#5203=IFCARBITRARYCLOSEDPROFILEDEF(.AREA.,$,#5202);
#5204=IFCCARTESIANPOINT((0.075000000372529033,0.02500000037252903,1.015000000372529));
#5205=IFCDIRECTION((0.,0.,1.));
#5206=IFCDIRECTION((1.,0.,0.));
#5207=IFCAXIS2PLACEMENT3D(#5204,#5205,#5206);
#5208=IFCDIRECTION((0.,0.,1.));
#5209=IFCEXTRUDEDAREASOLID(#5203,#5207,#5208,0.02);
#5210=IFCEXTRUDEDAREASOLID(#5211,#5214,#5218,0.02);
#5211=IFCARBITRARYCLOSEDPROFILEDEF(.AREA.,$,#5212);
#5212=IFCINDEXEDPOLYCURVE(#5213,(IFCLINEINDEX((1,2,3,4,5,6,1))),$);
#5213=IFCCARTESIANPOINTLIST2D(((0.,0.),(0.,0.040000000000000008),(0.11999999999999998,0.040000000000000008),(0.11999999999999998,0.020000000000000004),(0.020000000000000004,0.020000000000000004),(0.020000000000000004,0.)));
#5214=IFCAXIS2PLACEMENT3D(#5215,#5216,#5217);
#5215=IFCCARTESIANPOINT((0.075000000372529033,0.060000000521540642,1.015000000372529));
#5216=IFCDIRECTION((0.,0.,1.));
#5217=IFCDIRECTION((1.,0.,0.));
#5218=IFCDIRECTION((0.,0.,1.));
#5262=IFCCARTESIANPOINTLIST2D(((0.,0.),(0.,2.),(0.89999997615814209,2.),(0.89999997615814209,0.),(0.87499997578561306,0.),(0.87499997578561306,1.974999999627471),(0.02500000037252903,1.974999999627471),(0.02500000037252903,0.)));
#5263=IFCINDEXEDPOLYCURVE(#5262,(IFCLINEINDEX((1,2,3,4,5,6,7,8,1))),$);
#5264=IFCARBITRARYCLOSEDPROFILEDEF(.AREA.,$,#5263);
#5265=IFCCARTESIANPOINT((0.,0.02500000037252903,0.));
#5266=IFCDIRECTION((0.,-1.,0.));
#5267=IFCDIRECTION((1.,0.,0.));
#5268=IFCAXIS2PLACEMENT3D(#5265,#5266,#5267);
#5269=IFCDIRECTION((0.,0.,-1.));
#5270=IFCEXTRUDEDAREASOLID(#5264,#5268,#5269,0.015000006183981895);
#5271=IFCCARTESIANPOINTLIST2D(((0.,0.),(0.,2.),(0.89999997615814209,2.),(0.89999997615814209,0.),(0.82419198006391525,0.),(0.82419198006391525,1.9241920039057732),(0.075807996094226837,1.9241920039057732),(0.075807996094226837,0.)));
#5272=IFCINDEXEDPOLYCURVE(#5271,(IFCLINEINDEX((1,2,3,4,5,6,7,8,1))),$);
#5273=IFCARBITRARYCLOSEDPROFILEDEF(.AREA.,$,#5272);
#5274=IFCCARTESIANPOINT((0.,0.,0.));
#5275=IFCDIRECTION((0.,-1.,0.));
#5276=IFCDIRECTION((1.,0.,0.));
#5277=IFCAXIS2PLACEMENT3D(#5274,#5275,#5276);
#5278=IFCDIRECTION((0.,0.,-1.));
#5279=IFCEXTRUDEDAREASOLID(#5273,#5277,#5278,0.02500000037252903);
#5280=IFCCARTESIANPOINTLIST2D(((0.,0.),(0.74838398396968842,0.),(0.74838398396968842,0.10000000149011612),(0.,0.10000000149011612)));
#5281=IFCINDEXEDPOLYCURVE(#5280,(IFCLINEINDEX((1,2,3,4,1))),$);
#5282=IFCARBITRARYCLOSEDPROFILEDEF(.AREA.,$,#5281);
#5283=IFCCARTESIANPOINT((0.075807996094226837,0.,0.));
#5284=IFCDIRECTION((0.,0.,1.));
#5285=IFCDIRECTION((1.,0.,0.));
#5286=IFCAXIS2PLACEMENT3D(#5283,#5284,#5285);
#5287=IFCDIRECTION((0.,0.,1.));
#5288=IFCEXTRUDEDAREASOLID(#5282,#5286,#5287,0.02500000037252903);
#5289=IFCCARTESIANPOINTLIST2D(((0.,0.),(0.,2.),(0.89999997615814209,2.),(0.89999997615814209,0.),(0.83270733058452606,0.),(0.83270733058452606,1.932707354426384),(0.067292645573616028,1.932707354426384),(0.067292645573616028,0.)));
#5290=IFCINDEXEDPOLYCURVE(#5289,(IFCLINEINDEX((1,2,3,4,5,6,7,8,1))),$);
#5291=IFCARBITRARYCLOSEDPROFILEDEF(.AREA.,$,#5290);
#5292=IFCCARTESIANPOINT((0.,-0.0010000000474974513,0.));
#5293=IFCDIRECTION((0.,-1.,0.));
#5294=IFCDIRECTION((1.,0.,0.));
#5295=IFCAXIS2PLACEMENT3D(#5292,#5293,#5294);
#5296=IFCDIRECTION((0.,0.,-1.));
#5297=IFCEXTRUDEDAREASOLID(#5291,#5295,#5296,0.0010000000474974513);
#5298=IFCCARTESIANPOINTLIST2D(((0.,0.),(0.,2.),(0.89999997615814209,2.),(0.89999997615814209,0.),(0.88351532630622387,0.),(0.88351532630622387,1.9835153501480818),(0.016484649851918221,1.9835153501480818),(0.016484649851918221,0.)));
#5299=IFCINDEXEDPOLYCURVE(#5298,(IFCLINEINDEX((1,2,3,4,5,6,7,8,1))),$);
#5300=IFCARBITRARYCLOSEDPROFILEDEF(.AREA.,$,#5299);
#5301=IFCCARTESIANPOINT((0.,0.040000006556510925,0.));
#5302=IFCDIRECTION((0.,-1.,0.));
#5303=IFCDIRECTION((1.,0.,0.));
#5304=IFCAXIS2PLACEMENT3D(#5301,#5302,#5303);
#5305=IFCDIRECTION((0.,0.,-1.));
#5306=IFCEXTRUDEDAREASOLID(#5300,#5304,#5305,0.0010000000474974513);
#5307=IFCCARTESIANPOINTLIST2D(((0.,0.),(0.84999997541308403,0.),(0.84999997541308403,0.035000000149011612),(0.,0.035000000149011612)));
#5308=IFCINDEXEDPOLYCURVE(#5307,(IFCLINEINDEX((1,2,3,4,1))),$);
#5309=IFCARBITRARYCLOSEDPROFILEDEF(.AREA.,$,#5308);
#5310=IFCCARTESIANPOINT((0.02500000037252903,0.02500000037252903,0.02500000037252903));
#5311=IFCDIRECTION((0.,0.,1.));
#5312=IFCDIRECTION((1.,0.,0.));
#5313=IFCAXIS2PLACEMENT3D(#5310,#5311,#5312);
#5314=IFCDIRECTION((0.,0.,1.));
#5315=IFCEXTRUDEDAREASOLID(#5309,#5313,#5314,1.9499999992549419);
#5316=IFCCARTESIANPOINTLIST2D(((0.,0.),(0.,-0.040000000000000001),(0.12,-0.040000000000000001),(0.12,-0.02),(0.02,-0.02),(0.02,0.)));
#5317=IFCINDEXEDPOLYCURVE(#5316,(IFCLINEINDEX((1,2,3,4,5,6,1))),$);
#5318=IFCARBITRARYCLOSEDPROFILEDEF(.AREA.,$,#5317);
#5319=IFCCARTESIANPOINT((0.075000000372529033,0.02500000037252903,1.015000000372529));
#5320=IFCDIRECTION((0.,0.,1.));
#5321=IFCDIRECTION((1.,0.,0.));
#5322=IFCAXIS2PLACEMENT3D(#5319,#5320,#5321);
#5323=IFCDIRECTION((0.,0.,1.));
#5324=IFCEXTRUDEDAREASOLID(#5318,#5322,#5323,0.02);
#5325=IFCEXTRUDEDAREASOLID(#5326,#5329,#5333,0.02);
#5326=IFCARBITRARYCLOSEDPROFILEDEF(.AREA.,$,#5327);
#5327=IFCINDEXEDPOLYCURVE(#5328,(IFCLINEINDEX((1,2,3,4,5,6,1))),$);
#5328=IFCCARTESIANPOINTLIST2D(((0.,0.),(0.,0.040000000000000008),(0.11999999999999998,0.040000000000000008),(0.11999999999999998,0.020000000000000004),(0.020000000000000004,0.020000000000000004),(0.020000000000000004,0.)));
#5329=IFCAXIS2PLACEMENT3D(#5330,#5331,#5332);
#5330=IFCCARTESIANPOINT((0.075000000372529033,0.060000000521540642,1.015000000372529));
#5331=IFCDIRECTION((0.,0.,1.));
#5332=IFCDIRECTION((1.,0.,0.));
#5333=IFCDIRECTION((0.,0.,1.));
#5374=IFCCARTESIANPOINTLIST3D(((0.,0.,0.),(0.89999997615814209,0.,0.),(0.89999997615814209,0.,2.),(0.,0.,2.)));
#5375=IFCINDEXEDPOLYCURVE(#5374,(IFCLINEINDEX((1,2,3,4,1))),$);
#5376=IFCSHAPEREPRESENTATION(#18,'Profile','Curve3D',(#5375));
#5377=IFCCARTESIANPOINTLIST2D(((0.,0.),(0.,2.),(0.89999997615814209,2.),(0.89999997615814209,0.),(0.87499997578561306,0.),(0.87499997578561306,1.974999999627471),(0.02500000037252903,1.974999999627471),(0.02500000037252903,0.)));
#5378=IFCINDEXEDPOLYCURVE(#5377,(IFCLINEINDEX((1,2,3,4,5,6,7,8,1))),$);
#5379=IFCARBITRARYCLOSEDPROFILEDEF(.AREA.,$,#5378);
#5380=IFCCARTESIANPOINT((0.,0.02500000037252903,0.));
#5381=IFCDIRECTION((0.,-1.,0.));
#5382=IFCDIRECTION((1.,0.,0.));
#5383=IFCAXIS2PLACEMENT3D(#5380,#5381,#5382);
#5384=IFCDIRECTION((0.,0.,-1.));
#5385=IFCEXTRUDEDAREASOLID(#5379,#5383,#5384,0.015000006183981895);
#5386=IFCCARTESIANPOINTLIST2D(((0.,0.),(0.,2.),(0.89999997615814209,2.),(0.89999997615814209,0.),(0.82419198006391525,0.),(0.82419198006391525,1.9241920039057732),(0.075807996094226837,1.9241920039057732),(0.075807996094226837,0.)));
#5387=IFCINDEXEDPOLYCURVE(#5386,(IFCLINEINDEX((1,2,3,4,5,6,7,8,1))),$);
#5388=IFCARBITRARYCLOSEDPROFILEDEF(.AREA.,$,#5387);
#5389=IFCCARTESIANPOINT((0.,0.,0.));
#5390=IFCDIRECTION((0.,-1.,0.));
#5391=IFCDIRECTION((1.,0.,0.));
#5392=IFCAXIS2PLACEMENT3D(#5389,#5390,#5391);
#5393=IFCDIRECTION((0.,0.,-1.));
#5394=IFCEXTRUDEDAREASOLID(#5388,#5392,#5393,0.02500000037252903);
#5395=IFCCARTESIANPOINTLIST2D(((0.,0.),(0.74838398396968842,0.),(0.74838398396968842,0.10000000149011612),(0.,0.10000000149011612)));
#5396=IFCINDEXEDPOLYCURVE(#5395,(IFCLINEINDEX((1,2,3,4,1))),$);
#5397=IFCARBITRARYCLOSEDPROFILEDEF(.AREA.,$,#5396);
#5398=IFCCARTESIANPOINT((0.075807996094226837,0.,0.));
#5399=IFCDIRECTION((0.,0.,1.));
#5400=IFCDIRECTION((1.,0.,0.));
#5401=IFCAXIS2PLACEMENT3D(#5398,#5399,#5400);
#5402=IFCDIRECTION((0.,0.,1.));
#5403=IFCEXTRUDEDAREASOLID(#5397,#5401,#5402,0.02500000037252903);
#5404=IFCCARTESIANPOINTLIST2D(((0.,0.),(0.,2.),(0.89999997615814209,2.),(0.89999997615814209,0.),(0.83270733058452606,0.),(0.83270733058452606,1.932707354426384),(0.067292645573616028,1.932707354426384),(0.067292645573616028,0.)));
#5405=IFCINDEXEDPOLYCURVE(#5404,(IFCLINEINDEX((1,2,3,4,5,6,7,8,1))),$);
#5406=IFCARBITRARYCLOSEDPROFILEDEF(.AREA.,$,#5405);
#5407=IFCCARTESIANPOINT((0.,-0.0010000000474974513,0.));
#5408=IFCDIRECTION((0.,-1.,0.));
#5409=IFCDIRECTION((1.,0.,0.));
#5410=IFCAXIS2PLACEMENT3D(#5407,#5408,#5409);
#5411=IFCDIRECTION((0.,0.,-1.));
#5412=IFCEXTRUDEDAREASOLID(#5406,#5410,#5411,0.0010000000474974513);
#5413=IFCCARTESIANPOINTLIST2D(((0.,0.),(0.,2.),(0.89999997615814209,2.),(0.89999997615814209,0.),(0.88351532630622387,0.),(0.88351532630622387,1.9835153501480818),(0.016484649851918221,1.9835153501480818),(0.016484649851918221,0.)));
#5414=IFCINDEXEDPOLYCURVE(#5413,(IFCLINEINDEX((1,2,3,4,5,6,7,8,1))),$);
#5415=IFCARBITRARYCLOSEDPROFILEDEF(.AREA.,$,#5414);
#5416=IFCCARTESIANPOINT((0.,0.040000006556510925,0.));
#5417=IFCDIRECTION((0.,-1.,0.));
#5418=IFCDIRECTION((1.,0.,0.));
#5419=IFCAXIS2PLACEMENT3D(#5416,#5417,#5418);
#5420=IFCDIRECTION((0.,0.,-1.));
#5421=IFCEXTRUDEDAREASOLID(#5415,#5419,#5420,0.0010000000474974513);
#5422=IFCCARTESIANPOINTLIST2D(((0.,0.),(0.84999997541308403,0.),(0.84999997541308403,0.035000000149011612),(0.,0.035000000149011612)));
#5423=IFCINDEXEDPOLYCURVE(#5422,(IFCLINEINDEX((1,2,3,4,1))),$);
#5424=IFCARBITRARYCLOSEDPROFILEDEF(.AREA.,$,#5423);
#5425=IFCCARTESIANPOINT((0.02500000037252903,0.02500000037252903,0.02500000037252903));
#5426=IFCDIRECTION((0.,0.,1.));
#5427=IFCDIRECTION((1.,0.,0.));
#5428=IFCAXIS2PLACEMENT3D(#5425,#5426,#5427);
#5429=IFCDIRECTION((0.,0.,1.));
#5430=IFCEXTRUDEDAREASOLID(#5424,#5428,#5429,1.9499999992549419);
#5431=IFCCARTESIANPOINTLIST2D(((0.,0.),(0.,-0.040000000000000001),(0.12,-0.040000000000000001),(0.12,-0.02),(0.02,-0.02),(0.02,0.)));
#5432=IFCINDEXEDPOLYCURVE(#5431,(IFCLINEINDEX((1,2,3,4,5,6,1))),$);
#5433=IFCARBITRARYCLOSEDPROFILEDEF(.AREA.,$,#5432);
#5434=IFCCARTESIANPOINT((0.075000000372529033,0.02500000037252903,1.015000000372529));
#5435=IFCDIRECTION((0.,0.,1.));
#5436=IFCDIRECTION((1.,0.,0.));
#5437=IFCAXIS2PLACEMENT3D(#5434,#5435,#5436);
#5438=IFCDIRECTION((0.,0.,1.));
#5439=IFCEXTRUDEDAREASOLID(#5433,#5437,#5438,0.02);
#5440=IFCEXTRUDEDAREASOLID(#5441,#5444,#5448,0.02);
#5441=IFCARBITRARYCLOSEDPROFILEDEF(.AREA.,$,#5442);
#5442=IFCINDEXEDPOLYCURVE(#5443,(IFCLINEINDEX((1,2,3,4,5,6,1))),$);
#5443=IFCCARTESIANPOINTLIST2D(((0.,0.),(0.,0.040000000000000008),(0.11999999999999998,0.040000000000000008),(0.11999999999999998,0.020000000000000004),(0.020000000000000004,0.020000000000000004),(0.020000000000000004,0.)));
#5444=IFCAXIS2PLACEMENT3D(#5445,#5446,#5447);
#5445=IFCCARTESIANPOINT((0.075000000372529033,0.060000000521540642,1.015000000372529));
#5446=IFCDIRECTION((0.,0.,1.));
#5447=IFCDIRECTION((1.,0.,0.));
#5448=IFCDIRECTION((0.,0.,1.));
#5449=IFCSHAPEREPRESENTATION(#11,'Body','SweptSolid',(#5385,#5394,#5430,#5439,#5440,#5403,#5412,#5421));
#5450=IFCCARTESIANPOINTLIST2D(((0.,0.),(0.,0.040000006556510925),(0.02500000037252903,0.040000006556510925),(0.02500000037252903,0.02500000037252903),(0.075807996094226837,0.02500000037252903),(0.075807996094226837,0.)));
#5451=IFCINDEXEDPOLYCURVE(#5450,(IFCLINEINDEX((1,2,3,4,5,6,1))),$);
#5452=IFCINDEXEDPOLYCURVE(#5453,(IFCLINEINDEX((1,2,3,4,5,6,1))),$);
#5453=IFCCARTESIANPOINTLIST2D(((0.89999997615814209,0.),(0.89999997615814209,0.040000006556510925),(0.87499997578561306,0.040000006556510925),(0.87499997578561306,0.02500000037252903),(0.82419198006391525,0.02500000037252903),(0.82419198006391525,0.)));
#5454=IFCDIRECTION((1.,0.));
#5455=IFCCARTESIANPOINT((0.83999997563660145,0.040000006556510925));
#5456=IFCAXIS2PLACEMENT2D(#5455,#5454);
#5457=IFCELLIPSE(#5456,0.81499997526407242,0.84999997541308403);
#5458=IFCCARTESIANPOINT((0.83999997563660145,0.88999998196959496));
#5459=IFCCARTESIANPOINT((0.02500000037252903,0.040000006556510925));
#5460=IFCTRIMMEDCURVE(#5457,(#5458),(#5459),.T.,.CARTESIAN.);
#5461=IFCCARTESIANPOINTLIST2D(((0.87499997578561306,0.040000006556510925),(0.83999997563660145,0.040000006556510925),(0.83999997563660145,0.88999998196959496),(0.87499997578561306,0.88999998196959496)));
#5462=IFCINDEXEDPOLYCURVE(#5461,(IFCLINEINDEX((1,2,3,4,1))),$);
#5463=IFCSHAPEREPRESENTATION(#24,'Body','Curve2D',(#5451,#5452,#5460,#5462));
#5464=IFCCARTESIANPOINTLIST2D(((0.,0.),(0.89999997615814209,0.),(0.89999997615814209,2.),(0.,2.)));
#5465=IFCINDEXEDPOLYCURVE(#5464,(IFCLINEINDEX((1,2,3,4,1))),$);
#5466=IFCARBITRARYCLOSEDPROFILEDEF(.AREA.,$,#5465);
#5467=IFCCARTESIANPOINT((0.,-0.60000002384185791,0.));
#5468=IFCDIRECTION((0.,-1.,0.));
#5469=IFCDIRECTION((1.,0.,0.));
#5470=IFCAXIS2PLACEMENT3D(#5467,#5468,#5469);
#5471=IFCDIRECTION((0.,0.,-1.));
#5472=IFCEXTRUDEDAREASOLID(#5466,#5470,#5471,1.2);
#5473=IFCSHAPEREPRESENTATION(#11,'Body','SweptSolid',(#5472));
#5479=IFCCARTESIANPOINT((1.5590103980212098,-6.1111921245693424E-08,0.));
#5480=IFCDIRECTION((0.,0.,1.));
#5481=IFCDIRECTION((0.99999999999997147,-2.384185719961227E-07,0.));
#5482=IFCAXIS2PLACEMENT3D(#5479,#5480,#5481);
#5483=IFCLOCALPLACEMENT(#851,#5482);
#5484=IFCCARTESIANPOINT((-6.6613381477509392E-16,0.,0.));
#5485=IFCDIRECTION((0.,0.,1.));
#5486=IFCDIRECTION((1.,5.2939559203393771E-23,0.));
#5487=IFCAXIS2PLACEMENT3D(#5484,#5485,#5486);
#5488=IFCLOCALPLACEMENT(#5483,#5487);
#5489=IFCDOORTYPE('2HjrX_b6f6lvZ_64jwADqn',$,'Maids- GF',$,$,(#5490),(#5492,#5500,#5578,#5891),$,$,.DOOR.,.SINGLE_SWING_LEFT.,$,$);
#5490=IFCPROPERTYSET('0fLiYBbYH7gh0EaSpcL2Fh',$,'BBIM_Door',$,(#5491));
#5491=IFCPROPERTYSINGLEVALUE('Data',$,IFCTEXT('{"door_type": "SLIDING_TO_RIGHT", "overall_height": 2.0, "overall_width": 1.3768490552902222, "lining_properties": {"lining_depth": 0.040000006556510925, "lining_thickness": 0.07580799609422684, "lining_offset": 0.0, "transom_thickness": 0.0, "casing_thickness": 0.07500000298023224, "casing_depth": 0.0010000000474974513, "threshold_thickness": 0.02500000037252903, "threshold_depth": 0.10000000149011612, "threshold_offset": 0.0}, "panel_properties": {"panel_depth": 0.03500000014901161, "panel_width_ratio": 1.0}}'),$);
#5492=IFCREPRESENTATIONMAP(#5493,#7046);
#5493=IFCAXIS2PLACEMENT3D(#5494,#5495,#5496);
#5494=IFCCARTESIANPOINT((0.,0.,0.));
#5495=IFCDIRECTION((0.,0.,1.));
#5496=IFCDIRECTION((1.,0.,0.));
#5500=IFCREPRESENTATIONMAP(#5501,#7110);
#5501=IFCAXIS2PLACEMENT3D(#5502,#5503,#5504);
#5502=IFCCARTESIANPOINT((0.,0.,0.));
#5503=IFCDIRECTION((0.,0.,1.));
#5504=IFCDIRECTION((1.,0.,0.));
#5578=IFCREPRESENTATIONMAP(#5579,#7117);
#5579=IFCAXIS2PLACEMENT3D(#5580,#5581,#5582);
#5580=IFCCARTESIANPOINT((0.,0.,0.));
#5581=IFCDIRECTION((0.,0.,1.));
#5582=IFCDIRECTION((1.,0.,0.));
#5597=IFCDOOR('2QYl5aICvEvx8Gm4fGiKIg',$,'Door',$,$,#7147,#5607,$,2.,1.3768490552902222,$,.SLIDING_TO_RIGHT.,$);
#5599=IFCRELDEFINESBYTYPE('1PgPf1nUj4ggS4gANjjUPa',$,$,$,(#5597),#5489);
#5600=IFCCARTESIANPOINT((0.,0.,0.));
#5601=IFCDIRECTION((1.,0.,0.));
#5602=IFCDIRECTION((0.,1.,0.));
#5603=IFCDIRECTION((0.,0.,1.));
#5604=IFCCARTESIANTRANSFORMATIONOPERATOR3D(#5601,#5602,#5600,1.,#5603);
#5605=IFCMAPPEDITEM(#5492,#5604);
#5606=IFCSHAPEREPRESENTATION(#18,'Profile','MappedRepresentation',(#5605));
#5607=IFCPRODUCTDEFINITIONSHAPE($,$,(#5606,#5614,#5621,#5926));
#5608=IFCCARTESIANPOINT((0.,0.,0.));
#5609=IFCDIRECTION((1.,0.,0.));
#5610=IFCDIRECTION((0.,1.,0.));
#5611=IFCDIRECTION((0.,0.,1.));
#5612=IFCCARTESIANTRANSFORMATIONOPERATOR3D(#5609,#5610,#5608,1.,#5611);
#5613=IFCMAPPEDITEM(#5500,#5612);
#5614=IFCSHAPEREPRESENTATION(#11,'Body','MappedRepresentation',(#5613));
#5615=IFCCARTESIANPOINT((0.,0.,0.));
#5616=IFCDIRECTION((1.,0.,0.));
#5617=IFCDIRECTION((0.,1.,0.));
#5618=IFCDIRECTION((0.,0.,1.));
#5619=IFCCARTESIANTRANSFORMATIONOPERATOR3D(#5616,#5617,#5615,1.,#5618);
#5620=IFCMAPPEDITEM(#5578,#5619);
#5621=IFCSHAPEREPRESENTATION(#24,'Body','MappedRepresentation',(#5620));
#5622=IFCOPENINGELEMENT('1MoV1eGOf54gbORVD0jY7B',$,'Opening',$,$,#7142,#5650,$,.OPENING.);
#5638=IFCCARTESIANPOINT((0.,0.,0.));
#5639=IFCDIRECTION((1.,0.,0.));
#5640=IFCDIRECTION((0.,0.,1.));
#5641=IFCAXIS2PLACEMENT3D(#5638,#5640,#5639);
#5642=IFCREPRESENTATIONMAP(#5641,#7132);
#5643=IFCCARTESIANPOINT((0.,0.,0.));
#5644=IFCDIRECTION((1.,0.,0.));
#5645=IFCDIRECTION((0.,1.,0.));
#5646=IFCDIRECTION((0.,0.,1.));
#5647=IFCCARTESIANTRANSFORMATIONOPERATOR3D(#5644,#5645,#5643,1.,#5646);
#5648=IFCMAPPEDITEM(#5642,#5647);
#5649=IFCSHAPEREPRESENTATION(#11,'Body','MappedRepresentation',(#5648));
#5650=IFCPRODUCTDEFINITIONSHAPE($,$,(#5649));
#5651=IFCRELVOIDSELEMENT('08rdq4UE1Fsvh3$P_3NvA_',$,$,$,#1135,#5622);
#5657=IFCRELFILLSELEMENT('18OGi1xoT9AhK$FMGL$Ozk',$,$,$,#5622,#5597);
#5664=IFCRELCONTAINEDINSPATIALSTRUCTURE('1ewjRoVbH1UwMJCksDwBGm',$,$,$,(#10979,#10146,#11001,#10409,#15537,#10434,#14914,#14105,#10359,#18159,#13561,#11039,#10096,#17940,#15880,#10459,#17801,#16704,#10121,#10384,#10046,#16223,#11195,#11217,#18458,#11854,#19217),#39);
#5807=IFCCARTESIANPOINTLIST2D(((0.,0.),(0.,2.),(0.65037071704864502,2.),(0.65037071704864502,0.),(0.57456272095441818,0.),(0.57456272095441818,1.9241920039057732),(0.075807996094226837,1.9241920039057732),(0.075807996094226837,0.)));
#5808=IFCINDEXEDPOLYCURVE(#5807,(IFCLINEINDEX((1,2,3,4,5,6,7,8,1))),$);
#5809=IFCARBITRARYCLOSEDPROFILEDEF(.AREA.,$,#5808);
#5810=IFCCARTESIANPOINT((0.,0.,0.));
#5811=IFCDIRECTION((0.,-1.,0.));
#5812=IFCDIRECTION((1.,0.,0.));
#5813=IFCAXIS2PLACEMENT3D(#5810,#5811,#5812);
#5814=IFCDIRECTION((0.,0.,-1.));
#5815=IFCEXTRUDEDAREASOLID(#5809,#5813,#5814,0.040000006556510925);
#5816=IFCCARTESIANPOINTLIST2D(((0.,0.),(0.49875472486019135,0.),(0.49875472486019135,0.10000000149011612),(0.,0.10000000149011612)));
#5817=IFCINDEXEDPOLYCURVE(#5816,(IFCLINEINDEX((1,2,3,4,1))),$);
#5818=IFCARBITRARYCLOSEDPROFILEDEF(.AREA.,$,#5817);
#5819=IFCCARTESIANPOINT((0.075807996094226837,0.,0.));
#5820=IFCDIRECTION((0.,0.,1.));
#5821=IFCDIRECTION((1.,0.,0.));
#5822=IFCAXIS2PLACEMENT3D(#5819,#5820,#5821);
#5823=IFCDIRECTION((0.,0.,1.));
#5824=IFCEXTRUDEDAREASOLID(#5818,#5822,#5823,0.02500000037252903);
#5825=IFCCARTESIANPOINTLIST2D(((0.,0.),(0.,2.),(0.65037071704864502,2.),(0.65037071704864502,0.),(0.57537071406841278,0.),(0.57537071406841278,1.9249999970197678),(0.075000002980232239,1.9249999970197678),(0.075000002980232239,0.)));
#5826=IFCINDEXEDPOLYCURVE(#5825,(IFCLINEINDEX((1,2,3,4,5,6,7,8,1))),$);
#5827=IFCARBITRARYCLOSEDPROFILEDEF(.AREA.,$,#5826);
#5828=IFCCARTESIANPOINT((0.,-0.0010000000474974513,0.));
#5829=IFCDIRECTION((0.,-1.,0.));
#5830=IFCDIRECTION((1.,0.,0.));
#5831=IFCAXIS2PLACEMENT3D(#5828,#5829,#5830);
#5832=IFCDIRECTION((0.,0.,-1.));
#5833=IFCEXTRUDEDAREASOLID(#5827,#5831,#5832,0.0010000000474974513);
#5834=IFCCARTESIANPOINTLIST2D(((0.,0.),(0.,2.),(0.65037071704864502,2.),(0.65037071704864502,0.),(0.57537071406841278,0.),(0.57537071406841278,1.9249999970197678),(0.075000002980232239,1.9249999970197678),(0.075000002980232239,0.)));
#5835=IFCINDEXEDPOLYCURVE(#5834,(IFCLINEINDEX((1,2,3,4,5,6,7,8,1))),$);
#5836=IFCARBITRARYCLOSEDPROFILEDEF(.AREA.,$,#5835);
#5837=IFCCARTESIANPOINT((0.,0.040000006556510925,0.));
#5838=IFCDIRECTION((0.,-1.,0.));
#5839=IFCDIRECTION((1.,0.,0.));
#5840=IFCAXIS2PLACEMENT3D(#5837,#5838,#5839);
#5841=IFCDIRECTION((0.,0.,-1.));
#5842=IFCEXTRUDEDAREASOLID(#5836,#5840,#5841,0.0010000000474974513);
#5843=IFCCARTESIANPOINTLIST2D(((0.,0.),(0.49875472486019135,0.),(0.49875472486019135,0.035000000149011612),(0.,0.035000000149011612)));
#5844=IFCINDEXEDPOLYCURVE(#5843,(IFCLINEINDEX((1,2,3,4,1))),$);
#5845=IFCARBITRARYCLOSEDPROFILEDEF(.AREA.,$,#5844);
#5846=IFCCARTESIANPOINT((0.075807996094226837,-0.035000000149011612,0.02500000037252903));
#5847=IFCDIRECTION((0.,0.,1.));
#5848=IFCDIRECTION((1.,0.,0.));
#5849=IFCAXIS2PLACEMENT3D(#5846,#5847,#5848);
#5850=IFCDIRECTION((0.,0.,1.));
#5851=IFCEXTRUDEDAREASOLID(#5845,#5849,#5850,1.8991920035332441);
#5852=IFCCARTESIANPOINTLIST2D(((0.,0.),(0.,-0.040000000000000008),(-0.11999999999999994,-0.040000000000000008),(-0.11999999999999994,-0.020000000000000004),(-0.019999999999999907,-0.020000000000000004),(-0.019999999999999907,0.)));
#5853=IFCINDEXEDPOLYCURVE(#5852,(IFCLINEINDEX((1,2,3,4,5,6,1))),$);
#5854=IFCARBITRARYCLOSEDPROFILEDEF(.AREA.,$,#5853);
#5855=IFCCARTESIANPOINT((0.52456272095441814,-0.035000000149011612,1.015000000372529));
#5856=IFCDIRECTION((0.,0.,1.));
#5857=IFCDIRECTION((1.,0.,0.));
#5858=IFCAXIS2PLACEMENT3D(#5855,#5856,#5857);
#5859=IFCDIRECTION((0.,0.,1.));
#5860=IFCEXTRUDEDAREASOLID(#5854,#5858,#5859,0.02);
#5861=IFCEXTRUDEDAREASOLID(#5862,#5865,#5869,0.02);
#5862=IFCARBITRARYCLOSEDPROFILEDEF(.AREA.,$,#5863);
#5863=IFCINDEXEDPOLYCURVE(#5864,(IFCLINEINDEX((1,2,3,4,5,6,1))),$);
#5864=IFCCARTESIANPOINTLIST2D(((0.,0.),(0.,0.040000000000000008),(-0.11999999999999994,0.040000000000000008),(-0.11999999999999994,0.020000000000000004),(-0.019999999999999907,0.020000000000000004),(-0.019999999999999907,0.)));
#5865=IFCAXIS2PLACEMENT3D(#5866,#5867,#5868);
#5866=IFCCARTESIANPOINT((0.52456272095441814,0.,1.015000000372529));
#5867=IFCDIRECTION((0.,0.,1.));
#5868=IFCDIRECTION((1.,0.,0.));
#5869=IFCDIRECTION((0.,0.,1.));
#5871=IFCSHAPEREPRESENTATION(#11,'Body','SweptSolid',(#6978,#6419,#7055,#5970,#6410,#6969,#6324,#6960,#6401,#5842,#6315,#6740,#6731,#6951,#5833,#6205,#6722,#6874,#5824,#6196,#6713,#6306,#5815,#6187,#6865,#6178,#6627,#6636,#6101,#6297,#6618,#6856,#6092,#6847,#6609,#6083,#6532,#6074,#7082,#6523,#5997,#7073,#6514,#5988,#6428,#7064,#6505,#5979));
#5872=IFCSHAPEASPECT((#5871),'Lining',$,.T.,#5607);
#5873=IFCSHAPEREPRESENTATION(#11,'Body','SweptSolid',(#6223,#6987,#6342,#6892,#6333,#6551,#6749,#5851,#6883,#7101,#6016,#6654,#6645,#6119,#6214,#6447,#6997,#6550,#5861,#6110,#6343,#6759,#6893,#7100,#6541,#6015,#6224,#6006,#6446,#7091,#6655,#6996,#6437,#6120,#6758,#5860));
#5874=IFCSHAPEASPECT((#5873),'Framing',$,.T.,#5607);
#5887=IFCCARTESIANPOINT((0.,0.,0.));
#5888=IFCDIRECTION((1.,0.,0.));
#5889=IFCDIRECTION((0.,0.,1.));
#5890=IFCAXIS2PLACEMENT3D(#5887,#5889,#5888);
#5891=IFCREPRESENTATIONMAP(#5890,#7122);
#5920=IFCCARTESIANPOINT((0.,0.,0.));
#5921=IFCDIRECTION((1.,0.,0.));
#5922=IFCDIRECTION((0.,1.,0.));
#5923=IFCDIRECTION((0.,0.,1.));
#5924=IFCCARTESIANTRANSFORMATIONOPERATOR3D(#5921,#5922,#5920,1.,#5923);
#5925=IFCMAPPEDITEM(#5891,#5924);
#5926=IFCSHAPEREPRESENTATION(#25,'Annotation','MappedRepresentation',(#5925));
#5962=IFCCARTESIANPOINTLIST2D(((0.,0.),(0.,2.),(0.71780180931091309,2.),(0.71780180931091309,0.),(0.64199381321668625,0.),(0.64199381321668625,1.9241920039057732),(0.075807996094226837,1.9241920039057732),(0.075807996094226837,0.)));
#5963=IFCINDEXEDPOLYCURVE(#5962,(IFCLINEINDEX((1,2,3,4,5,6,7,8,1))),$);
#5964=IFCARBITRARYCLOSEDPROFILEDEF(.AREA.,$,#5963);
#5965=IFCCARTESIANPOINT((0.,0.,0.));
#5966=IFCDIRECTION((0.,-1.,0.));
#5967=IFCDIRECTION((1.,0.,0.));
#5968=IFCAXIS2PLACEMENT3D(#5965,#5966,#5967);
#5969=IFCDIRECTION((0.,0.,-1.));
#5970=IFCEXTRUDEDAREASOLID(#5964,#5968,#5969,0.040000006556510925);
#5971=IFCCARTESIANPOINTLIST2D(((0.,0.),(0.56618581712245941,0.),(0.56618581712245941,0.10000000149011612),(0.,0.10000000149011612)));
#5972=IFCINDEXEDPOLYCURVE(#5971,(IFCLINEINDEX((1,2,3,4,1))),$);
#5973=IFCARBITRARYCLOSEDPROFILEDEF(.AREA.,$,#5972);
#5974=IFCCARTESIANPOINT((0.075807996094226837,0.,0.));
#5975=IFCDIRECTION((0.,0.,1.));
#5976=IFCDIRECTION((1.,0.,0.));
#5977=IFCAXIS2PLACEMENT3D(#5974,#5975,#5976);
#5978=IFCDIRECTION((0.,0.,1.));
#5979=IFCEXTRUDEDAREASOLID(#5973,#5977,#5978,0.02500000037252903);
#5980=IFCCARTESIANPOINTLIST2D(((0.,0.),(0.,2.),(0.71780180931091309,2.),(0.71780180931091309,0.),(0.64280180633068085,0.),(0.64280180633068085,1.9249999970197678),(0.075000002980232239,1.9249999970197678),(0.075000002980232239,0.)));
#5981=IFCINDEXEDPOLYCURVE(#5980,(IFCLINEINDEX((1,2,3,4,5,6,7,8,1))),$);
#5982=IFCARBITRARYCLOSEDPROFILEDEF(.AREA.,$,#5981);
#5983=IFCCARTESIANPOINT((0.,-0.0010000000474974513,0.));
#5984=IFCDIRECTION((0.,-1.,0.));
#5985=IFCDIRECTION((1.,0.,0.));
#5986=IFCAXIS2PLACEMENT3D(#5983,#5984,#5985);
#5987=IFCDIRECTION((0.,0.,-1.));
#5988=IFCEXTRUDEDAREASOLID(#5982,#5986,#5987,0.0010000000474974513);
#5989=IFCCARTESIANPOINTLIST2D(((0.,0.),(0.,2.),(0.71780180931091309,2.),(0.71780180931091309,0.),(0.64280180633068085,0.),(0.64280180633068085,1.9249999970197678),(0.075000002980232239,1.9249999970197678),(0.075000002980232239,0.)));
#5990=IFCINDEXEDPOLYCURVE(#5989,(IFCLINEINDEX((1,2,3,4,5,6,7,8,1))),$);
#5991=IFCARBITRARYCLOSEDPROFILEDEF(.AREA.,$,#5990);
#5992=IFCCARTESIANPOINT((0.,0.040000006556510925,0.));
#5993=IFCDIRECTION((0.,-1.,0.));
#5994=IFCDIRECTION((1.,0.,0.));
#5995=IFCAXIS2PLACEMENT3D(#5992,#5993,#5994);
#5996=IFCDIRECTION((0.,0.,-1.));
#5997=IFCEXTRUDEDAREASOLID(#5991,#5995,#5996,0.0010000000474974513);
#5998=IFCCARTESIANPOINTLIST2D(((0.,0.),(0.56618581712245941,0.),(0.56618581712245941,0.035000000149011612),(0.,0.035000000149011612)));
#5999=IFCINDEXEDPOLYCURVE(#5998,(IFCLINEINDEX((1,2,3,4,1))),$);
#6000=IFCARBITRARYCLOSEDPROFILEDEF(.AREA.,$,#5999);
#6001=IFCCARTESIANPOINT((0.075807996094226837,-0.035000000149011612,0.02500000037252903));
#6002=IFCDIRECTION((0.,0.,1.));
#6003=IFCDIRECTION((1.,0.,0.));
#6004=IFCAXIS2PLACEMENT3D(#6001,#6002,#6003);
#6005=IFCDIRECTION((0.,0.,1.));
#6006=IFCEXTRUDEDAREASOLID(#6000,#6004,#6005,1.8991920035332441);
#6007=IFCCARTESIANPOINTLIST2D(((0.,0.),(0.,-0.040000000000000008),(-0.11999999999999994,-0.040000000000000008),(-0.11999999999999994,-0.020000000000000004),(-0.019999999999999907,-0.020000000000000004),(-0.019999999999999907,0.)));
#6008=IFCINDEXEDPOLYCURVE(#6007,(IFCLINEINDEX((1,2,3,4,5,6,1))),$);
#6009=IFCARBITRARYCLOSEDPROFILEDEF(.AREA.,$,#6008);
#6010=IFCCARTESIANPOINT((0.5919938132166862,-0.035000000149011612,1.015000000372529));
#6011=IFCDIRECTION((0.,0.,1.));
#6012=IFCDIRECTION((1.,0.,0.));
#6013=IFCAXIS2PLACEMENT3D(#6010,#6011,#6012);
#6014=IFCDIRECTION((0.,0.,1.));
#6015=IFCEXTRUDEDAREASOLID(#6009,#6013,#6014,0.02);
#6016=IFCEXTRUDEDAREASOLID(#6017,#6020,#6024,0.02);
#6017=IFCARBITRARYCLOSEDPROFILEDEF(.AREA.,$,#6018);
#6018=IFCINDEXEDPOLYCURVE(#6019,(IFCLINEINDEX((1,2,3,4,5,6,1))),$);
#6019=IFCCARTESIANPOINTLIST2D(((0.,0.),(0.,0.040000000000000008),(-0.11999999999999994,0.040000000000000008),(-0.11999999999999994,0.020000000000000004),(-0.019999999999999907,0.020000000000000004),(-0.019999999999999907,0.)));
#6020=IFCAXIS2PLACEMENT3D(#6021,#6022,#6023);
#6021=IFCCARTESIANPOINT((0.5919938132166862,0.,1.015000000372529));
#6022=IFCDIRECTION((0.,0.,1.));
#6023=IFCDIRECTION((1.,0.,0.));
#6024=IFCDIRECTION((0.,0.,1.));
#6066=IFCCARTESIANPOINTLIST2D(((0.,0.),(0.,2.),(0.73292964696884155,2.),(0.73292964696884155,0.),(0.65712165087461472,0.),(0.65712165087461472,1.9241920039057732),(0.075807996094226837,1.9241920039057732),(0.075807996094226837,0.)));
#6067=IFCINDEXEDPOLYCURVE(#6066,(IFCLINEINDEX((1,2,3,4,5,6,7,8,1))),$);
#6068=IFCARBITRARYCLOSEDPROFILEDEF(.AREA.,$,#6067);
#6069=IFCCARTESIANPOINT((0.,0.,0.));
#6070=IFCDIRECTION((0.,-1.,0.));
#6071=IFCDIRECTION((1.,0.,0.));
#6072=IFCAXIS2PLACEMENT3D(#6069,#6070,#6071);
#6073=IFCDIRECTION((0.,0.,-1.));
#6074=IFCEXTRUDEDAREASOLID(#6068,#6072,#6073,0.040000006556510925);
#6075=IFCCARTESIANPOINTLIST2D(((0.,0.),(0.58131365478038788,0.),(0.58131365478038788,0.10000000149011612),(0.,0.10000000149011612)));
#6076=IFCINDEXEDPOLYCURVE(#6075,(IFCLINEINDEX((1,2,3,4,1))),$);
#6077=IFCARBITRARYCLOSEDPROFILEDEF(.AREA.,$,#6076);
#6078=IFCCARTESIANPOINT((0.075807996094226837,0.,0.));
#6079=IFCDIRECTION((0.,0.,1.));
#6080=IFCDIRECTION((1.,0.,0.));
#6081=IFCAXIS2PLACEMENT3D(#6078,#6079,#6080);
#6082=IFCDIRECTION((0.,0.,1.));
#6083=IFCEXTRUDEDAREASOLID(#6077,#6081,#6082,0.02500000037252903);
#6084=IFCCARTESIANPOINTLIST2D(((0.,0.),(0.,2.),(0.73292964696884155,2.),(0.73292964696884155,0.),(0.65792964398860931,0.),(0.65792964398860931,1.9249999970197678),(0.075000002980232239,1.9249999970197678),(0.075000002980232239,0.)));
#6085=IFCINDEXEDPOLYCURVE(#6084,(IFCLINEINDEX((1,2,3,4,5,6,7,8,1))),$);
#6086=IFCARBITRARYCLOSEDPROFILEDEF(.AREA.,$,#6085);
#6087=IFCCARTESIANPOINT((0.,-0.0010000000474974513,0.));
#6088=IFCDIRECTION((0.,-1.,0.));
#6089=IFCDIRECTION((1.,0.,0.));
#6090=IFCAXIS2PLACEMENT3D(#6087,#6088,#6089);
#6091=IFCDIRECTION((0.,0.,-1.));
#6092=IFCEXTRUDEDAREASOLID(#6086,#6090,#6091,0.0010000000474974513);
#6093=IFCCARTESIANPOINTLIST2D(((0.,0.),(0.,2.),(0.73292964696884155,2.),(0.73292964696884155,0.),(0.65792964398860931,0.),(0.65792964398860931,1.9249999970197678),(0.075000002980232239,1.9249999970197678),(0.075000002980232239,0.)));
#6094=IFCINDEXEDPOLYCURVE(#6093,(IFCLINEINDEX((1,2,3,4,5,6,7,8,1))),$);
#6095=IFCARBITRARYCLOSEDPROFILEDEF(.AREA.,$,#6094);
#6096=IFCCARTESIANPOINT((0.,0.040000006556510925,0.));
#6097=IFCDIRECTION((0.,-1.,0.));
#6098=IFCDIRECTION((1.,0.,0.));
#6099=IFCAXIS2PLACEMENT3D(#6096,#6097,#6098);
#6100=IFCDIRECTION((0.,0.,-1.));
#6101=IFCEXTRUDEDAREASOLID(#6095,#6099,#6100,0.0010000000474974513);
#6102=IFCCARTESIANPOINTLIST2D(((0.,0.),(0.58131365478038788,0.),(0.58131365478038788,0.035000000149011612),(0.,0.035000000149011612)));
#6103=IFCINDEXEDPOLYCURVE(#6102,(IFCLINEINDEX((1,2,3,4,1))),$);
#6104=IFCARBITRARYCLOSEDPROFILEDEF(.AREA.,$,#6103);
#6105=IFCCARTESIANPOINT((0.075807996094226837,-0.035000000149011612,0.02500000037252903));
#6106=IFCDIRECTION((0.,0.,1.));
#6107=IFCDIRECTION((1.,0.,0.));
#6108=IFCAXIS2PLACEMENT3D(#6105,#6106,#6107);
#6109=IFCDIRECTION((0.,0.,1.));
#6110=IFCEXTRUDEDAREASOLID(#6104,#6108,#6109,1.8991920035332441);
#6111=IFCCARTESIANPOINTLIST2D(((0.,0.),(0.,-0.040000000000000008),(-0.11999999999999994,-0.040000000000000008),(-0.11999999999999994,-0.020000000000000004),(-0.019999999999999907,-0.020000000000000004),(-0.019999999999999907,0.)));
#6112=IFCINDEXEDPOLYCURVE(#6111,(IFCLINEINDEX((1,2,3,4,5,6,1))),$);
#6113=IFCARBITRARYCLOSEDPROFILEDEF(.AREA.,$,#6112);
#6114=IFCCARTESIANPOINT((0.60712165087461467,-0.035000000149011612,1.015000000372529));
#6115=IFCDIRECTION((0.,0.,1.));
#6116=IFCDIRECTION((1.,0.,0.));
#6117=IFCAXIS2PLACEMENT3D(#6114,#6115,#6116);
#6118=IFCDIRECTION((0.,0.,1.));
#6119=IFCEXTRUDEDAREASOLID(#6113,#6117,#6118,0.02);
#6120=IFCEXTRUDEDAREASOLID(#6121,#6124,#6128,0.02);
#6121=IFCARBITRARYCLOSEDPROFILEDEF(.AREA.,$,#6122);
#6122=IFCINDEXEDPOLYCURVE(#6123,(IFCLINEINDEX((1,2,3,4,5,6,1))),$);
#6123=IFCCARTESIANPOINTLIST2D(((0.,0.),(0.,0.040000000000000008),(-0.11999999999999994,0.040000000000000008),(-0.11999999999999994,0.020000000000000004),(-0.019999999999999907,0.020000000000000004),(-0.019999999999999907,0.)));
#6124=IFCAXIS2PLACEMENT3D(#6125,#6126,#6127);
#6125=IFCCARTESIANPOINT((0.60712165087461467,0.,1.015000000372529));
#6126=IFCDIRECTION((0.,0.,1.));
#6127=IFCDIRECTION((1.,0.,0.));
#6128=IFCDIRECTION((0.,0.,1.));
#6170=IFCCARTESIANPOINTLIST2D(((0.,0.),(0.,2.),(1.4746090173721313,2.),(1.4746090173721313,0.),(1.3988010212779045,0.),(1.3988010212779045,1.9241920039057732),(0.075807996094226837,1.9241920039057732),(0.075807996094226837,0.)));
#6171=IFCINDEXEDPOLYCURVE(#6170,(IFCLINEINDEX((1,2,3,4,5,6,7,8,1))),$);
#6172=IFCARBITRARYCLOSEDPROFILEDEF(.AREA.,$,#6171);
#6173=IFCCARTESIANPOINT((0.,0.,0.));
#6174=IFCDIRECTION((0.,-1.,0.));
#6175=IFCDIRECTION((1.,0.,0.));
#6176=IFCAXIS2PLACEMENT3D(#6173,#6174,#6175);
#6177=IFCDIRECTION((0.,0.,-1.));
#6178=IFCEXTRUDEDAREASOLID(#6172,#6176,#6177,0.040000006556510925);
#6179=IFCCARTESIANPOINTLIST2D(((0.,0.),(1.3229930251836777,0.),(1.3229930251836777,0.10000000149011612),(0.,0.10000000149011612)));
#6180=IFCINDEXEDPOLYCURVE(#6179,(IFCLINEINDEX((1,2,3,4,1))),$);
#6181=IFCARBITRARYCLOSEDPROFILEDEF(.AREA.,$,#6180);
#6182=IFCCARTESIANPOINT((0.075807996094226837,0.,0.));
#6183=IFCDIRECTION((0.,0.,1.));
#6184=IFCDIRECTION((1.,0.,0.));
#6185=IFCAXIS2PLACEMENT3D(#6182,#6183,#6184);
#6186=IFCDIRECTION((0.,0.,1.));
#6187=IFCEXTRUDEDAREASOLID(#6181,#6185,#6186,0.02500000037252903);
#6188=IFCCARTESIANPOINTLIST2D(((0.,0.),(0.,2.),(1.4746090173721313,2.),(1.4746090173721313,0.),(1.3996090143918991,0.),(1.3996090143918991,1.9249999970197678),(0.075000002980232239,1.9249999970197678),(0.075000002980232239,0.)));
#6189=IFCINDEXEDPOLYCURVE(#6188,(IFCLINEINDEX((1,2,3,4,5,6,7,8,1))),$);
#6190=IFCARBITRARYCLOSEDPROFILEDEF(.AREA.,$,#6189);
#6191=IFCCARTESIANPOINT((0.,-0.0010000000474974513,0.));
#6192=IFCDIRECTION((0.,-1.,0.));
#6193=IFCDIRECTION((1.,0.,0.));
#6194=IFCAXIS2PLACEMENT3D(#6191,#6192,#6193);
#6195=IFCDIRECTION((0.,0.,-1.));
#6196=IFCEXTRUDEDAREASOLID(#6190,#6194,#6195,0.0010000000474974513);
#6197=IFCCARTESIANPOINTLIST2D(((0.,0.),(0.,2.),(1.4746090173721313,2.),(1.4746090173721313,0.),(1.3996090143918991,0.),(1.3996090143918991,1.9249999970197678),(0.075000002980232239,1.9249999970197678),(0.075000002980232239,0.)));
#6198=IFCINDEXEDPOLYCURVE(#6197,(IFCLINEINDEX((1,2,3,4,5,6,7,8,1))),$);
#6199=IFCARBITRARYCLOSEDPROFILEDEF(.AREA.,$,#6198);
#6200=IFCCARTESIANPOINT((0.,0.040000006556510925,0.));
#6201=IFCDIRECTION((0.,-1.,0.));
#6202=IFCDIRECTION((1.,0.,0.));
#6203=IFCAXIS2PLACEMENT3D(#6200,#6201,#6202);
#6204=IFCDIRECTION((0.,0.,-1.));
#6205=IFCEXTRUDEDAREASOLID(#6199,#6203,#6204,0.0010000000474974513);
#6206=IFCCARTESIANPOINTLIST2D(((0.,0.),(1.3229930251836777,0.),(1.3229930251836777,0.035000000149011612),(0.,0.035000000149011612)));
#6207=IFCINDEXEDPOLYCURVE(#6206,(IFCLINEINDEX((1,2,3,4,1))),$);
#6208=IFCARBITRARYCLOSEDPROFILEDEF(.AREA.,$,#6207);
#6209=IFCCARTESIANPOINT((0.075807996094226837,-0.035000000149011612,0.02500000037252903));
#6210=IFCDIRECTION((0.,0.,1.));
#6211=IFCDIRECTION((1.,0.,0.));
#6212=IFCAXIS2PLACEMENT3D(#6209,#6210,#6211);
#6213=IFCDIRECTION((0.,0.,1.));
#6214=IFCEXTRUDEDAREASOLID(#6208,#6212,#6213,1.8991920035332441);
#6215=IFCCARTESIANPOINTLIST2D(((0.,0.),(0.,-0.040000000000000008),(-0.11999999999999988,-0.040000000000000008),(-0.11999999999999988,-0.020000000000000004),(-0.019999999999999796,-0.020000000000000004),(-0.019999999999999796,0.)));
#6216=IFCINDEXEDPOLYCURVE(#6215,(IFCLINEINDEX((1,2,3,4,5,6,1))),$);
#6217=IFCARBITRARYCLOSEDPROFILEDEF(.AREA.,$,#6216);
#6218=IFCCARTESIANPOINT((1.3488010212779045,-0.035000000149011612,1.015000000372529));
#6219=IFCDIRECTION((0.,0.,1.));
#6220=IFCDIRECTION((1.,0.,0.));
#6221=IFCAXIS2PLACEMENT3D(#6218,#6219,#6220);
#6222=IFCDIRECTION((0.,0.,1.));
#6223=IFCEXTRUDEDAREASOLID(#6217,#6221,#6222,0.02);
#6224=IFCEXTRUDEDAREASOLID(#6225,#6228,#6232,0.02);
#6225=IFCARBITRARYCLOSEDPROFILEDEF(.AREA.,$,#6226);
#6226=IFCINDEXEDPOLYCURVE(#6227,(IFCLINEINDEX((1,2,3,4,5,6,1))),$);
#6227=IFCCARTESIANPOINTLIST2D(((0.,0.),(0.,0.040000000000000008),(-0.11999999999999988,0.040000000000000008),(-0.11999999999999988,0.020000000000000004),(-0.019999999999999796,0.020000000000000004),(-0.019999999999999796,0.)));
#6228=IFCAXIS2PLACEMENT3D(#6229,#6230,#6231);
#6229=IFCCARTESIANPOINT((1.3488010212779045,0.,1.015000000372529));
#6230=IFCDIRECTION((0.,0.,1.));
#6231=IFCDIRECTION((1.,0.,0.));
#6232=IFCDIRECTION((0.,0.,1.));
#6289=IFCCARTESIANPOINTLIST2D(((0.,0.),(0.,2.),(1.4746090173721313,2.),(1.4746090173721313,0.),(1.3988010212779045,0.),(1.3988010212779045,1.9241920039057732),(0.075807996094226837,1.9241920039057732),(0.075807996094226837,0.)));
#6290=IFCINDEXEDPOLYCURVE(#6289,(IFCLINEINDEX((1,2,3,4,5,6,7,8,1))),$);
#6291=IFCARBITRARYCLOSEDPROFILEDEF(.AREA.,$,#6290);
#6292=IFCCARTESIANPOINT((0.,0.,0.));
#6293=IFCDIRECTION((0.,-1.,0.));
#6294=IFCDIRECTION((1.,0.,0.));
#6295=IFCAXIS2PLACEMENT3D(#6292,#6293,#6294);
#6296=IFCDIRECTION((0.,0.,-1.));
#6297=IFCEXTRUDEDAREASOLID(#6291,#6295,#6296,0.040000006556510925);
#6298=IFCCARTESIANPOINTLIST2D(((0.,0.),(1.3229930251836777,0.),(1.3229930251836777,0.10000000149011612),(0.,0.10000000149011612)));
#6299=IFCINDEXEDPOLYCURVE(#6298,(IFCLINEINDEX((1,2,3,4,1))),$);
#6300=IFCARBITRARYCLOSEDPROFILEDEF(.AREA.,$,#6299);
#6301=IFCCARTESIANPOINT((0.075807996094226837,0.,0.));
#6302=IFCDIRECTION((0.,0.,1.));
#6303=IFCDIRECTION((1.,0.,0.));
#6304=IFCAXIS2PLACEMENT3D(#6301,#6302,#6303);
#6305=IFCDIRECTION((0.,0.,1.));
#6306=IFCEXTRUDEDAREASOLID(#6300,#6304,#6305,0.02500000037252903);
#6307=IFCCARTESIANPOINTLIST2D(((0.,0.),(0.,2.),(1.4746090173721313,2.),(1.4746090173721313,0.),(1.3996090143918991,0.),(1.3996090143918991,1.9249999970197678),(0.075000002980232239,1.9249999970197678),(0.075000002980232239,0.)));
#6308=IFCINDEXEDPOLYCURVE(#6307,(IFCLINEINDEX((1,2,3,4,5,6,7,8,1))),$);
#6309=IFCARBITRARYCLOSEDPROFILEDEF(.AREA.,$,#6308);
#6310=IFCCARTESIANPOINT((0.,-0.0010000000474974513,0.));
#6311=IFCDIRECTION((0.,-1.,0.));
#6312=IFCDIRECTION((1.,0.,0.));
#6313=IFCAXIS2PLACEMENT3D(#6310,#6311,#6312);
#6314=IFCDIRECTION((0.,0.,-1.));
#6315=IFCEXTRUDEDAREASOLID(#6309,#6313,#6314,0.0010000000474974513);
#6316=IFCCARTESIANPOINTLIST2D(((0.,0.),(0.,2.),(1.4746090173721313,2.),(1.4746090173721313,0.),(1.3996090143918991,0.),(1.3996090143918991,1.9249999970197678),(0.075000002980232239,1.9249999970197678),(0.075000002980232239,0.)));
#6317=IFCINDEXEDPOLYCURVE(#6316,(IFCLINEINDEX((1,2,3,4,5,6,7,8,1))),$);
#6318=IFCARBITRARYCLOSEDPROFILEDEF(.AREA.,$,#6317);
#6319=IFCCARTESIANPOINT((0.,0.040000006556510925,0.));
#6320=IFCDIRECTION((0.,-1.,0.));
#6321=IFCDIRECTION((1.,0.,0.));
#6322=IFCAXIS2PLACEMENT3D(#6319,#6320,#6321);
#6323=IFCDIRECTION((0.,0.,-1.));
#6324=IFCEXTRUDEDAREASOLID(#6318,#6322,#6323,0.0010000000474974513);
#6325=IFCCARTESIANPOINTLIST2D(((0.,0.),(1.3229930251836777,0.),(1.3229930251836777,0.035000000149011612),(0.,0.035000000149011612)));
#6326=IFCINDEXEDPOLYCURVE(#6325,(IFCLINEINDEX((1,2,3,4,1))),$);
#6327=IFCARBITRARYCLOSEDPROFILEDEF(.AREA.,$,#6326);
#6328=IFCCARTESIANPOINT((0.075807996094226837,-0.035000000149011612,0.02500000037252903));
#6329=IFCDIRECTION((0.,0.,1.));
#6330=IFCDIRECTION((1.,0.,0.));
#6331=IFCAXIS2PLACEMENT3D(#6328,#6329,#6330);
#6332=IFCDIRECTION((0.,0.,1.));
#6333=IFCEXTRUDEDAREASOLID(#6327,#6331,#6332,1.8991920035332441);
#6334=IFCCARTESIANPOINTLIST2D(((0.,0.),(0.,-0.040000000000000001),(0.12,-0.040000000000000001),(0.12,-0.02),(0.02,-0.02),(0.02,0.)));
#6335=IFCINDEXEDPOLYCURVE(#6334,(IFCLINEINDEX((1,2,3,4,5,6,1))),$);
#6336=IFCARBITRARYCLOSEDPROFILEDEF(.AREA.,$,#6335);
#6337=IFCCARTESIANPOINT((0.12580799609422683,-0.035000000149011612,1.015000000372529));
#6338=IFCDIRECTION((0.,0.,1.));
#6339=IFCDIRECTION((1.,0.,0.));
#6340=IFCAXIS2PLACEMENT3D(#6337,#6338,#6339);
#6341=IFCDIRECTION((0.,0.,1.));
#6342=IFCEXTRUDEDAREASOLID(#6336,#6340,#6341,0.02);
#6343=IFCEXTRUDEDAREASOLID(#6344,#6347,#6351,0.02);
#6344=IFCARBITRARYCLOSEDPROFILEDEF(.AREA.,$,#6345);
#6345=IFCINDEXEDPOLYCURVE(#6346,(IFCLINEINDEX((1,2,3,4,5,6,1))),$);
#6346=IFCCARTESIANPOINTLIST2D(((0.,0.),(0.,0.040000000000000008),(0.12,0.040000000000000008),(0.12,0.020000000000000004),(0.01999999999999999,0.020000000000000004),(0.01999999999999999,0.)));
#6347=IFCAXIS2PLACEMENT3D(#6348,#6349,#6350);
#6348=IFCCARTESIANPOINT((0.12580799609422683,0.,1.015000000372529));
#6349=IFCDIRECTION((0.,0.,1.));
#6350=IFCDIRECTION((1.,0.,0.));
#6351=IFCDIRECTION((0.,0.,1.));
#6393=IFCCARTESIANPOINTLIST2D(((0.,0.),(0.,2.),(1.4380450248718262,2.),(1.4380450248718262,0.),(1.3622370287775993,0.),(1.3622370287775993,1.9241920039057732),(0.075807996094226837,1.9241920039057732),(0.075807996094226837,0.)));
#6394=IFCINDEXEDPOLYCURVE(#6393,(IFCLINEINDEX((1,2,3,4,5,6,7,8,1))),$);
#6395=IFCARBITRARYCLOSEDPROFILEDEF(.AREA.,$,#6394);
#6396=IFCCARTESIANPOINT((0.,0.,0.));
#6397=IFCDIRECTION((0.,-1.,0.));
#6398=IFCDIRECTION((1.,0.,0.));
#6399=IFCAXIS2PLACEMENT3D(#6396,#6397,#6398);
#6400=IFCDIRECTION((0.,0.,-1.));
#6401=IFCEXTRUDEDAREASOLID(#6395,#6399,#6400,0.040000006556510925);
#6402=IFCCARTESIANPOINTLIST2D(((0.,0.),(1.2864290326833725,0.),(1.2864290326833725,0.10000000149011612),(0.,0.10000000149011612)));
#6403=IFCINDEXEDPOLYCURVE(#6402,(IFCLINEINDEX((1,2,3,4,1))),$);
#6404=IFCARBITRARYCLOSEDPROFILEDEF(.AREA.,$,#6403);
#6405=IFCCARTESIANPOINT((0.075807996094226837,0.,0.));
#6406=IFCDIRECTION((0.,0.,1.));
#6407=IFCDIRECTION((1.,0.,0.));
#6408=IFCAXIS2PLACEMENT3D(#6405,#6406,#6407);
#6409=IFCDIRECTION((0.,0.,1.));
#6410=IFCEXTRUDEDAREASOLID(#6404,#6408,#6409,0.02500000037252903);
#6411=IFCCARTESIANPOINTLIST2D(((0.,0.),(0.,2.),(1.4380450248718262,2.),(1.4380450248718262,0.),(1.3630450218915939,0.),(1.3630450218915939,1.9249999970197678),(0.075000002980232239,1.9249999970197678),(0.075000002980232239,0.)));
#6412=IFCINDEXEDPOLYCURVE(#6411,(IFCLINEINDEX((1,2,3,4,5,6,7,8,1))),$);
#6413=IFCARBITRARYCLOSEDPROFILEDEF(.AREA.,$,#6412);
#6414=IFCCARTESIANPOINT((0.,-0.0010000000474974513,0.));
#6415=IFCDIRECTION((0.,-1.,0.));
#6416=IFCDIRECTION((1.,0.,0.));
#6417=IFCAXIS2PLACEMENT3D(#6414,#6415,#6416);
#6418=IFCDIRECTION((0.,0.,-1.));
#6419=IFCEXTRUDEDAREASOLID(#6413,#6417,#6418,0.0010000000474974513);
#6420=IFCCARTESIANPOINTLIST2D(((0.,0.),(0.,2.),(1.4380450248718262,2.),(1.4380450248718262,0.),(1.3630450218915939,0.),(1.3630450218915939,1.9249999970197678),(0.075000002980232239,1.9249999970197678),(0.075000002980232239,0.)));
#6421=IFCINDEXEDPOLYCURVE(#6420,(IFCLINEINDEX((1,2,3,4,5,6,7,8,1))),$);
#6422=IFCARBITRARYCLOSEDPROFILEDEF(.AREA.,$,#6421);
#6423=IFCCARTESIANPOINT((0.,0.040000006556510925,0.));
#6424=IFCDIRECTION((0.,-1.,0.));
#6425=IFCDIRECTION((1.,0.,0.));
#6426=IFCAXIS2PLACEMENT3D(#6423,#6424,#6425);
#6427=IFCDIRECTION((0.,0.,-1.));
#6428=IFCEXTRUDEDAREASOLID(#6422,#6426,#6427,0.0010000000474974513);
#6429=IFCCARTESIANPOINTLIST2D(((0.,0.),(1.2864290326833725,0.),(1.2864290326833725,0.035000000149011612),(0.,0.035000000149011612)));
#6430=IFCINDEXEDPOLYCURVE(#6429,(IFCLINEINDEX((1,2,3,4,1))),$);
#6431=IFCARBITRARYCLOSEDPROFILEDEF(.AREA.,$,#6430);
#6432=IFCCARTESIANPOINT((0.075807996094226837,-0.035000000149011612,0.02500000037252903));
#6433=IFCDIRECTION((0.,0.,1.));
#6434=IFCDIRECTION((1.,0.,0.));
#6435=IFCAXIS2PLACEMENT3D(#6432,#6433,#6434);
#6436=IFCDIRECTION((0.,0.,1.));
#6437=IFCEXTRUDEDAREASOLID(#6431,#6435,#6436,1.8991920035332441);
#6438=IFCCARTESIANPOINTLIST2D(((0.,0.),(0.,-0.040000000000000001),(0.12,-0.040000000000000001),(0.12,-0.02),(0.02,-0.02),(0.02,0.)));
#6439=IFCINDEXEDPOLYCURVE(#6438,(IFCLINEINDEX((1,2,3,4,5,6,1))),$);
#6440=IFCARBITRARYCLOSEDPROFILEDEF(.AREA.,$,#6439);
#6441=IFCCARTESIANPOINT((0.12580799609422683,-0.035000000149011612,1.015000000372529));
#6442=IFCDIRECTION((0.,0.,1.));
#6443=IFCDIRECTION((1.,0.,0.));
#6444=IFCAXIS2PLACEMENT3D(#6441,#6442,#6443);
#6445=IFCDIRECTION((0.,0.,1.));
#6446=IFCEXTRUDEDAREASOLID(#6440,#6444,#6445,0.02);
#6447=IFCEXTRUDEDAREASOLID(#6448,#6451,#6455,0.02);
#6448=IFCARBITRARYCLOSEDPROFILEDEF(.AREA.,$,#6449);
#6449=IFCINDEXEDPOLYCURVE(#6450,(IFCLINEINDEX((1,2,3,4,5,6,1))),$);
#6450=IFCCARTESIANPOINTLIST2D(((0.,0.),(0.,0.040000000000000008),(0.12,0.040000000000000008),(0.12,0.020000000000000004),(0.01999999999999999,0.020000000000000004),(0.01999999999999999,0.)));
#6451=IFCAXIS2PLACEMENT3D(#6452,#6453,#6454);
#6452=IFCCARTESIANPOINT((0.12580799609422683,0.,1.015000000372529));
#6453=IFCDIRECTION((0.,0.,1.));
#6454=IFCDIRECTION((1.,0.,0.));
#6455=IFCDIRECTION((0.,0.,1.));
#6497=IFCCARTESIANPOINTLIST2D(((0.,0.),(0.,2.),(1.4380450248718262,2.),(1.4380450248718262,0.),(1.3622370287775993,0.),(1.3622370287775993,1.9241920039057732),(0.075807996094226837,1.9241920039057732),(0.075807996094226837,0.)));
#6498=IFCINDEXEDPOLYCURVE(#6497,(IFCLINEINDEX((1,2,3,4,5,6,7,8,1))),$);
#6499=IFCARBITRARYCLOSEDPROFILEDEF(.AREA.,$,#6498);
#6500=IFCCARTESIANPOINT((0.,0.,0.));
#6501=IFCDIRECTION((0.,-1.,0.));
#6502=IFCDIRECTION((1.,0.,0.));
#6503=IFCAXIS2PLACEMENT3D(#6500,#6501,#6502);
#6504=IFCDIRECTION((0.,0.,-1.));
#6505=IFCEXTRUDEDAREASOLID(#6499,#6503,#6504,0.040000006556510925);
#6506=IFCCARTESIANPOINTLIST2D(((0.,0.),(1.2864290326833725,0.),(1.2864290326833725,0.10000000149011612),(0.,0.10000000149011612)));
#6507=IFCINDEXEDPOLYCURVE(#6506,(IFCLINEINDEX((1,2,3,4,1))),$);
#6508=IFCARBITRARYCLOSEDPROFILEDEF(.AREA.,$,#6507);
#6509=IFCCARTESIANPOINT((0.075807996094226837,0.,0.));
#6510=IFCDIRECTION((0.,0.,1.));
#6511=IFCDIRECTION((1.,0.,0.));
#6512=IFCAXIS2PLACEMENT3D(#6509,#6510,#6511);
#6513=IFCDIRECTION((0.,0.,1.));
#6514=IFCEXTRUDEDAREASOLID(#6508,#6512,#6513,0.02500000037252903);
#6515=IFCCARTESIANPOINTLIST2D(((0.,0.),(0.,2.),(1.4380450248718262,2.),(1.4380450248718262,0.),(1.3630450218915939,0.),(1.3630450218915939,1.9249999970197678),(0.075000002980232239,1.9249999970197678),(0.075000002980232239,0.)));
#6516=IFCINDEXEDPOLYCURVE(#6515,(IFCLINEINDEX((1,2,3,4,5,6,7,8,1))),$);
#6517=IFCARBITRARYCLOSEDPROFILEDEF(.AREA.,$,#6516);
#6518=IFCCARTESIANPOINT((0.,-0.0010000000474974513,0.));
#6519=IFCDIRECTION((0.,-1.,0.));
#6520=IFCDIRECTION((1.,0.,0.));
#6521=IFCAXIS2PLACEMENT3D(#6518,#6519,#6520);
#6522=IFCDIRECTION((0.,0.,-1.));
#6523=IFCEXTRUDEDAREASOLID(#6517,#6521,#6522,0.0010000000474974513);
#6524=IFCCARTESIANPOINTLIST2D(((0.,0.),(0.,2.),(1.4380450248718262,2.),(1.4380450248718262,0.),(1.3630450218915939,0.),(1.3630450218915939,1.9249999970197678),(0.075000002980232239,1.9249999970197678),(0.075000002980232239,0.)));
#6525=IFCINDEXEDPOLYCURVE(#6524,(IFCLINEINDEX((1,2,3,4,5,6,7,8,1))),$);
#6526=IFCARBITRARYCLOSEDPROFILEDEF(.AREA.,$,#6525);
#6527=IFCCARTESIANPOINT((0.,0.040000006556510925,0.));
#6528=IFCDIRECTION((0.,-1.,0.));
#6529=IFCDIRECTION((1.,0.,0.));
#6530=IFCAXIS2PLACEMENT3D(#6527,#6528,#6529);
#6531=IFCDIRECTION((0.,0.,-1.));
#6532=IFCEXTRUDEDAREASOLID(#6526,#6530,#6531,0.0010000000474974513);
#6533=IFCCARTESIANPOINTLIST2D(((0.,0.),(1.2864290326833725,0.),(1.2864290326833725,0.035000000149011612),(0.,0.035000000149011612)));
#6534=IFCINDEXEDPOLYCURVE(#6533,(IFCLINEINDEX((1,2,3,4,1))),$);
#6535=IFCARBITRARYCLOSEDPROFILEDEF(.AREA.,$,#6534);
#6536=IFCCARTESIANPOINT((0.075807996094226837,-0.035000000149011612,0.02500000037252903));
#6537=IFCDIRECTION((0.,0.,1.));
#6538=IFCDIRECTION((1.,0.,0.));
#6539=IFCAXIS2PLACEMENT3D(#6536,#6537,#6538);
#6540=IFCDIRECTION((0.,0.,1.));
#6541=IFCEXTRUDEDAREASOLID(#6535,#6539,#6540,1.8991920035332441);
#6542=IFCCARTESIANPOINTLIST2D(((0.,0.),(0.,-0.040000000000000001),(0.12,-0.040000000000000001),(0.12,-0.02),(0.02,-0.02),(0.02,0.)));
#6543=IFCINDEXEDPOLYCURVE(#6542,(IFCLINEINDEX((1,2,3,4,5,6,1))),$);
#6544=IFCARBITRARYCLOSEDPROFILEDEF(.AREA.,$,#6543);
#6545=IFCCARTESIANPOINT((0.12580799609422683,-0.035000000149011612,1.015000000372529));
#6546=IFCDIRECTION((0.,0.,1.));
#6547=IFCDIRECTION((1.,0.,0.));
#6548=IFCAXIS2PLACEMENT3D(#6545,#6546,#6547);
#6549=IFCDIRECTION((0.,0.,1.));
#6550=IFCEXTRUDEDAREASOLID(#6544,#6548,#6549,0.02);
#6551=IFCEXTRUDEDAREASOLID(#6552,#6555,#6559,0.02);
#6552=IFCARBITRARYCLOSEDPROFILEDEF(.AREA.,$,#6553);
#6553=IFCINDEXEDPOLYCURVE(#6554,(IFCLINEINDEX((1,2,3,4,5,6,1))),$);
#6554=IFCCARTESIANPOINTLIST2D(((0.,0.),(0.,0.040000000000000008),(0.12,0.040000000000000008),(0.12,0.020000000000000004),(0.01999999999999999,0.020000000000000004),(0.01999999999999999,0.)));
#6555=IFCAXIS2PLACEMENT3D(#6556,#6557,#6558);
#6556=IFCCARTESIANPOINT((0.12580799609422683,0.,1.015000000372529));
#6557=IFCDIRECTION((0.,0.,1.));
#6558=IFCDIRECTION((1.,0.,0.));
#6559=IFCDIRECTION((0.,0.,1.));
#6601=IFCCARTESIANPOINTLIST2D(((0.,0.),(0.,2.),(1.4374426603317261,2.),(1.4374426603317261,0.),(1.3616346642374992,0.),(1.3616346642374992,1.9241920039057732),(0.075807996094226837,1.9241920039057732),(0.075807996094226837,0.)));
#6602=IFCINDEXEDPOLYCURVE(#6601,(IFCLINEINDEX((1,2,3,4,5,6,7,8,1))),$);
#6603=IFCARBITRARYCLOSEDPROFILEDEF(.AREA.,$,#6602);
#6604=IFCCARTESIANPOINT((0.,0.,0.));
#6605=IFCDIRECTION((0.,-1.,0.));
#6606=IFCDIRECTION((1.,0.,0.));
#6607=IFCAXIS2PLACEMENT3D(#6604,#6605,#6606);
#6608=IFCDIRECTION((0.,0.,-1.));
#6609=IFCEXTRUDEDAREASOLID(#6603,#6607,#6608,0.040000006556510925);
#6610=IFCCARTESIANPOINTLIST2D(((0.,0.),(1.2858266681432724,0.),(1.2858266681432724,0.10000000149011612),(0.,0.10000000149011612)));
#6611=IFCINDEXEDPOLYCURVE(#6610,(IFCLINEINDEX((1,2,3,4,1))),$);
#6612=IFCARBITRARYCLOSEDPROFILEDEF(.AREA.,$,#6611);
#6613=IFCCARTESIANPOINT((0.075807996094226837,0.,0.));
#6614=IFCDIRECTION((0.,0.,1.));
#6615=IFCDIRECTION((1.,0.,0.));
#6616=IFCAXIS2PLACEMENT3D(#6613,#6614,#6615);
#6617=IFCDIRECTION((0.,0.,1.));
#6618=IFCEXTRUDEDAREASOLID(#6612,#6616,#6617,0.02500000037252903);
#6619=IFCCARTESIANPOINTLIST2D(((0.,0.),(0.,2.),(1.4374426603317261,2.),(1.4374426603317261,0.),(1.3624426573514938,0.),(1.3624426573514938,1.9249999970197678),(0.075000002980232239,1.9249999970197678),(0.075000002980232239,0.)));
#6620=IFCINDEXEDPOLYCURVE(#6619,(IFCLINEINDEX((1,2,3,4,5,6,7,8,1))),$);
#6621=IFCARBITRARYCLOSEDPROFILEDEF(.AREA.,$,#6620);
#6622=IFCCARTESIANPOINT((0.,-0.0010000000474974513,0.));
#6623=IFCDIRECTION((0.,-1.,0.));
#6624=IFCDIRECTION((1.,0.,0.));
#6625=IFCAXIS2PLACEMENT3D(#6622,#6623,#6624);
#6626=IFCDIRECTION((0.,0.,-1.));
#6627=IFCEXTRUDEDAREASOLID(#6621,#6625,#6626,0.0010000000474974513);
#6628=IFCCARTESIANPOINTLIST2D(((0.,0.),(0.,2.),(1.4374426603317261,2.),(1.4374426603317261,0.),(1.3624426573514938,0.),(1.3624426573514938,1.9249999970197678),(0.075000002980232239,1.9249999970197678),(0.075000002980232239,0.)));
#6629=IFCINDEXEDPOLYCURVE(#6628,(IFCLINEINDEX((1,2,3,4,5,6,7,8,1))),$);
#6630=IFCARBITRARYCLOSEDPROFILEDEF(.AREA.,$,#6629);
#6631=IFCCARTESIANPOINT((0.,0.040000006556510925,0.));
#6632=IFCDIRECTION((0.,-1.,0.));
#6633=IFCDIRECTION((1.,0.,0.));
#6634=IFCAXIS2PLACEMENT3D(#6631,#6632,#6633);
#6635=IFCDIRECTION((0.,0.,-1.));
#6636=IFCEXTRUDEDAREASOLID(#6630,#6634,#6635,0.0010000000474974513);
#6637=IFCCARTESIANPOINTLIST2D(((0.,0.),(1.2858266681432724,0.),(1.2858266681432724,0.035000000149011612),(0.,0.035000000149011612)));
#6638=IFCINDEXEDPOLYCURVE(#6637,(IFCLINEINDEX((1,2,3,4,1))),$);
#6639=IFCARBITRARYCLOSEDPROFILEDEF(.AREA.,$,#6638);
#6640=IFCCARTESIANPOINT((0.075807996094226837,-0.035000000149011612,0.02500000037252903));
#6641=IFCDIRECTION((0.,0.,1.));
#6642=IFCDIRECTION((1.,0.,0.));
#6643=IFCAXIS2PLACEMENT3D(#6640,#6641,#6642);
#6644=IFCDIRECTION((0.,0.,1.));
#6645=IFCEXTRUDEDAREASOLID(#6639,#6643,#6644,1.8991920035332441);
#6646=IFCCARTESIANPOINTLIST2D(((0.,0.),(0.,-0.040000000000000001),(0.12,-0.040000000000000001),(0.12,-0.02),(0.02,-0.02),(0.02,0.)));
#6647=IFCINDEXEDPOLYCURVE(#6646,(IFCLINEINDEX((1,2,3,4,5,6,1))),$);
#6648=IFCARBITRARYCLOSEDPROFILEDEF(.AREA.,$,#6647);
#6649=IFCCARTESIANPOINT((0.12580799609422683,-0.035000000149011612,1.015000000372529));
#6650=IFCDIRECTION((0.,0.,1.));
#6651=IFCDIRECTION((1.,0.,0.));
#6652=IFCAXIS2PLACEMENT3D(#6649,#6650,#6651);
#6653=IFCDIRECTION((0.,0.,1.));
#6654=IFCEXTRUDEDAREASOLID(#6648,#6652,#6653,0.02);
#6655=IFCEXTRUDEDAREASOLID(#6656,#6659,#6663,0.02);
#6656=IFCARBITRARYCLOSEDPROFILEDEF(.AREA.,$,#6657);
#6657=IFCINDEXEDPOLYCURVE(#6658,(IFCLINEINDEX((1,2,3,4,5,6,1))),$);
#6658=IFCCARTESIANPOINTLIST2D(((0.,0.),(0.,0.040000000000000008),(0.12,0.040000000000000008),(0.12,0.020000000000000004),(0.01999999999999999,0.020000000000000004),(0.01999999999999999,0.)));
#6659=IFCAXIS2PLACEMENT3D(#6660,#6661,#6662);
#6660=IFCCARTESIANPOINT((0.12580799609422683,0.,1.015000000372529));
#6661=IFCDIRECTION((0.,0.,1.));
#6662=IFCDIRECTION((1.,0.,0.));
#6663=IFCDIRECTION((0.,0.,1.));
#6705=IFCCARTESIANPOINTLIST2D(((0.,0.),(0.,2.),(1.4374426603317261,2.),(1.4374426603317261,0.),(1.3616346642374992,0.),(1.3616346642374992,1.9241920039057732),(0.075807996094226837,1.9241920039057732),(0.075807996094226837,0.)));
#6706=IFCINDEXEDPOLYCURVE(#6705,(IFCLINEINDEX((1,2,3,4,5,6,7,8,1))),$);
#6707=IFCARBITRARYCLOSEDPROFILEDEF(.AREA.,$,#6706);
#6708=IFCCARTESIANPOINT((0.,0.,0.));
#6709=IFCDIRECTION((0.,-1.,0.));
#6710=IFCDIRECTION((1.,0.,0.));
#6711=IFCAXIS2PLACEMENT3D(#6708,#6709,#6710);
#6712=IFCDIRECTION((0.,0.,-1.));
#6713=IFCEXTRUDEDAREASOLID(#6707,#6711,#6712,0.040000006556510925);
#6714=IFCCARTESIANPOINTLIST2D(((0.,0.),(1.2858266681432724,0.),(1.2858266681432724,0.10000000149011612),(0.,0.10000000149011612)));
#6715=IFCINDEXEDPOLYCURVE(#6714,(IFCLINEINDEX((1,2,3,4,1))),$);
#6716=IFCARBITRARYCLOSEDPROFILEDEF(.AREA.,$,#6715);
#6717=IFCCARTESIANPOINT((0.075807996094226837,0.,0.));
#6718=IFCDIRECTION((0.,0.,1.));
#6719=IFCDIRECTION((1.,0.,0.));
#6720=IFCAXIS2PLACEMENT3D(#6717,#6718,#6719);
#6721=IFCDIRECTION((0.,0.,1.));
#6722=IFCEXTRUDEDAREASOLID(#6716,#6720,#6721,0.02500000037252903);
#6723=IFCCARTESIANPOINTLIST2D(((0.,0.),(0.,2.),(1.4374426603317261,2.),(1.4374426603317261,0.),(1.3624426573514938,0.),(1.3624426573514938,1.9249999970197678),(0.075000002980232239,1.9249999970197678),(0.075000002980232239,0.)));
#6724=IFCINDEXEDPOLYCURVE(#6723,(IFCLINEINDEX((1,2,3,4,5,6,7,8,1))),$);
#6725=IFCARBITRARYCLOSEDPROFILEDEF(.AREA.,$,#6724);
#6726=IFCCARTESIANPOINT((0.,-0.0010000000474974513,0.));
#6727=IFCDIRECTION((0.,-1.,0.));
#6728=IFCDIRECTION((1.,0.,0.));
#6729=IFCAXIS2PLACEMENT3D(#6726,#6727,#6728);
#6730=IFCDIRECTION((0.,0.,-1.));
#6731=IFCEXTRUDEDAREASOLID(#6725,#6729,#6730,0.0010000000474974513);
#6732=IFCCARTESIANPOINTLIST2D(((0.,0.),(0.,2.),(1.4374426603317261,2.),(1.4374426603317261,0.),(1.3624426573514938,0.),(1.3624426573514938,1.9249999970197678),(0.075000002980232239,1.9249999970197678),(0.075000002980232239,0.)));
#6733=IFCINDEXEDPOLYCURVE(#6732,(IFCLINEINDEX((1,2,3,4,5,6,7,8,1))),$);
#6734=IFCARBITRARYCLOSEDPROFILEDEF(.AREA.,$,#6733);
#6735=IFCCARTESIANPOINT((0.,0.040000006556510925,0.));
#6736=IFCDIRECTION((0.,-1.,0.));
#6737=IFCDIRECTION((1.,0.,0.));
#6738=IFCAXIS2PLACEMENT3D(#6735,#6736,#6737);
#6739=IFCDIRECTION((0.,0.,-1.));
#6740=IFCEXTRUDEDAREASOLID(#6734,#6738,#6739,0.0010000000474974513);
#6741=IFCCARTESIANPOINTLIST2D(((0.,0.),(1.2858266681432724,0.),(1.2858266681432724,0.035000000149011612),(0.,0.035000000149011612)));
#6742=IFCINDEXEDPOLYCURVE(#6741,(IFCLINEINDEX((1,2,3,4,1))),$);
#6743=IFCARBITRARYCLOSEDPROFILEDEF(.AREA.,$,#6742);
#6744=IFCCARTESIANPOINT((0.075807996094226837,-0.035000000149011612,0.02500000037252903));
#6745=IFCDIRECTION((0.,0.,1.));
#6746=IFCDIRECTION((1.,0.,0.));
#6747=IFCAXIS2PLACEMENT3D(#6744,#6745,#6746);
#6748=IFCDIRECTION((0.,0.,1.));
#6749=IFCEXTRUDEDAREASOLID(#6743,#6747,#6748,1.8991920035332441);
#6750=IFCCARTESIANPOINTLIST2D(((0.,0.),(0.,-0.040000000000000001),(0.12,-0.040000000000000001),(0.12,-0.02),(0.02,-0.02),(0.02,0.)));
#6751=IFCINDEXEDPOLYCURVE(#6750,(IFCLINEINDEX((1,2,3,4,5,6,1))),$);
#6752=IFCARBITRARYCLOSEDPROFILEDEF(.AREA.,$,#6751);
#6753=IFCCARTESIANPOINT((0.12580799609422683,-0.035000000149011612,1.015000000372529));
#6754=IFCDIRECTION((0.,0.,1.));
#6755=IFCDIRECTION((1.,0.,0.));
#6756=IFCAXIS2PLACEMENT3D(#6753,#6754,#6755);
#6757=IFCDIRECTION((0.,0.,1.));
#6758=IFCEXTRUDEDAREASOLID(#6752,#6756,#6757,0.02);
#6759=IFCEXTRUDEDAREASOLID(#6760,#6763,#6767,0.02);
#6760=IFCARBITRARYCLOSEDPROFILEDEF(.AREA.,$,#6761);
#6761=IFCINDEXEDPOLYCURVE(#6762,(IFCLINEINDEX((1,2,3,4,5,6,1))),$);
#6762=IFCCARTESIANPOINTLIST2D(((0.,0.),(0.,0.040000000000000008),(0.12,0.040000000000000008),(0.12,0.020000000000000004),(0.01999999999999999,0.020000000000000004),(0.01999999999999999,0.)));
#6763=IFCAXIS2PLACEMENT3D(#6764,#6765,#6766);
#6764=IFCCARTESIANPOINT((0.12580799609422683,0.,1.015000000372529));
#6765=IFCDIRECTION((0.,0.,1.));
#6766=IFCDIRECTION((1.,0.,0.));
#6767=IFCDIRECTION((0.,0.,1.));
#6839=IFCCARTESIANPOINTLIST2D(((0.,0.),(0.,2.),(1.3768490552902222,2.),(1.3768490552902222,0.),(1.3010410591959953,0.),(1.3010410591959953,1.9241920039057732),(0.075807996094226837,1.9241920039057732),(0.075807996094226837,0.)));
#6840=IFCINDEXEDPOLYCURVE(#6839,(IFCLINEINDEX((1,2,3,4,5,6,7,8,1))),$);
#6841=IFCARBITRARYCLOSEDPROFILEDEF(.AREA.,$,#6840);
#6842=IFCCARTESIANPOINT((0.,0.,0.));
#6843=IFCDIRECTION((0.,-1.,0.));
#6844=IFCDIRECTION((1.,0.,0.));
#6845=IFCAXIS2PLACEMENT3D(#6842,#6843,#6844);
#6846=IFCDIRECTION((0.,0.,-1.));
#6847=IFCEXTRUDEDAREASOLID(#6841,#6845,#6846,0.040000006556510925);
#6848=IFCCARTESIANPOINTLIST2D(((0.,0.),(1.2252330631017685,0.),(1.2252330631017685,0.10000000149011612),(0.,0.10000000149011612)));
#6849=IFCINDEXEDPOLYCURVE(#6848,(IFCLINEINDEX((1,2,3,4,1))),$);
#6850=IFCARBITRARYCLOSEDPROFILEDEF(.AREA.,$,#6849);
#6851=IFCCARTESIANPOINT((0.075807996094226837,0.,0.));
#6852=IFCDIRECTION((0.,0.,1.));
#6853=IFCDIRECTION((1.,0.,0.));
#6854=IFCAXIS2PLACEMENT3D(#6851,#6852,#6853);
#6855=IFCDIRECTION((0.,0.,1.));
#6856=IFCEXTRUDEDAREASOLID(#6850,#6854,#6855,0.02500000037252903);
#6857=IFCCARTESIANPOINTLIST2D(((0.,0.),(0.,2.),(1.3768490552902222,2.),(1.3768490552902222,0.),(1.3018490523099899,0.),(1.3018490523099899,1.9249999970197678),(0.075000002980232239,1.9249999970197678),(0.075000002980232239,0.)));
#6858=IFCINDEXEDPOLYCURVE(#6857,(IFCLINEINDEX((1,2,3,4,5,6,7,8,1))),$);
#6859=IFCARBITRARYCLOSEDPROFILEDEF(.AREA.,$,#6858);
#6860=IFCCARTESIANPOINT((0.,-0.0010000000474974513,0.));
#6861=IFCDIRECTION((0.,-1.,0.));
#6862=IFCDIRECTION((1.,0.,0.));
#6863=IFCAXIS2PLACEMENT3D(#6860,#6861,#6862);
#6864=IFCDIRECTION((0.,0.,-1.));
#6865=IFCEXTRUDEDAREASOLID(#6859,#6863,#6864,0.0010000000474974513);
#6866=IFCCARTESIANPOINTLIST2D(((0.,0.),(0.,2.),(1.3768490552902222,2.),(1.3768490552902222,0.),(1.3018490523099899,0.),(1.3018490523099899,1.9249999970197678),(0.075000002980232239,1.9249999970197678),(0.075000002980232239,0.)));
#6867=IFCINDEXEDPOLYCURVE(#6866,(IFCLINEINDEX((1,2,3,4,5,6,7,8,1))),$);
#6868=IFCARBITRARYCLOSEDPROFILEDEF(.AREA.,$,#6867);
#6869=IFCCARTESIANPOINT((0.,0.040000006556510925,0.));
#6870=IFCDIRECTION((0.,-1.,0.));
#6871=IFCDIRECTION((1.,0.,0.));
#6872=IFCAXIS2PLACEMENT3D(#6869,#6870,#6871);
#6873=IFCDIRECTION((0.,0.,-1.));
#6874=IFCEXTRUDEDAREASOLID(#6868,#6872,#6873,0.0010000000474974513);
#6875=IFCCARTESIANPOINTLIST2D(((0.,0.),(1.2252330631017685,0.),(1.2252330631017685,0.035000000149011612),(0.,0.035000000149011612)));
#6876=IFCINDEXEDPOLYCURVE(#6875,(IFCLINEINDEX((1,2,3,4,1))),$);
#6877=IFCARBITRARYCLOSEDPROFILEDEF(.AREA.,$,#6876);
#6878=IFCCARTESIANPOINT((0.075807996094226837,-0.035000000149011612,0.02500000037252903));
#6879=IFCDIRECTION((0.,0.,1.));
#6880=IFCDIRECTION((1.,0.,0.));
#6881=IFCAXIS2PLACEMENT3D(#6878,#6879,#6880);
#6882=IFCDIRECTION((0.,0.,1.));
#6883=IFCEXTRUDEDAREASOLID(#6877,#6881,#6882,1.8991920035332441);
#6884=IFCCARTESIANPOINTLIST2D(((0.,0.),(0.,-0.040000000000000001),(0.12,-0.040000000000000001),(0.12,-0.02),(0.02,-0.02),(0.02,0.)));
#6885=IFCINDEXEDPOLYCURVE(#6884,(IFCLINEINDEX((1,2,3,4,5,6,1))),$);
#6886=IFCARBITRARYCLOSEDPROFILEDEF(.AREA.,$,#6885);
#6887=IFCCARTESIANPOINT((0.12580799609422683,-0.035000000149011612,1.015000000372529));
#6888=IFCDIRECTION((0.,0.,1.));
#6889=IFCDIRECTION((1.,0.,0.));
#6890=IFCAXIS2PLACEMENT3D(#6887,#6888,#6889);
#6891=IFCDIRECTION((0.,0.,1.));
#6892=IFCEXTRUDEDAREASOLID(#6886,#6890,#6891,0.02);
#6893=IFCEXTRUDEDAREASOLID(#6894,#6897,#6901,0.02);
#6894=IFCARBITRARYCLOSEDPROFILEDEF(.AREA.,$,#6895);
#6895=IFCINDEXEDPOLYCURVE(#6896,(IFCLINEINDEX((1,2,3,4,5,6,1))),$);
#6896=IFCCARTESIANPOINTLIST2D(((0.,0.),(0.,0.040000000000000008),(0.12,0.040000000000000008),(0.12,0.020000000000000004),(0.01999999999999999,0.020000000000000004),(0.01999999999999999,0.)));
#6897=IFCAXIS2PLACEMENT3D(#6898,#6899,#6900);
#6898=IFCCARTESIANPOINT((0.12580799609422683,0.,1.015000000372529));
#6899=IFCDIRECTION((0.,0.,1.));
#6900=IFCDIRECTION((1.,0.,0.));
#6901=IFCDIRECTION((0.,0.,1.));
#6943=IFCCARTESIANPOINTLIST2D(((0.,0.),(0.,2.),(1.3768490552902222,2.),(1.3768490552902222,0.),(1.3010410591959953,0.),(1.3010410591959953,1.9241920039057732),(0.075807996094226837,1.9241920039057732),(0.075807996094226837,0.)));
#6944=IFCINDEXEDPOLYCURVE(#6943,(IFCLINEINDEX((1,2,3,4,5,6,7,8,1))),$);
#6945=IFCARBITRARYCLOSEDPROFILEDEF(.AREA.,$,#6944);
#6946=IFCCARTESIANPOINT((0.,0.,0.));
#6947=IFCDIRECTION((0.,-1.,0.));
#6948=IFCDIRECTION((1.,0.,0.));
#6949=IFCAXIS2PLACEMENT3D(#6946,#6947,#6948);
#6950=IFCDIRECTION((0.,0.,-1.));
#6951=IFCEXTRUDEDAREASOLID(#6945,#6949,#6950,0.040000006556510925);
#6952=IFCCARTESIANPOINTLIST2D(((0.,0.),(1.2252330631017685,0.),(1.2252330631017685,0.10000000149011612),(0.,0.10000000149011612)));
#6953=IFCINDEXEDPOLYCURVE(#6952,(IFCLINEINDEX((1,2,3,4,1))),$);
#6954=IFCARBITRARYCLOSEDPROFILEDEF(.AREA.,$,#6953);
#6955=IFCCARTESIANPOINT((0.075807996094226837,0.,0.));
#6956=IFCDIRECTION((0.,0.,1.));
#6957=IFCDIRECTION((1.,0.,0.));
#6958=IFCAXIS2PLACEMENT3D(#6955,#6956,#6957);
#6959=IFCDIRECTION((0.,0.,1.));
#6960=IFCEXTRUDEDAREASOLID(#6954,#6958,#6959,0.02500000037252903);
#6961=IFCCARTESIANPOINTLIST2D(((0.,0.),(0.,2.),(1.3768490552902222,2.),(1.3768490552902222,0.),(1.3018490523099899,0.),(1.3018490523099899,1.9249999970197678),(0.075000002980232239,1.9249999970197678),(0.075000002980232239,0.)));
#6962=IFCINDEXEDPOLYCURVE(#6961,(IFCLINEINDEX((1,2,3,4,5,6,7,8,1))),$);
#6963=IFCARBITRARYCLOSEDPROFILEDEF(.AREA.,$,#6962);
#6964=IFCCARTESIANPOINT((0.,-0.0010000000474974513,0.));
#6965=IFCDIRECTION((0.,-1.,0.));
#6966=IFCDIRECTION((1.,0.,0.));
#6967=IFCAXIS2PLACEMENT3D(#6964,#6965,#6966);
#6968=IFCDIRECTION((0.,0.,-1.));
#6969=IFCEXTRUDEDAREASOLID(#6963,#6967,#6968,0.0010000000474974513);
#6970=IFCCARTESIANPOINTLIST2D(((0.,0.),(0.,2.),(1.3768490552902222,2.),(1.3768490552902222,0.),(1.3018490523099899,0.),(1.3018490523099899,1.9249999970197678),(0.075000002980232239,1.9249999970197678),(0.075000002980232239,0.)));
#6971=IFCINDEXEDPOLYCURVE(#6970,(IFCLINEINDEX((1,2,3,4,5,6,7,8,1))),$);
#6972=IFCARBITRARYCLOSEDPROFILEDEF(.AREA.,$,#6971);
#6973=IFCCARTESIANPOINT((0.,0.040000006556510925,0.));
#6974=IFCDIRECTION((0.,-1.,0.));
#6975=IFCDIRECTION((1.,0.,0.));
#6976=IFCAXIS2PLACEMENT3D(#6973,#6974,#6975);
#6977=IFCDIRECTION((0.,0.,-1.));
#6978=IFCEXTRUDEDAREASOLID(#6972,#6976,#6977,0.0010000000474974513);
#6979=IFCCARTESIANPOINTLIST2D(((0.,0.),(1.2252330631017685,0.),(1.2252330631017685,0.035000000149011612),(0.,0.035000000149011612)));
#6980=IFCINDEXEDPOLYCURVE(#6979,(IFCLINEINDEX((1,2,3,4,1))),$);
#6981=IFCARBITRARYCLOSEDPROFILEDEF(.AREA.,$,#6980);
#6982=IFCCARTESIANPOINT((0.075807996094226837,-0.035000000149011612,0.02500000037252903));
#6983=IFCDIRECTION((0.,0.,1.));
#6984=IFCDIRECTION((1.,0.,0.));
#6985=IFCAXIS2PLACEMENT3D(#6982,#6983,#6984);
#6986=IFCDIRECTION((0.,0.,1.));
#6987=IFCEXTRUDEDAREASOLID(#6981,#6985,#6986,1.8991920035332441);
#6988=IFCCARTESIANPOINTLIST2D(((0.,0.),(0.,-0.040000000000000001),(0.12,-0.040000000000000001),(0.12,-0.02),(0.02,-0.02),(0.02,0.)));
#6989=IFCINDEXEDPOLYCURVE(#6988,(IFCLINEINDEX((1,2,3,4,5,6,1))),$);
#6990=IFCARBITRARYCLOSEDPROFILEDEF(.AREA.,$,#6989);
#6991=IFCCARTESIANPOINT((0.12580799609422683,-0.035000000149011612,1.015000000372529));
#6992=IFCDIRECTION((0.,0.,1.));
#6993=IFCDIRECTION((1.,0.,0.));
#6994=IFCAXIS2PLACEMENT3D(#6991,#6992,#6993);
#6995=IFCDIRECTION((0.,0.,1.));
#6996=IFCEXTRUDEDAREASOLID(#6990,#6994,#6995,0.02);
#6997=IFCEXTRUDEDAREASOLID(#6998,#7001,#7005,0.02);
#6998=IFCARBITRARYCLOSEDPROFILEDEF(.AREA.,$,#6999);
#6999=IFCINDEXEDPOLYCURVE(#7000,(IFCLINEINDEX((1,2,3,4,5,6,1))),$);
#7000=IFCCARTESIANPOINTLIST2D(((0.,0.),(0.,0.040000000000000008),(0.12,0.040000000000000008),(0.12,0.020000000000000004),(0.01999999999999999,0.020000000000000004),(0.01999999999999999,0.)));
#7001=IFCAXIS2PLACEMENT3D(#7002,#7003,#7004);
#7002=IFCCARTESIANPOINT((0.12580799609422683,0.,1.015000000372529));
#7003=IFCDIRECTION((0.,0.,1.));
#7004=IFCDIRECTION((1.,0.,0.));
#7005=IFCDIRECTION((0.,0.,1.));
#7044=IFCCARTESIANPOINTLIST3D(((0.,0.,0.),(1.3768490552902222,0.,0.),(1.3768490552902222,0.,2.),(0.,0.,2.)));
#7045=IFCINDEXEDPOLYCURVE(#7044,(IFCLINEINDEX((1,2,3,4,1))),$);
#7046=IFCSHAPEREPRESENTATION(#18,'Profile','Curve3D',(#7045));
#7047=IFCCARTESIANPOINTLIST2D(((0.,0.),(0.,2.),(1.3768490552902222,2.),(1.3768490552902222,0.),(1.3010410591959953,0.),(1.3010410591959953,1.9241920039057732),(0.075807996094226837,1.9241920039057732),(0.075807996094226837,0.)));
#7048=IFCINDEXEDPOLYCURVE(#7047,(IFCLINEINDEX((1,2,3,4,5,6,7,8,1))),$);
#7049=IFCARBITRARYCLOSEDPROFILEDEF(.AREA.,$,#7048);
#7050=IFCCARTESIANPOINT((0.,0.,0.));
#7051=IFCDIRECTION((0.,-1.,0.));
#7052=IFCDIRECTION((1.,0.,0.));
#7053=IFCAXIS2PLACEMENT3D(#7050,#7051,#7052);
#7054=IFCDIRECTION((0.,0.,-1.));
#7055=IFCEXTRUDEDAREASOLID(#7049,#7053,#7054,0.040000006556510925);
#7056=IFCCARTESIANPOINTLIST2D(((0.,0.),(1.2252330631017685,0.),(1.2252330631017685,0.10000000149011612),(0.,0.10000000149011612)));
#7057=IFCINDEXEDPOLYCURVE(#7056,(IFCLINEINDEX((1,2,3,4,1))),$);
#7058=IFCARBITRARYCLOSEDPROFILEDEF(.AREA.,$,#7057);
#7059=IFCCARTESIANPOINT((0.075807996094226837,0.,0.));
#7060=IFCDIRECTION((0.,0.,1.));
#7061=IFCDIRECTION((1.,0.,0.));
#7062=IFCAXIS2PLACEMENT3D(#7059,#7060,#7061);
#7063=IFCDIRECTION((0.,0.,1.));
#7064=IFCEXTRUDEDAREASOLID(#7058,#7062,#7063,0.02500000037252903);
#7065=IFCCARTESIANPOINTLIST2D(((0.,0.),(0.,2.),(1.3768490552902222,2.),(1.3768490552902222,0.),(1.3018490523099899,0.),(1.3018490523099899,1.9249999970197678),(0.075000002980232239,1.9249999970197678),(0.075000002980232239,0.)));
#7066=IFCINDEXEDPOLYCURVE(#7065,(IFCLINEINDEX((1,2,3,4,5,6,7,8,1))),$);
#7067=IFCARBITRARYCLOSEDPROFILEDEF(.AREA.,$,#7066);
#7068=IFCCARTESIANPOINT((0.,-0.0010000000474974513,0.));
#7069=IFCDIRECTION((0.,-1.,0.));
#7070=IFCDIRECTION((1.,0.,0.));
#7071=IFCAXIS2PLACEMENT3D(#7068,#7069,#7070);
#7072=IFCDIRECTION((0.,0.,-1.));
#7073=IFCEXTRUDEDAREASOLID(#7067,#7071,#7072,0.0010000000474974513);
#7074=IFCCARTESIANPOINTLIST2D(((0.,0.),(0.,2.),(1.3768490552902222,2.),(1.3768490552902222,0.),(1.3018490523099899,0.),(1.3018490523099899,1.9249999970197678),(0.075000002980232239,1.9249999970197678),(0.075000002980232239,0.)));
#7075=IFCINDEXEDPOLYCURVE(#7074,(IFCLINEINDEX((1,2,3,4,5,6,7,8,1))),$);
#7076=IFCARBITRARYCLOSEDPROFILEDEF(.AREA.,$,#7075);
#7077=IFCCARTESIANPOINT((0.,0.040000006556510925,0.));
#7078=IFCDIRECTION((0.,-1.,0.));
#7079=IFCDIRECTION((1.,0.,0.));
#7080=IFCAXIS2PLACEMENT3D(#7077,#7078,#7079);
#7081=IFCDIRECTION((0.,0.,-1.));
#7082=IFCEXTRUDEDAREASOLID(#7076,#7080,#7081,0.0010000000474974513);
#7083=IFCCARTESIANPOINTLIST2D(((0.,0.),(1.2252330631017685,0.),(1.2252330631017685,0.035000000149011612),(0.,0.035000000149011612)));
#7084=IFCINDEXEDPOLYCURVE(#7083,(IFCLINEINDEX((1,2,3,4,1))),$);
#7085=IFCARBITRARYCLOSEDPROFILEDEF(.AREA.,$,#7084);
#7086=IFCCARTESIANPOINT((0.075807996094226837,-0.035000000149011612,0.02500000037252903));
#7087=IFCDIRECTION((0.,0.,1.));
#7088=IFCDIRECTION((1.,0.,0.));
#7089=IFCAXIS2PLACEMENT3D(#7086,#7087,#7088);
#7090=IFCDIRECTION((0.,0.,1.));
#7091=IFCEXTRUDEDAREASOLID(#7085,#7089,#7090,1.8991920035332441);
#7092=IFCCARTESIANPOINTLIST2D(((0.,0.),(0.,-0.040000000000000001),(0.12,-0.040000000000000001),(0.12,-0.02),(0.02,-0.02),(0.02,0.)));
#7093=IFCINDEXEDPOLYCURVE(#7092,(IFCLINEINDEX((1,2,3,4,5,6,1))),$);
#7094=IFCARBITRARYCLOSEDPROFILEDEF(.AREA.,$,#7093);
#7095=IFCCARTESIANPOINT((0.12580799609422683,-0.035000000149011612,1.015000000372529));
#7096=IFCDIRECTION((0.,0.,1.));
#7097=IFCDIRECTION((1.,0.,0.));
#7098=IFCAXIS2PLACEMENT3D(#7095,#7096,#7097);
#7099=IFCDIRECTION((0.,0.,1.));
#7100=IFCEXTRUDEDAREASOLID(#7094,#7098,#7099,0.02);
#7101=IFCEXTRUDEDAREASOLID(#7102,#7105,#7109,0.02);
#7102=IFCARBITRARYCLOSEDPROFILEDEF(.AREA.,$,#7103);
#7103=IFCINDEXEDPOLYCURVE(#7104,(IFCLINEINDEX((1,2,3,4,5,6,1))),$);
#7104=IFCCARTESIANPOINTLIST2D(((0.,0.),(0.,0.040000000000000008),(0.12,0.040000000000000008),(0.12,0.020000000000000004),(0.01999999999999999,0.020000000000000004),(0.01999999999999999,0.)));
#7105=IFCAXIS2PLACEMENT3D(#7106,#7107,#7108);
#7106=IFCCARTESIANPOINT((0.12580799609422683,0.,1.015000000372529));
#7107=IFCDIRECTION((0.,0.,1.));
#7108=IFCDIRECTION((1.,0.,0.));
#7109=IFCDIRECTION((0.,0.,1.));
#7110=IFCSHAPEREPRESENTATION(#11,'Body','SweptSolid',(#7055,#7091,#7100,#7101,#7064,#7073,#7082));
#7111=IFCCARTESIANPOINTLIST2D(((0.,0.),(0.075807996094226837,0.),(0.075807996094226837,0.040000006556510925),(0.,0.040000006556510925)));
#7112=IFCINDEXEDPOLYCURVE(#7111,(IFCLINEINDEX((1,2,3,4,1))),$);
#7113=IFCINDEXEDPOLYCURVE(#7114,(IFCLINEINDEX((1,2,3,4,1))),$);
#7114=IFCCARTESIANPOINTLIST2D(((1.3768490552902222,0.),(1.3010410591959953,0.),(1.3010410591959953,0.040000006556510925),(1.3768490552902222,0.040000006556510925)));
#7115=IFCCARTESIANPOINTLIST2D(((1.9136575907468796,-0.035000000149011612),(0.68842452764511108,-0.035000000149011612),(0.68842452764511108,0.),(1.9136575907468796,0.)));
#7116=IFCINDEXEDPOLYCURVE(#7115,(IFCLINEINDEX((1,2,3,4,1))),$);
#7117=IFCSHAPEREPRESENTATION(#24,'Body','Curve2D',(#7112,#7113,#7116));
#7118=IFCCARTESIANPOINTLIST2D(((0.50463956817984579,-0.081587428267465345),(0.87220948711037638,-0.081587428267465345)));
#7119=IFCINDEXEDPOLYCURVE(#7118,$,$);
#7120=IFCCARTESIANPOINTLIST2D(((0.53463956817984581,-0.050529142855162856),(0.50463956817984579,-0.081587428267465345),(0.53463956817984581,-0.11264571367976783)));
#7121=IFCINDEXEDPOLYCURVE(#7120,$,$);
#7122=IFCSHAPEREPRESENTATION(#25,'Annotation','Curve2D',(#7119,#7121));
#7123=IFCCARTESIANPOINTLIST2D(((0.,0.),(1.3768490552902222,0.),(1.3768490552902222,2.),(0.,2.)));
#7124=IFCINDEXEDPOLYCURVE(#7123,(IFCLINEINDEX((1,2,3,4,1))),$);
#7125=IFCARBITRARYCLOSEDPROFILEDEF(.AREA.,$,#7124);
#7126=IFCCARTESIANPOINT((0.,-0.60000002384185791,0.));
#7127=IFCDIRECTION((0.,-1.,0.));
#7128=IFCDIRECTION((1.,0.,0.));
#7129=IFCAXIS2PLACEMENT3D(#7126,#7127,#7128);
#7130=IFCDIRECTION((0.,0.,-1.));
#7131=IFCEXTRUDEDAREASOLID(#7125,#7129,#7130,1.2);
#7132=IFCSHAPEREPRESENTATION(#11,'Body','SweptSolid',(#7131));
#7138=IFCCARTESIANPOINT((0.060593599078586968,1.2156888460346238E-06,0.));
#7139=IFCDIRECTION((0.,0.,1.));
#7140=IFCDIRECTION((0.99999999999988631,-4.7683715820291007E-07,0.));
#7141=IFCAXIS2PLACEMENT3D(#7138,#7139,#7140);
#7142=IFCLOCALPLACEMENT(#1374,#7141);
#7143=IFCCARTESIANPOINT((-1.1102230246251565E-16,0.,0.));
#7144=IFCDIRECTION((0.,0.,1.));
#7145=IFCDIRECTION((1.,3.1763735522036263E-22,0.));
#7146=IFCAXIS2PLACEMENT3D(#7143,#7144,#7145);
#7147=IFCLOCALPLACEMENT(#7142,#7146);
#7148=IFCWINDOWTYPE('20h0adsCXBKwH0ThAXEQtm',$,'Living - GF',$,$,(#7149),(#7158,#7206,#7228),$,$,.WINDOW.,.SINGLE_PANEL.,$,$);
#7149=IFCPROPERTYSET('3qflx0IPj348mtwymblSdR',$,'BBIM_Window',$,(#7150));
#7150=IFCPROPERTYSINGLEVALUE('Data',$,IFCTEXT('{"window_type": "SINGLE_PANEL", "overall_height": 0.8999999761581421, "overall_width": 0.7583965063095093, "lining_properties": {"lining_depth": 0.05000000074505806, "lining_thickness": 0.05000000074505806, "lining_offset": 0.05000000074505806, "lining_to_panel_offset_x": 0.02500000037252903, "lining_to_panel_offset_y": 0.02500000037252903}, "panel_properties": {"frame_depth": [0.03500000014901161, 0.03500000014901161, 0.03500000014901161], "frame_thickness": [0.03500000014901161, 0.03500000014901161, 0.03500000014901161]}}'),$);
#7154=IFCCARTESIANPOINT((0.,0.,0.));
#7155=IFCDIRECTION((1.,0.,0.));
#7156=IFCDIRECTION((0.,0.,1.));
#7157=IFCAXIS2PLACEMENT3D(#7154,#7156,#7155);
#7158=IFCREPRESENTATIONMAP(#7157,#7867);
#7202=IFCCARTESIANPOINT((0.,0.,0.));
#7203=IFCDIRECTION((1.,0.,0.));
#7204=IFCDIRECTION((0.,0.,1.));
#7205=IFCAXIS2PLACEMENT3D(#7202,#7204,#7203);
#7206=IFCREPRESENTATIONMAP(#7205,#7910);
#7224=IFCCARTESIANPOINT((0.,0.,0.));
#7225=IFCDIRECTION((1.,0.,0.));
#7226=IFCDIRECTION((0.,0.,1.));
#7227=IFCAXIS2PLACEMENT3D(#7224,#7226,#7225);
#7228=IFCREPRESENTATIONMAP(#7227,#7927);
#7294=IFCWINDOW('13qrrGw5vBNONRyURpN66G',$,'Window',$,$,#8002,#7303,$,0.89999997615814209,0.75839650630950928,$,.SINGLE_PANEL.,$);
#7295=IFCRELDEFINESBYTYPE('3skdeI41HF2Ri4qtVCiUUK',$,$,$,(#7294),#7148);
#7296=IFCCARTESIANPOINT((0.,0.,0.));
#7297=IFCDIRECTION((1.,0.,0.));
#7298=IFCDIRECTION((0.,1.,0.));
#7299=IFCDIRECTION((0.,0.,1.));
#7300=IFCCARTESIANTRANSFORMATIONOPERATOR3D(#7297,#7298,#7296,1.,#7299);
#7301=IFCMAPPEDITEM(#7158,#7300);
#7302=IFCSHAPEREPRESENTATION(#18,'Profile','MappedRepresentation',(#7301));
#7303=IFCPRODUCTDEFINITIONSHAPE($,$,(#7302,#7310,#7317));
#7304=IFCCARTESIANPOINT((0.,0.,0.));
#7305=IFCDIRECTION((1.,0.,0.));
#7306=IFCDIRECTION((0.,1.,0.));
#7307=IFCDIRECTION((0.,0.,1.));
#7308=IFCCARTESIANTRANSFORMATIONOPERATOR3D(#7305,#7306,#7304,1.,#7307);
#7309=IFCMAPPEDITEM(#7206,#7308);
#7310=IFCSHAPEREPRESENTATION(#11,'Body','MappedRepresentation',(#7309));
#7311=IFCCARTESIANPOINT((0.,0.,0.));
#7312=IFCDIRECTION((1.,0.,0.));
#7313=IFCDIRECTION((0.,1.,0.));
#7314=IFCDIRECTION((0.,0.,1.));
#7315=IFCCARTESIANTRANSFORMATIONOPERATOR3D(#7312,#7313,#7311,1.,#7314);
#7316=IFCMAPPEDITEM(#7228,#7315);
#7317=IFCSHAPEREPRESENTATION(#24,'Body','MappedRepresentation',(#7316));
#7318=IFCOPENINGELEMENT('2V0Uya0_jB6uS9xZzEPkZe',$,'Opening',$,$,#7992,#7346,$,.OPENING.);
#7334=IFCCARTESIANPOINT((0.,0.,0.));
#7335=IFCDIRECTION((1.,0.,0.));
#7336=IFCDIRECTION((0.,0.,1.));
#7337=IFCAXIS2PLACEMENT3D(#7334,#7336,#7335);
#7338=IFCREPRESENTATIONMAP(#7337,#7937);
#7339=IFCCARTESIANPOINT((0.,0.,0.));
#7340=IFCDIRECTION((1.,0.,0.));
#7341=IFCDIRECTION((0.,1.,0.));
#7342=IFCDIRECTION((0.,0.,1.));
#7343=IFCCARTESIANTRANSFORMATIONOPERATOR3D(#7340,#7341,#7339,1.,#7342);
#7344=IFCMAPPEDITEM(#7338,#7343);
#7345=IFCSHAPEREPRESENTATION(#11,'Body','MappedRepresentation',(#7344));
#7346=IFCPRODUCTDEFINITIONSHAPE($,$,(#7345));
#7347=IFCRELVOIDSELEMENT('1UXtxmpwv75QaD7jR5Qrfk',$,$,$,#207,#7318);
#7353=IFCRELFILLSELEMENT('3bJd37zY95pgJZGhwQijIs',$,$,$,#7318,#7294);
#7362=IFCCARTESIANPOINTLIST2D(((0.,0.),(0.80235612392425537,0.),(0.80235612392425537,0.89999997615814209),(0.,0.89999997615814209)));
#7363=IFCINDEXEDPOLYCURVE(#7362,(IFCLINEINDEX((1,2,3,4,1))),$);
#7364=IFCCARTESIANPOINTLIST2D(((0.02500000037252903,0.02500000037252903),(0.77735612355172634,0.02500000037252903),(0.77735612355172634,0.87499997578561306),(0.02500000037252903,0.87499997578561306)));
#7365=IFCINDEXEDPOLYCURVE(#7364,(IFCLINEINDEX((1,2,3,4,1))),$);
#7366=IFCARBITRARYPROFILEDEFWITHVOIDS(.AREA.,$,#7363,(#7365));
#7367=IFCCARTESIANPOINT((0.,0.090000001713633537,0.));
#7368=IFCDIRECTION((0.,-1.,0.));
#7369=IFCDIRECTION((1.,0.,0.));
#7370=IFCAXIS2PLACEMENT3D(#7367,#7368,#7369);
#7371=IFCDIRECTION((0.,0.,-1.));
#7372=IFCEXTRUDEDAREASOLID(#7366,#7370,#7371,0.0099999997764825821);
#7373=IFCCARTESIANPOINTLIST2D(((0.,0.),(0.80235612392425537,0.),(0.80235612392425537,0.89999997615814209),(0.,0.89999997615814209)));
#7374=IFCINDEXEDPOLYCURVE(#7373,(IFCLINEINDEX((1,2,3,4,1))),$);
#7375=IFCCARTESIANPOINTLIST2D(((0.05000000074505806,0.05000000074505806),(0.75235612317919731,0.05000000074505806),(0.75235612317919731,0.84999997541308403),(0.05000000074505806,0.84999997541308403)));
#7376=IFCINDEXEDPOLYCURVE(#7375,(IFCLINEINDEX((1,2,3,4,1))),$);
#7377=IFCARBITRARYPROFILEDEFWITHVOIDS(.AREA.,$,#7374,(#7376));
#7378=IFCCARTESIANPOINT((0.,0.05000000074505806,0.));
#7379=IFCDIRECTION((0.,-1.,0.));
#7380=IFCDIRECTION((1.,0.,0.));
#7381=IFCAXIS2PLACEMENT3D(#7378,#7379,#7380);
#7382=IFCDIRECTION((0.,0.,-1.));
#7383=IFCEXTRUDEDAREASOLID(#7377,#7381,#7382,0.040000000968575478);
#7384=IFCCARTESIANPOINTLIST2D(((0.,0.),(0.75235612317919731,0.),(0.75235612317919731,0.84999997541308403),(0.,0.84999997541308403)));
#7385=IFCINDEXEDPOLYCURVE(#7384,(IFCLINEINDEX((1,2,3,4,1))),$);
#7386=IFCCARTESIANPOINTLIST2D(((0.035000000149011612,0.035000000149011612),(0.7173561230301857,0.035000000149011612),(0.7173561230301857,0.81499997526407242),(0.035000000149011612,0.81499997526407242)));
#7387=IFCINDEXEDPOLYCURVE(#7386,(IFCLINEINDEX((1,2,3,4,1))),$);
#7388=IFCARBITRARYPROFILEDEFWITHVOIDS(.AREA.,$,#7385,(#7387));
#7389=IFCCARTESIANPOINT((0.02500000037252903,0.090000001713633537,0.02500000037252903));
#7390=IFCDIRECTION((0.,-1.,0.));
#7391=IFCDIRECTION((1.,0.,0.));
#7392=IFCAXIS2PLACEMENT3D(#7389,#7390,#7391);
#7393=IFCDIRECTION((0.,0.,-1.));
#7394=IFCEXTRUDEDAREASOLID(#7388,#7392,#7393,0.035000000149011612);
#7395=IFCINDEXEDPOLYCURVE(#7396,(IFCLINEINDEX((1,2,3,4,1))),$);
#7396=IFCCARTESIANPOINTLIST2D(((0.035000000149011612,0.035000000149011612),(0.7173561230301857,0.035000000149011612),(0.7173561230301857,0.81499997526407242),(0.035000000149011612,0.81499997526407242)));
#7397=IFCARBITRARYCLOSEDPROFILEDEF(.AREA.,$,#7395);
#7398=IFCCARTESIANPOINT((0.02500000037252903,0.10250000178813934,0.02500000037252903));
#7399=IFCDIRECTION((0.,-1.,0.));
#7400=IFCDIRECTION((1.,0.,0.));
#7401=IFCAXIS2PLACEMENT3D(#7398,#7399,#7400);
#7402=IFCDIRECTION((0.,0.,-1.));
#7403=IFCEXTRUDEDAREASOLID(#7397,#7401,#7402,0.01);
#7405=IFCSHAPEREPRESENTATION(#11,'Body','SweptSolid',(#7775,#7889,#7584,#7595,#7492,#7683,#7672,#7383,#7878,#7786,#7481,#7372));
#7406=IFCSHAPEASPECT((#7405),'Lining',$,.T.,#7303);
#7407=IFCSHAPEREPRESENTATION(#11,'Body','SweptSolid',(#7694,#7797,#7606,#7503,#7394,#7900));
#7408=IFCSHAPEASPECT((#7407),'Framing',$,.T.,#7303);
#7409=IFCSHAPEREPRESENTATION(#11,'Body','SweptSolid',(#7512,#7703,#7403,#7806,#7909,#7615));
#7410=IFCSHAPEASPECT((#7409),'Glazing',$,.T.,#7303);
#7471=IFCCARTESIANPOINTLIST2D(((0.,0.),(0.74734270572662354,0.),(0.74734270572662354,0.89999997615814209),(0.,0.89999997615814209)));
#7472=IFCINDEXEDPOLYCURVE(#7471,(IFCLINEINDEX((1,2,3,4,1))),$);
#7473=IFCCARTESIANPOINTLIST2D(((0.02500000037252903,0.02500000037252903),(0.72234270535409451,0.02500000037252903),(0.72234270535409451,0.87499997578561306),(0.02500000037252903,0.87499997578561306)));
#7474=IFCINDEXEDPOLYCURVE(#7473,(IFCLINEINDEX((1,2,3,4,1))),$);
#7475=IFCARBITRARYPROFILEDEFWITHVOIDS(.AREA.,$,#7472,(#7474));
#7476=IFCCARTESIANPOINT((0.,0.090000001713633537,0.));
#7477=IFCDIRECTION((0.,-1.,0.));
#7478=IFCDIRECTION((1.,0.,0.));
#7479=IFCAXIS2PLACEMENT3D(#7476,#7477,#7478);
#7480=IFCDIRECTION((0.,0.,-1.));
#7481=IFCEXTRUDEDAREASOLID(#7475,#7479,#7480,0.0099999997764825821);
#7482=IFCCARTESIANPOINTLIST2D(((0.,0.),(0.74734270572662354,0.),(0.74734270572662354,0.89999997615814209),(0.,0.89999997615814209)));
#7483=IFCINDEXEDPOLYCURVE(#7482,(IFCLINEINDEX((1,2,3,4,1))),$);
#7484=IFCCARTESIANPOINTLIST2D(((0.05000000074505806,0.05000000074505806),(0.69734270498156548,0.05000000074505806),(0.69734270498156548,0.84999997541308403),(0.05000000074505806,0.84999997541308403)));
#7485=IFCINDEXEDPOLYCURVE(#7484,(IFCLINEINDEX((1,2,3,4,1))),$);
#7486=IFCARBITRARYPROFILEDEFWITHVOIDS(.AREA.,$,#7483,(#7485));
#7487=IFCCARTESIANPOINT((0.,0.05000000074505806,0.));
#7488=IFCDIRECTION((0.,-1.,0.));
#7489=IFCDIRECTION((1.,0.,0.));
#7490=IFCAXIS2PLACEMENT3D(#7487,#7488,#7489);
#7491=IFCDIRECTION((0.,0.,-1.));
#7492=IFCEXTRUDEDAREASOLID(#7486,#7490,#7491,0.040000000968575478);
#7493=IFCCARTESIANPOINTLIST2D(((0.,0.),(0.69734270498156548,0.),(0.69734270498156548,0.84999997541308403),(0.,0.84999997541308403)));
#7494=IFCINDEXEDPOLYCURVE(#7493,(IFCLINEINDEX((1,2,3,4,1))),$);
#7495=IFCCARTESIANPOINTLIST2D(((0.035000000149011612,0.035000000149011612),(0.66234270483255386,0.035000000149011612),(0.66234270483255386,0.81499997526407242),(0.035000000149011612,0.81499997526407242)));
#7496=IFCINDEXEDPOLYCURVE(#7495,(IFCLINEINDEX((1,2,3,4,1))),$);
#7497=IFCARBITRARYPROFILEDEFWITHVOIDS(.AREA.,$,#7494,(#7496));
#7498=IFCCARTESIANPOINT((0.02500000037252903,0.090000001713633537,0.02500000037252903));
#7499=IFCDIRECTION((0.,-1.,0.));
#7500=IFCDIRECTION((1.,0.,0.));
#7501=IFCAXIS2PLACEMENT3D(#7498,#7499,#7500);
#7502=IFCDIRECTION((0.,0.,-1.));
#7503=IFCEXTRUDEDAREASOLID(#7497,#7501,#7502,0.035000000149011612);
#7504=IFCINDEXEDPOLYCURVE(#7505,(IFCLINEINDEX((1,2,3,4,1))),$);
#7505=IFCCARTESIANPOINTLIST2D(((0.035000000149011612,0.035000000149011612),(0.66234270483255386,0.035000000149011612),(0.66234270483255386,0.81499997526407242),(0.035000000149011612,0.81499997526407242)));
#7506=IFCARBITRARYCLOSEDPROFILEDEF(.AREA.,$,#7504);
#7507=IFCCARTESIANPOINT((0.02500000037252903,0.10250000178813934,0.02500000037252903));
#7508=IFCDIRECTION((0.,-1.,0.));
#7509=IFCDIRECTION((1.,0.,0.));
#7510=IFCAXIS2PLACEMENT3D(#7507,#7508,#7509);
#7511=IFCDIRECTION((0.,0.,-1.));
#7512=IFCEXTRUDEDAREASOLID(#7506,#7510,#7511,0.01);
#7574=IFCCARTESIANPOINTLIST2D(((0.,0.),(0.75839674472808838,0.),(0.75839674472808838,0.89999997615814209),(0.,0.89999997615814209)));
#7575=IFCINDEXEDPOLYCURVE(#7574,(IFCLINEINDEX((1,2,3,4,1))),$);
#7576=IFCCARTESIANPOINTLIST2D(((0.02500000037252903,0.02500000037252903),(0.73339674435555935,0.02500000037252903),(0.73339674435555935,0.87499997578561306),(0.02500000037252903,0.87499997578561306)));
#7577=IFCINDEXEDPOLYCURVE(#7576,(IFCLINEINDEX((1,2,3,4,1))),$);
#7578=IFCARBITRARYPROFILEDEFWITHVOIDS(.AREA.,$,#7575,(#7577));
#7579=IFCCARTESIANPOINT((0.,0.090000001713633537,0.));
#7580=IFCDIRECTION((0.,-1.,0.));
#7581=IFCDIRECTION((1.,0.,0.));
#7582=IFCAXIS2PLACEMENT3D(#7579,#7580,#7581);
#7583=IFCDIRECTION((0.,0.,-1.));
#7584=IFCEXTRUDEDAREASOLID(#7578,#7582,#7583,0.0099999997764825821);
#7585=IFCCARTESIANPOINTLIST2D(((0.,0.),(0.75839674472808838,0.),(0.75839674472808838,0.89999997615814209),(0.,0.89999997615814209)));
#7586=IFCINDEXEDPOLYCURVE(#7585,(IFCLINEINDEX((1,2,3,4,1))),$);
#7587=IFCCARTESIANPOINTLIST2D(((0.05000000074505806,0.05000000074505806),(0.70839674398303032,0.05000000074505806),(0.70839674398303032,0.84999997541308403),(0.05000000074505806,0.84999997541308403)));
#7588=IFCINDEXEDPOLYCURVE(#7587,(IFCLINEINDEX((1,2,3,4,1))),$);
#7589=IFCARBITRARYPROFILEDEFWITHVOIDS(.AREA.,$,#7586,(#7588));
#7590=IFCCARTESIANPOINT((0.,0.05000000074505806,0.));
#7591=IFCDIRECTION((0.,-1.,0.));
#7592=IFCDIRECTION((1.,0.,0.));
#7593=IFCAXIS2PLACEMENT3D(#7590,#7591,#7592);
#7594=IFCDIRECTION((0.,0.,-1.));
#7595=IFCEXTRUDEDAREASOLID(#7589,#7593,#7594,0.040000000968575478);
#7596=IFCCARTESIANPOINTLIST2D(((0.,0.),(0.70839674398303032,0.),(0.70839674398303032,0.84999997541308403),(0.,0.84999997541308403)));
#7597=IFCINDEXEDPOLYCURVE(#7596,(IFCLINEINDEX((1,2,3,4,1))),$);
#7598=IFCCARTESIANPOINTLIST2D(((0.035000000149011612,0.035000000149011612),(0.67339674383401871,0.035000000149011612),(0.67339674383401871,0.81499997526407242),(0.035000000149011612,0.81499997526407242)));
#7599=IFCINDEXEDPOLYCURVE(#7598,(IFCLINEINDEX((1,2,3,4,1))),$);
#7600=IFCARBITRARYPROFILEDEFWITHVOIDS(.AREA.,$,#7597,(#7599));
#7601=IFCCARTESIANPOINT((0.02500000037252903,0.090000001713633537,0.02500000037252903));
#7602=IFCDIRECTION((0.,-1.,0.));
#7603=IFCDIRECTION((1.,0.,0.));
#7604=IFCAXIS2PLACEMENT3D(#7601,#7602,#7603);
#7605=IFCDIRECTION((0.,0.,-1.));
#7606=IFCEXTRUDEDAREASOLID(#7600,#7604,#7605,0.035000000149011612);
#7607=IFCINDEXEDPOLYCURVE(#7608,(IFCLINEINDEX((1,2,3,4,1))),$);
#7608=IFCCARTESIANPOINTLIST2D(((0.035000000149011612,0.035000000149011612),(0.67339674383401871,0.035000000149011612),(0.67339674383401871,0.81499997526407242),(0.035000000149011612,0.81499997526407242)));
#7609=IFCARBITRARYCLOSEDPROFILEDEF(.AREA.,$,#7607);
#7610=IFCCARTESIANPOINT((0.02500000037252903,0.10250000178813934,0.02500000037252903));
#7611=IFCDIRECTION((0.,-1.,0.));
#7612=IFCDIRECTION((1.,0.,0.));
#7613=IFCAXIS2PLACEMENT3D(#7610,#7611,#7612);
#7614=IFCDIRECTION((0.,0.,-1.));
#7615=IFCEXTRUDEDAREASOLID(#7609,#7613,#7614,0.01);
#7662=IFCCARTESIANPOINTLIST2D(((0.,0.),(0.7583966851234436,0.),(0.7583966851234436,0.89999997615814209),(0.,0.89999997615814209)));
#7663=IFCINDEXEDPOLYCURVE(#7662,(IFCLINEINDEX((1,2,3,4,1))),$);
#7664=IFCCARTESIANPOINTLIST2D(((0.02500000037252903,0.02500000037252903),(0.73339668475091457,0.02500000037252903),(0.73339668475091457,0.87499997578561306),(0.02500000037252903,0.87499997578561306)));
#7665=IFCINDEXEDPOLYCURVE(#7664,(IFCLINEINDEX((1,2,3,4,1))),$);
#7666=IFCARBITRARYPROFILEDEFWITHVOIDS(.AREA.,$,#7663,(#7665));
#7667=IFCCARTESIANPOINT((0.,0.090000001713633537,0.));
#7668=IFCDIRECTION((0.,-1.,0.));
#7669=IFCDIRECTION((1.,0.,0.));
#7670=IFCAXIS2PLACEMENT3D(#7667,#7668,#7669);
#7671=IFCDIRECTION((0.,0.,-1.));
#7672=IFCEXTRUDEDAREASOLID(#7666,#7670,#7671,0.0099999997764825821);
#7673=IFCCARTESIANPOINTLIST2D(((0.,0.),(0.7583966851234436,0.),(0.7583966851234436,0.89999997615814209),(0.,0.89999997615814209)));
#7674=IFCINDEXEDPOLYCURVE(#7673,(IFCLINEINDEX((1,2,3,4,1))),$);
#7675=IFCCARTESIANPOINTLIST2D(((0.05000000074505806,0.05000000074505806),(0.70839668437838554,0.05000000074505806),(0.70839668437838554,0.84999997541308403),(0.05000000074505806,0.84999997541308403)));
#7676=IFCINDEXEDPOLYCURVE(#7675,(IFCLINEINDEX((1,2,3,4,1))),$);
#7677=IFCARBITRARYPROFILEDEFWITHVOIDS(.AREA.,$,#7674,(#7676));
#7678=IFCCARTESIANPOINT((0.,0.05000000074505806,0.));
#7679=IFCDIRECTION((0.,-1.,0.));
#7680=IFCDIRECTION((1.,0.,0.));
#7681=IFCAXIS2PLACEMENT3D(#7678,#7679,#7680);
#7682=IFCDIRECTION((0.,0.,-1.));
#7683=IFCEXTRUDEDAREASOLID(#7677,#7681,#7682,0.040000000968575478);
#7684=IFCCARTESIANPOINTLIST2D(((0.,0.),(0.70839668437838554,0.),(0.70839668437838554,0.84999997541308403),(0.,0.84999997541308403)));
#7685=IFCINDEXEDPOLYCURVE(#7684,(IFCLINEINDEX((1,2,3,4,1))),$);
#7686=IFCCARTESIANPOINTLIST2D(((0.035000000149011612,0.035000000149011612),(0.67339668422937393,0.035000000149011612),(0.67339668422937393,0.81499997526407242),(0.035000000149011612,0.81499997526407242)));
#7687=IFCINDEXEDPOLYCURVE(#7686,(IFCLINEINDEX((1,2,3,4,1))),$);
#7688=IFCARBITRARYPROFILEDEFWITHVOIDS(.AREA.,$,#7685,(#7687));
#7689=IFCCARTESIANPOINT((0.02500000037252903,0.090000001713633537,0.02500000037252903));
#7690=IFCDIRECTION((0.,-1.,0.));
#7691=IFCDIRECTION((1.,0.,0.));
#7692=IFCAXIS2PLACEMENT3D(#7689,#7690,#7691);
#7693=IFCDIRECTION((0.,0.,-1.));
#7694=IFCEXTRUDEDAREASOLID(#7688,#7692,#7693,0.035000000149011612);
#7695=IFCINDEXEDPOLYCURVE(#7696,(IFCLINEINDEX((1,2,3,4,1))),$);
#7696=IFCCARTESIANPOINTLIST2D(((0.035000000149011612,0.035000000149011612),(0.67339668422937393,0.035000000149011612),(0.67339668422937393,0.81499997526407242),(0.035000000149011612,0.81499997526407242)));
#7697=IFCARBITRARYCLOSEDPROFILEDEF(.AREA.,$,#7695);
#7698=IFCCARTESIANPOINT((0.02500000037252903,0.10250000178813934,0.02500000037252903));
#7699=IFCDIRECTION((0.,-1.,0.));
#7700=IFCDIRECTION((1.,0.,0.));
#7701=IFCAXIS2PLACEMENT3D(#7698,#7699,#7700);
#7702=IFCDIRECTION((0.,0.,-1.));
#7703=IFCEXTRUDEDAREASOLID(#7697,#7701,#7702,0.01);
#7765=IFCCARTESIANPOINTLIST2D(((0.,0.),(0.75839650630950928,0.),(0.75839650630950928,0.89999997615814209),(0.,0.89999997615814209)));
#7766=IFCINDEXEDPOLYCURVE(#7765,(IFCLINEINDEX((1,2,3,4,1))),$);
#7767=IFCCARTESIANPOINTLIST2D(((0.02500000037252903,0.02500000037252903),(0.73339650593698025,0.02500000037252903),(0.73339650593698025,0.87499997578561306),(0.02500000037252903,0.87499997578561306)));
#7768=IFCINDEXEDPOLYCURVE(#7767,(IFCLINEINDEX((1,2,3,4,1))),$);
#7769=IFCARBITRARYPROFILEDEFWITHVOIDS(.AREA.,$,#7766,(#7768));
#7770=IFCCARTESIANPOINT((0.,0.090000001713633537,0.));
#7771=IFCDIRECTION((0.,-1.,0.));
#7772=IFCDIRECTION((1.,0.,0.));
#7773=IFCAXIS2PLACEMENT3D(#7770,#7771,#7772);
#7774=IFCDIRECTION((0.,0.,-1.));
#7775=IFCEXTRUDEDAREASOLID(#7769,#7773,#7774,0.0099999997764825821);
#7776=IFCCARTESIANPOINTLIST2D(((0.,0.),(0.75839650630950928,0.),(0.75839650630950928,0.89999997615814209),(0.,0.89999997615814209)));
#7777=IFCINDEXEDPOLYCURVE(#7776,(IFCLINEINDEX((1,2,3,4,1))),$);
#7778=IFCCARTESIANPOINTLIST2D(((0.05000000074505806,0.05000000074505806),(0.70839650556445122,0.05000000074505806),(0.70839650556445122,0.84999997541308403),(0.05000000074505806,0.84999997541308403)));
#7779=IFCINDEXEDPOLYCURVE(#7778,(IFCLINEINDEX((1,2,3,4,1))),$);
#7780=IFCARBITRARYPROFILEDEFWITHVOIDS(.AREA.,$,#7777,(#7779));
#7781=IFCCARTESIANPOINT((0.,0.05000000074505806,0.));
#7782=IFCDIRECTION((0.,-1.,0.));
#7783=IFCDIRECTION((1.,0.,0.));
#7784=IFCAXIS2PLACEMENT3D(#7781,#7782,#7783);
#7785=IFCDIRECTION((0.,0.,-1.));
#7786=IFCEXTRUDEDAREASOLID(#7780,#7784,#7785,0.040000000968575478);
#7787=IFCCARTESIANPOINTLIST2D(((0.,0.),(0.70839650556445122,0.),(0.70839650556445122,0.84999997541308403),(0.,0.84999997541308403)));
#7788=IFCINDEXEDPOLYCURVE(#7787,(IFCLINEINDEX((1,2,3,4,1))),$);
#7789=IFCCARTESIANPOINTLIST2D(((0.035000000149011612,0.035000000149011612),(0.67339650541543961,0.035000000149011612),(0.67339650541543961,0.81499997526407242),(0.035000000149011612,0.81499997526407242)));
#7790=IFCINDEXEDPOLYCURVE(#7789,(IFCLINEINDEX((1,2,3,4,1))),$);
#7791=IFCARBITRARYPROFILEDEFWITHVOIDS(.AREA.,$,#7788,(#7790));
#7792=IFCCARTESIANPOINT((0.02500000037252903,0.090000001713633537,0.02500000037252903));
#7793=IFCDIRECTION((0.,-1.,0.));
#7794=IFCDIRECTION((1.,0.,0.));
#7795=IFCAXIS2PLACEMENT3D(#7792,#7793,#7794);
#7796=IFCDIRECTION((0.,0.,-1.));
#7797=IFCEXTRUDEDAREASOLID(#7791,#7795,#7796,0.035000000149011612);
#7798=IFCINDEXEDPOLYCURVE(#7799,(IFCLINEINDEX((1,2,3,4,1))),$);
#7799=IFCCARTESIANPOINTLIST2D(((0.035000000149011612,0.035000000149011612),(0.67339650541543961,0.035000000149011612),(0.67339650541543961,0.81499997526407242),(0.035000000149011612,0.81499997526407242)));
#7800=IFCARBITRARYCLOSEDPROFILEDEF(.AREA.,$,#7798);
#7801=IFCCARTESIANPOINT((0.02500000037252903,0.10250000178813934,0.02500000037252903));
#7802=IFCDIRECTION((0.,-1.,0.));
#7803=IFCDIRECTION((1.,0.,0.));
#7804=IFCAXIS2PLACEMENT3D(#7801,#7802,#7803);
#7805=IFCDIRECTION((0.,0.,-1.));
#7806=IFCEXTRUDEDAREASOLID(#7800,#7804,#7805,0.01);
#7865=IFCCARTESIANPOINTLIST3D(((0.,0.,0.),(0.75839650630950928,0.,0.),(0.75839650630950928,0.,0.89999997615814209),(0.,0.,0.89999997615814209)));
#7866=IFCINDEXEDPOLYCURVE(#7865,(IFCLINEINDEX((1,2,3,4,1))),$);
#7867=IFCSHAPEREPRESENTATION(#18,'Profile','Curve3D',(#7866));
#7868=IFCCARTESIANPOINTLIST2D(((0.,0.),(0.75839650630950928,0.),(0.75839650630950928,0.89999997615814209),(0.,0.89999997615814209)));
#7869=IFCINDEXEDPOLYCURVE(#7868,(IFCLINEINDEX((1,2,3,4,1))),$);
#7870=IFCCARTESIANPOINTLIST2D(((0.02500000037252903,0.02500000037252903),(0.73339650593698025,0.02500000037252903),(0.73339650593698025,0.87499997578561306),(0.02500000037252903,0.87499997578561306)));
#7871=IFCINDEXEDPOLYCURVE(#7870,(IFCLINEINDEX((1,2,3,4,1))),$);
#7872=IFCARBITRARYPROFILEDEFWITHVOIDS(.AREA.,$,#7869,(#7871));
#7873=IFCCARTESIANPOINT((0.,0.090000001713633537,0.));
#7874=IFCDIRECTION((0.,-1.,0.));
#7875=IFCDIRECTION((1.,0.,0.));
#7876=IFCAXIS2PLACEMENT3D(#7873,#7874,#7875);
#7877=IFCDIRECTION((0.,0.,-1.));
#7878=IFCEXTRUDEDAREASOLID(#7872,#7876,#7877,0.0099999997764825821);
#7879=IFCCARTESIANPOINTLIST2D(((0.,0.),(0.75839650630950928,0.),(0.75839650630950928,0.89999997615814209),(0.,0.89999997615814209)));
#7880=IFCINDEXEDPOLYCURVE(#7879,(IFCLINEINDEX((1,2,3,4,1))),$);
#7881=IFCCARTESIANPOINTLIST2D(((0.05000000074505806,0.05000000074505806),(0.70839650556445122,0.05000000074505806),(0.70839650556445122,0.84999997541308403),(0.05000000074505806,0.84999997541308403)));
#7882=IFCINDEXEDPOLYCURVE(#7881,(IFCLINEINDEX((1,2,3,4,1))),$);
#7883=IFCARBITRARYPROFILEDEFWITHVOIDS(.AREA.,$,#7880,(#7882));
#7884=IFCCARTESIANPOINT((0.,0.05000000074505806,0.));
#7885=IFCDIRECTION((0.,-1.,0.));
#7886=IFCDIRECTION((1.,0.,0.));
#7887=IFCAXIS2PLACEMENT3D(#7884,#7885,#7886);
#7888=IFCDIRECTION((0.,0.,-1.));
#7889=IFCEXTRUDEDAREASOLID(#7883,#7887,#7888,0.040000000968575478);
#7890=IFCCARTESIANPOINTLIST2D(((0.,0.),(0.70839650556445122,0.),(0.70839650556445122,0.84999997541308403),(0.,0.84999997541308403)));
#7891=IFCINDEXEDPOLYCURVE(#7890,(IFCLINEINDEX((1,2,3,4,1))),$);
#7892=IFCCARTESIANPOINTLIST2D(((0.035000000149011612,0.035000000149011612),(0.67339650541543961,0.035000000149011612),(0.67339650541543961,0.81499997526407242),(0.035000000149011612,0.81499997526407242)));
#7893=IFCINDEXEDPOLYCURVE(#7892,(IFCLINEINDEX((1,2,3,4,1))),$);
#7894=IFCARBITRARYPROFILEDEFWITHVOIDS(.AREA.,$,#7891,(#7893));
#7895=IFCCARTESIANPOINT((0.02500000037252903,0.090000001713633537,0.02500000037252903));
#7896=IFCDIRECTION((0.,-1.,0.));
#7897=IFCDIRECTION((1.,0.,0.));
#7898=IFCAXIS2PLACEMENT3D(#7895,#7896,#7897);
#7899=IFCDIRECTION((0.,0.,-1.));
#7900=IFCEXTRUDEDAREASOLID(#7894,#7898,#7899,0.035000000149011612);
#7901=IFCINDEXEDPOLYCURVE(#7902,(IFCLINEINDEX((1,2,3,4,1))),$);
#7902=IFCCARTESIANPOINTLIST2D(((0.035000000149011612,0.035000000149011612),(0.67339650541543961,0.035000000149011612),(0.67339650541543961,0.81499997526407242),(0.035000000149011612,0.81499997526407242)));
#7903=IFCARBITRARYCLOSEDPROFILEDEF(.AREA.,$,#7901);
#7904=IFCCARTESIANPOINT((0.02500000037252903,0.10250000178813934,0.02500000037252903));
#7905=IFCDIRECTION((0.,-1.,0.));
#7906=IFCDIRECTION((1.,0.,0.));
#7907=IFCAXIS2PLACEMENT3D(#7904,#7905,#7906);
#7908=IFCDIRECTION((0.,0.,-1.));
#7909=IFCEXTRUDEDAREASOLID(#7903,#7907,#7908,0.01);
#7910=IFCSHAPEREPRESENTATION(#11,'Body','SweptSolid',(#7878,#7889,#7900,#7909));
#7911=IFCCARTESIANPOINTLIST2D(((0.05000000074505806,0.05000000074505806),(0.70839650556445122,0.05000000074505806)));
#7912=IFCINDEXEDPOLYCURVE(#7911,$,$);
#7913=IFCCARTESIANPOINTLIST2D(((0.,0.10000000149011612),(0.02500000037252903,0.10000000149011612),(0.02500000037252903,0.090000001713633537),(0.05000000074505806,0.090000001713633537),(0.05000000074505806,0.05000000074505806),(0.,0.05000000074505806)));
#7914=IFCINDEXEDPOLYCURVE(#7913,(IFCLINEINDEX((1,2,3,4,5,6,1))),$);
#7915=IFCCARTESIANPOINTLIST2D(((0.75839650630950928,0.10000000149011612),(0.73339650593698025,0.10000000149011612),(0.73339650593698025,0.090000001713633537),(0.70839650556445122,0.090000001713633537),(0.70839650556445122,0.05000000074505806),(0.75839650630950928,0.05000000074505806)));
#7916=IFCINDEXEDPOLYCURVE(#7915,(IFCLINEINDEX((1,2,3,4,5,6,1))),$);
#7917=IFCCARTESIANPOINTLIST2D(((0.02500000037252903,0.090000001713633537),(0.060000000521540642,0.090000001713633537),(0.060000000521540642,0.12500000186264515),(0.02500000037252903,0.12500000186264515)));
#7918=IFCINDEXEDPOLYCURVE(#7917,(IFCLINEINDEX((1,2,3,4,1))),$);
#7919=IFCINDEXEDPOLYCURVE(#7920,(IFCLINEINDEX((1,2,3,4,1))),$);
#7920=IFCCARTESIANPOINTLIST2D(((0.73339650593698025,0.090000001713633537),(0.69839650578796864,0.090000001713633537),(0.69839650578796864,0.12500000186264515),(0.73339650593698025,0.12500000186264515)));
#7921=IFCCARTESIANPOINTLIST2D(((0.060000000521540642,0.090000001713633537),(0.69839650578796864,0.090000001713633537)));
#7922=IFCINDEXEDPOLYCURVE(#7921,$,$);
#7923=IFCINDEXEDPOLYCURVE(#7924,$,$);
#7924=IFCCARTESIANPOINTLIST2D(((0.060000000521540642,0.12500000186264515),(0.69839650578796864,0.12500000186264515)));
#7925=IFCINDEXEDPOLYCURVE(#7926,$,$);
#7926=IFCCARTESIANPOINTLIST2D(((0.060000000521540642,0.10750000178813934),(0.69839650578796864,0.10750000178813934)));
#7927=IFCSHAPEREPRESENTATION(#24,'Body','Curve2D',(#7912,#7914,#7916,#7918,#7919,#7922,#7923,#7925));
#7928=IFCCARTESIANPOINTLIST2D(((0.,0.),(0.75839650630950928,0.),(0.75839650630950928,0.89999997615814209),(0.,0.89999997615814209)));
#7929=IFCINDEXEDPOLYCURVE(#7928,(IFCLINEINDEX((1,2,3,4,1))),$);
#7930=IFCARBITRARYCLOSEDPROFILEDEF(.AREA.,$,#7929);
#7931=IFCCARTESIANPOINT((0.,-0.60000002384185791,0.));
#7932=IFCDIRECTION((0.,-1.,0.));
#7933=IFCDIRECTION((1.,0.,0.));
#7934=IFCAXIS2PLACEMENT3D(#7931,#7932,#7933);
#7935=IFCDIRECTION((0.,0.,-1.));
#7936=IFCEXTRUDEDAREASOLID(#7930,#7934,#7935,1.2);
#7937=IFCSHAPEREPRESENTATION(#11,'Body','SweptSolid',(#7936));
#7988=IFCCARTESIANPOINT((1.7687031451844288,3.337860107421875E-06,1.));
#7989=IFCDIRECTION((0.,0.,1.));
#7990=IFCDIRECTION((0.99999999999954525,-9.5367431640581632E-07,0.));
#7991=IFCAXIS2PLACEMENT3D(#7988,#7989,#7990);
#7992=IFCLOCALPLACEMENT(#1419,#7991);
#7998=IFCCARTESIANPOINT((2.2204460492503131E-16,0.,0.));
#7999=IFCDIRECTION((0.,0.,1.));
#8000=IFCDIRECTION((1.,0.,0.));
#8001=IFCAXIS2PLACEMENT3D(#7998,#7999,#8000);
#8002=IFCLOCALPLACEMENT(#7992,#8001);
#8003=IFCWINDOWTYPE('0YzKWAzIX1_A66p8VzwhmU',$,'Guest - 1 - GF',$,$,(#8004),(#8006,#8014,#8062),$,$,.WINDOW.,.SINGLE_PANEL.,$,$);
#8004=IFCPROPERTYSET('1kTHlNjjHCdui9p_aKV8Ks',$,'BBIM_Window',$,(#8005));
#8005=IFCPROPERTYSINGLEVALUE('Data',$,IFCTEXT('{"window_type": "DOUBLE_PANEL_VERTICAL", "overall_height": 0.8999999761581421, "overall_width": 1.2160758972167969, "lining_properties": {"lining_depth": 0.05000000074505806, "lining_thickness": 0.05000000074505806, "lining_offset": 0.05000000074505806, "lining_to_panel_offset_x": 0.02500000037252903, "lining_to_panel_offset_y": 5.9604587931971764e-09, "mullion_thickness": 0.05000000074505806, "first_mullion_offset": 0.6079999804496765}, "panel_properties": {"frame_depth": [0.03500000014901161, 0.03500000014901161, 0.03500000014901161], "frame_thickness": [0.03500000014901161, 0.03500000014901161, 0.03500000014901161]}}'),$);
#8006=IFCREPRESENTATIONMAP(#8007,#9226);
#8007=IFCAXIS2PLACEMENT3D(#8008,#8009,#8010);
#8008=IFCCARTESIANPOINT((0.,0.,0.));
#8009=IFCDIRECTION((0.,0.,1.));
#8010=IFCDIRECTION((1.,0.,0.));
#8014=IFCREPRESENTATIONMAP(#8015,#9307);
#8015=IFCAXIS2PLACEMENT3D(#8016,#8017,#8018);
#8016=IFCCARTESIANPOINT((0.,0.,0.));
#8017=IFCDIRECTION((0.,0.,1.));
#8018=IFCDIRECTION((1.,0.,0.));
#8062=IFCREPRESENTATIONMAP(#8063,#9340);
#8063=IFCAXIS2PLACEMENT3D(#8064,#8065,#8066);
#8064=IFCCARTESIANPOINT((0.,0.,0.));
#8065=IFCDIRECTION((0.,0.,1.));
#8066=IFCDIRECTION((1.,0.,0.));
#8084=IFCWINDOW('2uK6lEQ3bFJQJoJa4rAv_Q',$,'Window',$,$,#9365,#8093,$,0.89999997615814209,1.2160758972167969,$,.DOUBLE_PANEL_VERTICAL.,$);
#8085=IFCRELDEFINESBYTYPE('3SM_voCbv4t9Cx9iqMjtQC',$,$,$,(#8084),#8003);
#8086=IFCCARTESIANPOINT((0.,0.,0.));
#8087=IFCDIRECTION((1.,0.,0.));
#8088=IFCDIRECTION((0.,1.,0.));
#8089=IFCDIRECTION((0.,0.,1.));
#8090=IFCCARTESIANTRANSFORMATIONOPERATOR3D(#8087,#8088,#8086,1.,#8089);
#8091=IFCMAPPEDITEM(#8006,#8090);
#8092=IFCSHAPEREPRESENTATION(#18,'Profile','MappedRepresentation',(#8091));
#8093=IFCPRODUCTDEFINITIONSHAPE($,$,(#8092,#8100,#8107));
#8094=IFCCARTESIANPOINT((0.,0.,0.));
#8095=IFCDIRECTION((1.,0.,0.));
#8096=IFCDIRECTION((0.,1.,0.));
#8097=IFCDIRECTION((0.,0.,1.));
#8098=IFCCARTESIANTRANSFORMATIONOPERATOR3D(#8095,#8096,#8094,1.,#8097);
#8099=IFCMAPPEDITEM(#8014,#8098);
#8100=IFCSHAPEREPRESENTATION(#11,'Body','MappedRepresentation',(#8099));
#8101=IFCCARTESIANPOINT((0.,0.,0.));
#8102=IFCDIRECTION((1.,0.,0.));
#8103=IFCDIRECTION((0.,1.,0.));
#8104=IFCDIRECTION((0.,0.,1.));
#8105=IFCCARTESIANTRANSFORMATIONOPERATOR3D(#8102,#8103,#8101,1.,#8104);
#8106=IFCMAPPEDITEM(#8062,#8105);
#8107=IFCSHAPEREPRESENTATION(#24,'Body','MappedRepresentation',(#8106));
#8108=IFCOPENINGELEMENT('2LRuaNELLAh82DOj1HVi9B',$,'Opening',$,$,#9360,#8136,$,.OPENING.);
#8124=IFCCARTESIANPOINT((0.,0.,0.));
#8125=IFCDIRECTION((1.,0.,0.));
#8126=IFCDIRECTION((0.,0.,1.));
#8127=IFCAXIS2PLACEMENT3D(#8124,#8126,#8125);
#8128=IFCREPRESENTATIONMAP(#8127,#9350);
#8129=IFCCARTESIANPOINT((0.,0.,0.));
#8130=IFCDIRECTION((1.,0.,0.));
#8131=IFCDIRECTION((0.,1.,0.));
#8132=IFCDIRECTION((0.,0.,1.));
#8133=IFCCARTESIANTRANSFORMATIONOPERATOR3D(#8130,#8131,#8129,1.,#8132);
#8134=IFCMAPPEDITEM(#8128,#8133);
#8135=IFCSHAPEREPRESENTATION(#11,'Body','MappedRepresentation',(#8134));
#8136=IFCPRODUCTDEFINITIONSHAPE($,$,(#8135));
#8137=IFCRELVOIDSELEMENT('3J1Zctm4H4sBK99E4ZGgy6',$,$,$,#512,#8108);
#8143=IFCRELFILLSELEMENT('2roMy4lGv2$f$3iJWTF7Lr',$,$,$,#8108,#8084);
#8152=IFCCARTESIANPOINTLIST2D(((0.40417206287384033,0.),(0.,0.),(0.,0.89999997615814209),(0.40417206287384033,0.89999997615814209),(0.40417206287384033,0.87499997578561306),(0.02500000037252903,0.87499997578561306),(0.02500000037252903,0.02500000037252903),(0.40417206287384033,0.02500000037252903)));
#8153=IFCINDEXEDPOLYCURVE(#8152,(IFCLINEINDEX((1,2,3,4,5,6,7,8,1))),$);
#8154=IFCARBITRARYCLOSEDPROFILEDEF(.AREA.,$,#8153);
#8155=IFCCARTESIANPOINT((0.,0.090000001713633537,0.));
#8156=IFCDIRECTION((0.,-1.,0.));
#8157=IFCDIRECTION((1.,0.,0.));
#8158=IFCAXIS2PLACEMENT3D(#8155,#8156,#8157);
#8159=IFCDIRECTION((0.,0.,-1.));
#8160=IFCEXTRUDEDAREASOLID(#8154,#8158,#8159,0.0099999997764825821);
#8161=IFCCARTESIANPOINTLIST2D(((0.,0.),(0.40417206287384033,0.),(0.40417206287384033,0.89999997615814209),(0.,0.89999997615814209)));
#8162=IFCINDEXEDPOLYCURVE(#8161,(IFCLINEINDEX((1,2,3,4,1))),$);
#8163=IFCCARTESIANPOINTLIST2D(((0.05000000074505806,0.05000000074505806),(0.3791720625013113,0.05000000074505806),(0.3791720625013113,0.84999997541308403),(0.05000000074505806,0.84999997541308403)));
#8164=IFCINDEXEDPOLYCURVE(#8163,(IFCLINEINDEX((1,2,3,4,1))),$);
#8165=IFCARBITRARYPROFILEDEFWITHVOIDS(.AREA.,$,#8162,(#8164));
#8166=IFCCARTESIANPOINT((0.,0.05000000074505806,0.));
#8167=IFCDIRECTION((0.,-1.,0.));
#8168=IFCDIRECTION((1.,0.,0.));
#8169=IFCAXIS2PLACEMENT3D(#8166,#8167,#8168);
#8170=IFCDIRECTION((0.,0.,-1.));
#8171=IFCEXTRUDEDAREASOLID(#8165,#8169,#8170,0.040000000968575478);
#8172=IFCCARTESIANPOINTLIST2D(((0.,0.),(0.3791720625013113,0.),(0.3791720625013113,0.84999997541308403),(0.,0.84999997541308403)));
#8173=IFCINDEXEDPOLYCURVE(#8172,(IFCLINEINDEX((1,2,3,4,1))),$);
#8174=IFCCARTESIANPOINTLIST2D(((0.035000000149011612,0.035000000149011612),(0.34417206235229969,0.035000000149011612),(0.34417206235229969,0.81499997526407242),(0.035000000149011612,0.81499997526407242)));
#8175=IFCINDEXEDPOLYCURVE(#8174,(IFCLINEINDEX((1,2,3,4,1))),$);
#8176=IFCARBITRARYPROFILEDEFWITHVOIDS(.AREA.,$,#8173,(#8175));
#8177=IFCCARTESIANPOINT((0.02500000037252903,0.090000001713633537,0.02500000037252903));
#8178=IFCDIRECTION((0.,-1.,0.));
#8179=IFCDIRECTION((1.,0.,0.));
#8180=IFCAXIS2PLACEMENT3D(#8177,#8178,#8179);
#8181=IFCDIRECTION((0.,0.,-1.));
#8182=IFCEXTRUDEDAREASOLID(#8176,#8180,#8181,0.035000000149011612);
#8183=IFCINDEXEDPOLYCURVE(#8184,(IFCLINEINDEX((1,2,3,4,1))),$);
#8184=IFCCARTESIANPOINTLIST2D(((0.035000000149011612,0.035000000149011612),(0.34417206235229969,0.035000000149011612),(0.34417206235229969,0.81499997526407242),(0.035000000149011612,0.81499997526407242)));
#8185=IFCARBITRARYCLOSEDPROFILEDEF(.AREA.,$,#8183);
#8186=IFCCARTESIANPOINT((0.02500000037252903,0.10250000178813934,0.02500000037252903));
#8187=IFCDIRECTION((0.,-1.,0.));
#8188=IFCDIRECTION((1.,0.,0.));
#8189=IFCAXIS2PLACEMENT3D(#8186,#8187,#8188);
#8190=IFCDIRECTION((0.,0.,-1.));
#8191=IFCEXTRUDEDAREASOLID(#8185,#8189,#8190,0.01);
#8192=IFCCARTESIANPOINTLIST2D(((0.,0.89999997615814209),(0.80508637428283691,0.89999997615814209),(0.80508637428283691,0.),(0.,0.),(0.,0.02500000037252903),(0.78008637391030788,0.02500000037252903),(0.78008637391030788,0.87499997578561306),(0.,0.87499997578561306)));
#8193=IFCINDEXEDPOLYCURVE(#8192,(IFCLINEINDEX((1,2,3,4,5,6,7,8,1))),$);
#8194=IFCARBITRARYCLOSEDPROFILEDEF(.AREA.,$,#8193);
#8195=IFCCARTESIANPOINT((0.40417206287384033,0.090000001713633537,0.));
#8196=IFCDIRECTION((0.,-1.,0.));
#8197=IFCDIRECTION((1.,0.,0.));
#8198=IFCAXIS2PLACEMENT3D(#8195,#8196,#8197);
#8199=IFCDIRECTION((0.,0.,-1.));
#8200=IFCEXTRUDEDAREASOLID(#8194,#8198,#8199,0.0099999997764825821);
#8201=IFCCARTESIANPOINTLIST2D(((0.,0.),(0.80508637428283691,0.),(0.80508637428283691,0.89999997615814209),(0.,0.89999997615814209)));
#8202=IFCINDEXEDPOLYCURVE(#8201,(IFCLINEINDEX((1,2,3,4,1))),$);
#8203=IFCCARTESIANPOINTLIST2D(((0.02500000037252903,0.05000000074505806),(0.75508637353777885,0.05000000074505806),(0.75508637353777885,0.84999997541308403),(0.02500000037252903,0.84999997541308403)));
#8204=IFCINDEXEDPOLYCURVE(#8203,(IFCLINEINDEX((1,2,3,4,1))),$);
#8205=IFCARBITRARYPROFILEDEFWITHVOIDS(.AREA.,$,#8202,(#8204));
#8206=IFCCARTESIANPOINT((0.40417206287384033,0.05000000074505806,0.));
#8207=IFCDIRECTION((0.,-1.,0.));
#8208=IFCDIRECTION((1.,0.,0.));
#8209=IFCAXIS2PLACEMENT3D(#8206,#8207,#8208);
#8210=IFCDIRECTION((0.,0.,-1.));
#8211=IFCEXTRUDEDAREASOLID(#8205,#8209,#8210,0.040000000968575478);
#8212=IFCCARTESIANPOINTLIST2D(((0.,0.),(0.78008637391030788,0.),(0.78008637391030788,0.84999997541308403),(0.,0.84999997541308403)));
#8213=IFCINDEXEDPOLYCURVE(#8212,(IFCLINEINDEX((1,2,3,4,1))),$);
#8214=IFCCARTESIANPOINTLIST2D(((0.035000000149011612,0.035000000149011612),(0.74508637376129627,0.035000000149011612),(0.74508637376129627,0.81499997526407242),(0.035000000149011612,0.81499997526407242)));
#8215=IFCINDEXEDPOLYCURVE(#8214,(IFCLINEINDEX((1,2,3,4,1))),$);
#8216=IFCARBITRARYPROFILEDEFWITHVOIDS(.AREA.,$,#8213,(#8215));
#8217=IFCCARTESIANPOINT((0.40417206287384033,0.090000001713633537,0.02500000037252903));
#8218=IFCDIRECTION((0.,-1.,0.));
#8219=IFCDIRECTION((1.,0.,0.));
#8220=IFCAXIS2PLACEMENT3D(#8217,#8218,#8219);
#8221=IFCDIRECTION((0.,0.,-1.));
#8222=IFCEXTRUDEDAREASOLID(#8216,#8220,#8221,0.035000000149011612);
#8223=IFCINDEXEDPOLYCURVE(#8224,(IFCLINEINDEX((1,2,3,4,1))),$);
#8224=IFCCARTESIANPOINTLIST2D(((0.035000000149011612,0.035000000149011612),(0.74508637376129627,0.035000000149011612),(0.74508637376129627,0.81499997526407242),(0.035000000149011612,0.81499997526407242)));
#8225=IFCARBITRARYCLOSEDPROFILEDEF(.AREA.,$,#8223);
#8226=IFCCARTESIANPOINT((0.40417206287384033,0.10250000178813934,0.02500000037252903));
#8227=IFCDIRECTION((0.,-1.,0.));
#8228=IFCDIRECTION((1.,0.,0.));
#8229=IFCAXIS2PLACEMENT3D(#8226,#8227,#8228);
#8230=IFCDIRECTION((0.,0.,-1.));
#8231=IFCEXTRUDEDAREASOLID(#8225,#8229,#8230,0.01);
#8233=IFCSHAPEREPRESENTATION(#11,'Body','SweptSolid',(#8815,#8531,#9235,#8171,#8323,#8160,#8633,#8622,#8764,#8775,#8491,#8480,#8374,#9286,#9246,#9078,#8976,#8987,#9118,#8363,#9129,#8211,#8947,#8200,#8804,#8662,#9089,#8520,#9275,#8936,#8673,#8334));
#8234=IFCSHAPEASPECT((#8233),'Lining',$,.T.,#8093);
#8235=IFCSHAPEREPRESENTATION(#11,'Body','SweptSolid',(#9100,#8998,#9140,#8385,#9257,#8644,#8786,#9297,#8222,#8684,#8345,#8826,#8958,#8542,#8182,#8502));
#8236=IFCSHAPEASPECT((#8235),'Framing',$,.T.,#8093);
#8237=IFCSHAPEREPRESENTATION(#11,'Body','SweptSolid',(#8394,#9149,#9266,#8653,#8795,#9306,#8231,#8511,#8354,#8693,#8835,#8967,#8551,#9109,#8191,#9007));
#8238=IFCSHAPEASPECT((#8237),'Glazing',$,.T.,#8093);
#8315=IFCCARTESIANPOINTLIST2D(((0.40417206287384033,0.),(0.,0.),(0.,0.89999997615814209),(0.40417206287384033,0.89999997615814209),(0.40417206287384033,0.87499997578561306),(0.02500000037252903,0.87499997578561306),(0.02500000037252903,0.02500000037252903),(0.40417206287384033,0.02500000037252903)));
#8316=IFCINDEXEDPOLYCURVE(#8315,(IFCLINEINDEX((1,2,3,4,5,6,7,8,1))),$);
#8317=IFCARBITRARYCLOSEDPROFILEDEF(.AREA.,$,#8316);
#8318=IFCCARTESIANPOINT((0.,0.065000007301563301,0.));
#8319=IFCDIRECTION((0.,-1.,0.));
#8320=IFCDIRECTION((1.,0.,0.));
#8321=IFCAXIS2PLACEMENT3D(#8318,#8319,#8320);
#8322=IFCDIRECTION((0.,0.,-1.));
#8323=IFCEXTRUDEDAREASOLID(#8317,#8321,#8322,0.034999994188552819);
#8324=IFCCARTESIANPOINTLIST2D(((0.,0.),(0.40417206287384033,0.),(0.40417206287384033,0.89999997615814209),(0.,0.89999997615814209)));
#8325=IFCINDEXEDPOLYCURVE(#8324,(IFCLINEINDEX((1,2,3,4,1))),$);
#8326=IFCCARTESIANPOINTLIST2D(((0.05000000074505806,0.05000000074505806),(0.3791720625013113,0.05000000074505806),(0.3791720625013113,0.84999997541308403),(0.05000000074505806,0.84999997541308403)));
#8327=IFCINDEXEDPOLYCURVE(#8326,(IFCLINEINDEX((1,2,3,4,1))),$);
#8328=IFCARBITRARYPROFILEDEFWITHVOIDS(.AREA.,$,#8325,(#8327));
#8329=IFCCARTESIANPOINT((0.,0.05000000074505806,0.));
#8330=IFCDIRECTION((0.,-1.,0.));
#8331=IFCDIRECTION((1.,0.,0.));
#8332=IFCAXIS2PLACEMENT3D(#8329,#8330,#8331);
#8333=IFCDIRECTION((0.,0.,-1.));
#8334=IFCEXTRUDEDAREASOLID(#8328,#8332,#8333,0.015000006556505241);
#8335=IFCCARTESIANPOINTLIST2D(((0.,0.),(0.3791720625013113,0.),(0.3791720625013113,0.84999997541308403),(0.,0.84999997541308403)));
#8336=IFCINDEXEDPOLYCURVE(#8335,(IFCLINEINDEX((1,2,3,4,1))),$);
#8337=IFCCARTESIANPOINTLIST2D(((0.035000000149011612,0.035000000149011612),(0.34417206235229969,0.035000000149011612),(0.34417206235229969,0.81499997526407242),(0.035000000149011612,0.81499997526407242)));
#8338=IFCINDEXEDPOLYCURVE(#8337,(IFCLINEINDEX((1,2,3,4,1))),$);
#8339=IFCARBITRARYPROFILEDEFWITHVOIDS(.AREA.,$,#8336,(#8338));
#8340=IFCCARTESIANPOINT((0.02500000037252903,0.065000007301563301,0.02500000037252903));
#8341=IFCDIRECTION((0.,-1.,0.));
#8342=IFCDIRECTION((1.,0.,0.));
#8343=IFCAXIS2PLACEMENT3D(#8340,#8341,#8342);
#8344=IFCDIRECTION((0.,0.,-1.));
#8345=IFCEXTRUDEDAREASOLID(#8339,#8343,#8344,0.035000000149011612);
#8346=IFCINDEXEDPOLYCURVE(#8347,(IFCLINEINDEX((1,2,3,4,1))),$);
#8347=IFCCARTESIANPOINTLIST2D(((0.035000000149011612,0.035000000149011612),(0.34417206235229969,0.035000000149011612),(0.34417206235229969,0.81499997526407242),(0.035000000149011612,0.81499997526407242)));
#8348=IFCARBITRARYCLOSEDPROFILEDEF(.AREA.,$,#8346);
#8349=IFCCARTESIANPOINT((0.02500000037252903,0.077500007376069102,0.02500000037252903));
#8350=IFCDIRECTION((0.,-1.,0.));
#8351=IFCDIRECTION((1.,0.,0.));
#8352=IFCAXIS2PLACEMENT3D(#8349,#8350,#8351);
#8353=IFCDIRECTION((0.,0.,-1.));
#8354=IFCEXTRUDEDAREASOLID(#8348,#8352,#8353,0.01);
#8355=IFCCARTESIANPOINTLIST2D(((0.,0.89999997615814209),(0.80508637428283691,0.89999997615814209),(0.80508637428283691,0.),(0.,0.),(0.,0.02500000037252903),(0.78008637391030788,0.02500000037252903),(0.78008637391030788,0.87499997578561306),(0.,0.87499997578561306)));
#8356=IFCINDEXEDPOLYCURVE(#8355,(IFCLINEINDEX((1,2,3,4,5,6,7,8,1))),$);
#8357=IFCARBITRARYCLOSEDPROFILEDEF(.AREA.,$,#8356);
#8358=IFCCARTESIANPOINT((0.40417206287384033,0.065000007301563301,0.));
#8359=IFCDIRECTION((0.,-1.,0.));
#8360=IFCDIRECTION((1.,0.,0.));
#8361=IFCAXIS2PLACEMENT3D(#8358,#8359,#8360);
#8362=IFCDIRECTION((0.,0.,-1.));
#8363=IFCEXTRUDEDAREASOLID(#8357,#8361,#8362,0.034999994188552819);
#8364=IFCCARTESIANPOINTLIST2D(((0.,0.),(0.80508637428283691,0.),(0.80508637428283691,0.89999997615814209),(0.,0.89999997615814209)));
#8365=IFCINDEXEDPOLYCURVE(#8364,(IFCLINEINDEX((1,2,3,4,1))),$);
#8366=IFCCARTESIANPOINTLIST2D(((0.02500000037252903,0.05000000074505806),(0.75508637353777885,0.05000000074505806),(0.75508637353777885,0.84999997541308403),(0.02500000037252903,0.84999997541308403)));
#8367=IFCINDEXEDPOLYCURVE(#8366,(IFCLINEINDEX((1,2,3,4,1))),$);
#8368=IFCARBITRARYPROFILEDEFWITHVOIDS(.AREA.,$,#8365,(#8367));
#8369=IFCCARTESIANPOINT((0.40417206287384033,0.05000000074505806,0.));
#8370=IFCDIRECTION((0.,-1.,0.));
#8371=IFCDIRECTION((1.,0.,0.));
#8372=IFCAXIS2PLACEMENT3D(#8369,#8370,#8371);
#8373=IFCDIRECTION((0.,0.,-1.));
#8374=IFCEXTRUDEDAREASOLID(#8368,#8372,#8373,0.015000006556505241);
#8375=IFCCARTESIANPOINTLIST2D(((0.,0.),(0.78008637391030788,0.),(0.78008637391030788,0.84999997541308403),(0.,0.84999997541308403)));
#8376=IFCINDEXEDPOLYCURVE(#8375,(IFCLINEINDEX((1,2,3,4,1))),$);
#8377=IFCCARTESIANPOINTLIST2D(((0.035000000149011612,0.035000000149011612),(0.74508637376129627,0.035000000149011612),(0.74508637376129627,0.81499997526407242),(0.035000000149011612,0.81499997526407242)));
#8378=IFCINDEXEDPOLYCURVE(#8377,(IFCLINEINDEX((1,2,3,4,1))),$);
#8379=IFCARBITRARYPROFILEDEFWITHVOIDS(.AREA.,$,#8376,(#8378));
#8380=IFCCARTESIANPOINT((0.40417206287384033,0.065000007301563301,0.02500000037252903));
#8381=IFCDIRECTION((0.,-1.,0.));
#8382=IFCDIRECTION((1.,0.,0.));
#8383=IFCAXIS2PLACEMENT3D(#8380,#8381,#8382);
#8384=IFCDIRECTION((0.,0.,-1.));
#8385=IFCEXTRUDEDAREASOLID(#8379,#8383,#8384,0.035000000149011612);
#8386=IFCINDEXEDPOLYCURVE(#8387,(IFCLINEINDEX((1,2,3,4,1))),$);
#8387=IFCCARTESIANPOINTLIST2D(((0.035000000149011612,0.035000000149011612),(0.74508637376129627,0.035000000149011612),(0.74508637376129627,0.81499997526407242),(0.035000000149011612,0.81499997526407242)));
#8388=IFCARBITRARYCLOSEDPROFILEDEF(.AREA.,$,#8386);
#8389=IFCCARTESIANPOINT((0.40417206287384033,0.077500007376069102,0.02500000037252903));
#8390=IFCDIRECTION((0.,-1.,0.));
#8391=IFCDIRECTION((1.,0.,0.));
#8392=IFCAXIS2PLACEMENT3D(#8389,#8390,#8391);
#8393=IFCDIRECTION((0.,0.,-1.));
#8394=IFCEXTRUDEDAREASOLID(#8388,#8392,#8393,0.01);
#8472=IFCCARTESIANPOINTLIST2D(((0.60414725542068481,0.),(0.,0.),(0.,0.89999997615814209),(0.60414725542068481,0.89999997615814209),(0.60414725542068481,0.87499997578561306),(0.02500000037252903,0.87499997578561306),(0.02500000037252903,0.02500000037252903),(0.60414725542068481,0.02500000037252903)));
#8473=IFCINDEXEDPOLYCURVE(#8472,(IFCLINEINDEX((1,2,3,4,5,6,7,8,1))),$);
#8474=IFCARBITRARYCLOSEDPROFILEDEF(.AREA.,$,#8473);
#8475=IFCCARTESIANPOINT((0.,0.065000007301563301,0.));
#8476=IFCDIRECTION((0.,-1.,0.));
#8477=IFCDIRECTION((1.,0.,0.));
#8478=IFCAXIS2PLACEMENT3D(#8475,#8476,#8477);
#8479=IFCDIRECTION((0.,0.,-1.));
#8480=IFCEXTRUDEDAREASOLID(#8474,#8478,#8479,0.034999994188552819);
#8481=IFCCARTESIANPOINTLIST2D(((0.,0.),(0.60414725542068481,0.),(0.60414725542068481,0.89999997615814209),(0.,0.89999997615814209)));
#8482=IFCINDEXEDPOLYCURVE(#8481,(IFCLINEINDEX((1,2,3,4,1))),$);
#8483=IFCCARTESIANPOINTLIST2D(((0.05000000074505806,0.05000000074505806),(0.57914725504815578,0.05000000074505806),(0.57914725504815578,0.84999997541308403),(0.05000000074505806,0.84999997541308403)));
#8484=IFCINDEXEDPOLYCURVE(#8483,(IFCLINEINDEX((1,2,3,4,1))),$);
#8485=IFCARBITRARYPROFILEDEFWITHVOIDS(.AREA.,$,#8482,(#8484));
#8486=IFCCARTESIANPOINT((0.,0.05000000074505806,0.));
#8487=IFCDIRECTION((0.,-1.,0.));
#8488=IFCDIRECTION((1.,0.,0.));
#8489=IFCAXIS2PLACEMENT3D(#8486,#8487,#8488);
#8490=IFCDIRECTION((0.,0.,-1.));
#8491=IFCEXTRUDEDAREASOLID(#8485,#8489,#8490,0.015000006556505241);
#8492=IFCCARTESIANPOINTLIST2D(((0.,0.),(0.57914725504815578,0.),(0.57914725504815578,0.84999997541308403),(0.,0.84999997541308403)));
#8493=IFCINDEXEDPOLYCURVE(#8492,(IFCLINEINDEX((1,2,3,4,1))),$);
#8494=IFCCARTESIANPOINTLIST2D(((0.035000000149011612,0.035000000149011612),(0.54414725489914417,0.035000000149011612),(0.54414725489914417,0.81499997526407242),(0.035000000149011612,0.81499997526407242)));
#8495=IFCINDEXEDPOLYCURVE(#8494,(IFCLINEINDEX((1,2,3,4,1))),$);
#8496=IFCARBITRARYPROFILEDEFWITHVOIDS(.AREA.,$,#8493,(#8495));
#8497=IFCCARTESIANPOINT((0.02500000037252903,0.065000007301563301,0.02500000037252903));
#8498=IFCDIRECTION((0.,-1.,0.));
#8499=IFCDIRECTION((1.,0.,0.));
#8500=IFCAXIS2PLACEMENT3D(#8497,#8498,#8499);
#8501=IFCDIRECTION((0.,0.,-1.));
#8502=IFCEXTRUDEDAREASOLID(#8496,#8500,#8501,0.035000000149011612);
#8503=IFCINDEXEDPOLYCURVE(#8504,(IFCLINEINDEX((1,2,3,4,1))),$);
#8504=IFCCARTESIANPOINTLIST2D(((0.035000000149011612,0.035000000149011612),(0.54414725489914417,0.035000000149011612),(0.54414725489914417,0.81499997526407242),(0.035000000149011612,0.81499997526407242)));
#8505=IFCARBITRARYCLOSEDPROFILEDEF(.AREA.,$,#8503);
#8506=IFCCARTESIANPOINT((0.02500000037252903,0.077500007376069102,0.02500000037252903));
#8507=IFCDIRECTION((0.,-1.,0.));
#8508=IFCDIRECTION((1.,0.,0.));
#8509=IFCAXIS2PLACEMENT3D(#8506,#8507,#8508);
#8510=IFCDIRECTION((0.,0.,-1.));
#8511=IFCEXTRUDEDAREASOLID(#8505,#8509,#8510,0.01);
#8512=IFCCARTESIANPOINTLIST2D(((0.,0.89999997615814209),(0.60511118173599243,0.89999997615814209),(0.60511118173599243,0.),(0.,0.),(0.,0.02500000037252903),(0.5801111813634634,0.02500000037252903),(0.5801111813634634,0.87499997578561306),(0.,0.87499997578561306)));
#8513=IFCINDEXEDPOLYCURVE(#8512,(IFCLINEINDEX((1,2,3,4,5,6,7,8,1))),$);
#8514=IFCARBITRARYCLOSEDPROFILEDEF(.AREA.,$,#8513);
#8515=IFCCARTESIANPOINT((0.60414725542068481,0.065000007301563301,0.));
#8516=IFCDIRECTION((0.,-1.,0.));
#8517=IFCDIRECTION((1.,0.,0.));
#8518=IFCAXIS2PLACEMENT3D(#8515,#8516,#8517);
#8519=IFCDIRECTION((0.,0.,-1.));
#8520=IFCEXTRUDEDAREASOLID(#8514,#8518,#8519,0.034999994188552819);
#8521=IFCCARTESIANPOINTLIST2D(((0.,0.),(0.60511118173599243,0.),(0.60511118173599243,0.89999997615814209),(0.,0.89999997615814209)));
#8522=IFCINDEXEDPOLYCURVE(#8521,(IFCLINEINDEX((1,2,3,4,1))),$);
#8523=IFCCARTESIANPOINTLIST2D(((0.02500000037252903,0.05000000074505806),(0.55511118099093437,0.05000000074505806),(0.55511118099093437,0.84999997541308403),(0.02500000037252903,0.84999997541308403)));
#8524=IFCINDEXEDPOLYCURVE(#8523,(IFCLINEINDEX((1,2,3,4,1))),$);
#8525=IFCARBITRARYPROFILEDEFWITHVOIDS(.AREA.,$,#8522,(#8524));
#8526=IFCCARTESIANPOINT((0.60414725542068481,0.05000000074505806,0.));
#8527=IFCDIRECTION((0.,-1.,0.));
#8528=IFCDIRECTION((1.,0.,0.));
#8529=IFCAXIS2PLACEMENT3D(#8526,#8527,#8528);
#8530=IFCDIRECTION((0.,0.,-1.));
#8531=IFCEXTRUDEDAREASOLID(#8525,#8529,#8530,0.015000006556505241);
#8532=IFCCARTESIANPOINTLIST2D(((0.,0.),(0.5801111813634634,0.),(0.5801111813634634,0.84999997541308403),(0.,0.84999997541308403)));
#8533=IFCINDEXEDPOLYCURVE(#8532,(IFCLINEINDEX((1,2,3,4,1))),$);
#8534=IFCCARTESIANPOINTLIST2D(((0.035000000149011612,0.035000000149011612),(0.54511118121445179,0.035000000149011612),(0.54511118121445179,0.81499997526407242),(0.035000000149011612,0.81499997526407242)));
#8535=IFCINDEXEDPOLYCURVE(#8534,(IFCLINEINDEX((1,2,3,4,1))),$);
#8536=IFCARBITRARYPROFILEDEFWITHVOIDS(.AREA.,$,#8533,(#8535));
#8537=IFCCARTESIANPOINT((0.60414725542068481,0.065000007301563301,0.02500000037252903));
#8538=IFCDIRECTION((0.,-1.,0.));
#8539=IFCDIRECTION((1.,0.,0.));
#8540=IFCAXIS2PLACEMENT3D(#8537,#8538,#8539);
#8541=IFCDIRECTION((0.,0.,-1.));
#8542=IFCEXTRUDEDAREASOLID(#8536,#8540,#8541,0.035000000149011612);
#8543=IFCINDEXEDPOLYCURVE(#8544,(IFCLINEINDEX((1,2,3,4,1))),$);
#8544=IFCCARTESIANPOINTLIST2D(((0.035000000149011612,0.035000000149011612),(0.54511118121445179,0.035000000149011612),(0.54511118121445179,0.81499997526407242),(0.035000000149011612,0.81499997526407242)));
#8545=IFCARBITRARYCLOSEDPROFILEDEF(.AREA.,$,#8543);
#8546=IFCCARTESIANPOINT((0.60414725542068481,0.077500007376069102,0.02500000037252903));
#8547=IFCDIRECTION((0.,-1.,0.));
#8548=IFCDIRECTION((1.,0.,0.));
#8549=IFCAXIS2PLACEMENT3D(#8546,#8547,#8548);
#8550=IFCDIRECTION((0.,0.,-1.));
#8551=IFCEXTRUDEDAREASOLID(#8545,#8549,#8550,0.01);
#8614=IFCCARTESIANPOINTLIST2D(((0.60414725542068481,0.),(0.,0.),(0.,0.89999997615814209),(0.60414725542068481,0.89999997615814209),(0.60414725542068481,0.87499997578561306),(0.02500000037252903,0.87499997578561306),(0.02500000037252903,0.02500000037252903),(0.60414725542068481,0.02500000037252903)));
#8615=IFCINDEXEDPOLYCURVE(#8614,(IFCLINEINDEX((1,2,3,4,5,6,7,8,1))),$);
#8616=IFCARBITRARYCLOSEDPROFILEDEF(.AREA.,$,#8615);
#8617=IFCCARTESIANPOINT((0.,0.065000007301563301,0.));
#8618=IFCDIRECTION((0.,-1.,0.));
#8619=IFCDIRECTION((1.,0.,0.));
#8620=IFCAXIS2PLACEMENT3D(#8617,#8618,#8619);
#8621=IFCDIRECTION((0.,0.,-1.));
#8622=IFCEXTRUDEDAREASOLID(#8616,#8620,#8621,0.034999994188552819);
#8623=IFCCARTESIANPOINTLIST2D(((0.,0.),(0.60414725542068481,0.),(0.60414725542068481,0.89999997615814209),(0.,0.89999997615814209)));
#8624=IFCINDEXEDPOLYCURVE(#8623,(IFCLINEINDEX((1,2,3,4,1))),$);
#8625=IFCCARTESIANPOINTLIST2D(((0.05000000074505806,0.05000000074505806),(0.57914725504815578,0.05000000074505806),(0.57914725504815578,0.84999997541308403),(0.05000000074505806,0.84999997541308403)));
#8626=IFCINDEXEDPOLYCURVE(#8625,(IFCLINEINDEX((1,2,3,4,1))),$);
#8627=IFCARBITRARYPROFILEDEFWITHVOIDS(.AREA.,$,#8624,(#8626));
#8628=IFCCARTESIANPOINT((0.,0.05000000074505806,0.));
#8629=IFCDIRECTION((0.,-1.,0.));
#8630=IFCDIRECTION((1.,0.,0.));
#8631=IFCAXIS2PLACEMENT3D(#8628,#8629,#8630);
#8632=IFCDIRECTION((0.,0.,-1.));
#8633=IFCEXTRUDEDAREASOLID(#8627,#8631,#8632,0.015000006556505241);
#8634=IFCCARTESIANPOINTLIST2D(((0.,0.),(0.57914725504815578,0.),(0.57914725504815578,0.84999997541308403),(0.,0.84999997541308403)));
#8635=IFCINDEXEDPOLYCURVE(#8634,(IFCLINEINDEX((1,2,3,4,1))),$);
#8636=IFCCARTESIANPOINTLIST2D(((0.035000000149011612,0.035000000149011612),(0.54414725489914417,0.035000000149011612),(0.54414725489914417,0.81499997526407242),(0.035000000149011612,0.81499997526407242)));
#8637=IFCINDEXEDPOLYCURVE(#8636,(IFCLINEINDEX((1,2,3,4,1))),$);
#8638=IFCARBITRARYPROFILEDEFWITHVOIDS(.AREA.,$,#8635,(#8637));
#8639=IFCCARTESIANPOINT((0.02500000037252903,0.065000007301563301,0.02500000037252903));
#8640=IFCDIRECTION((0.,-1.,0.));
#8641=IFCDIRECTION((1.,0.,0.));
#8642=IFCAXIS2PLACEMENT3D(#8639,#8640,#8641);
#8643=IFCDIRECTION((0.,0.,-1.));
#8644=IFCEXTRUDEDAREASOLID(#8638,#8642,#8643,0.035000000149011612);
#8645=IFCINDEXEDPOLYCURVE(#8646,(IFCLINEINDEX((1,2,3,4,1))),$);
#8646=IFCCARTESIANPOINTLIST2D(((0.035000000149011612,0.035000000149011612),(0.54414725489914417,0.035000000149011612),(0.54414725489914417,0.81499997526407242),(0.035000000149011612,0.81499997526407242)));
#8647=IFCARBITRARYCLOSEDPROFILEDEF(.AREA.,$,#8645);
#8648=IFCCARTESIANPOINT((0.02500000037252903,0.077500007376069102,0.02500000037252903));
#8649=IFCDIRECTION((0.,-1.,0.));
#8650=IFCDIRECTION((1.,0.,0.));
#8651=IFCAXIS2PLACEMENT3D(#8648,#8649,#8650);
#8652=IFCDIRECTION((0.,0.,-1.));
#8653=IFCEXTRUDEDAREASOLID(#8647,#8651,#8652,0.01);
#8654=IFCCARTESIANPOINTLIST2D(((0.,0.89999997615814209),(0.54575937986373901,0.89999997615814209),(0.54575937986373901,0.),(0.,0.),(0.,0.02500000037252903),(0.52075937949120998,0.02500000037252903),(0.52075937949120998,0.87499997578561306),(0.,0.87499997578561306)));
#8655=IFCINDEXEDPOLYCURVE(#8654,(IFCLINEINDEX((1,2,3,4,5,6,7,8,1))),$);
#8656=IFCARBITRARYCLOSEDPROFILEDEF(.AREA.,$,#8655);
#8657=IFCCARTESIANPOINT((0.60414725542068481,0.065000007301563301,0.));
#8658=IFCDIRECTION((0.,-1.,0.));
#8659=IFCDIRECTION((1.,0.,0.));
#8660=IFCAXIS2PLACEMENT3D(#8657,#8658,#8659);
#8661=IFCDIRECTION((0.,0.,-1.));
#8662=IFCEXTRUDEDAREASOLID(#8656,#8660,#8661,0.034999994188552819);
#8663=IFCCARTESIANPOINTLIST2D(((0.,0.),(0.54575937986373901,0.),(0.54575937986373901,0.89999997615814209),(0.,0.89999997615814209)));
#8664=IFCINDEXEDPOLYCURVE(#8663,(IFCLINEINDEX((1,2,3,4,1))),$);
#8665=IFCCARTESIANPOINTLIST2D(((0.02500000037252903,0.05000000074505806),(0.49575937911868095,0.05000000074505806),(0.49575937911868095,0.84999997541308403),(0.02500000037252903,0.84999997541308403)));
#8666=IFCINDEXEDPOLYCURVE(#8665,(IFCLINEINDEX((1,2,3,4,1))),$);
#8667=IFCARBITRARYPROFILEDEFWITHVOIDS(.AREA.,$,#8664,(#8666));
#8668=IFCCARTESIANPOINT((0.60414725542068481,0.05000000074505806,0.));
#8669=IFCDIRECTION((0.,-1.,0.));
#8670=IFCDIRECTION((1.,0.,0.));
#8671=IFCAXIS2PLACEMENT3D(#8668,#8669,#8670);
#8672=IFCDIRECTION((0.,0.,-1.));
#8673=IFCEXTRUDEDAREASOLID(#8667,#8671,#8672,0.015000006556505241);
#8674=IFCCARTESIANPOINTLIST2D(((0.,0.),(0.52075937949120998,0.),(0.52075937949120998,0.84999997541308403),(0.,0.84999997541308403)));
#8675=IFCINDEXEDPOLYCURVE(#8674,(IFCLINEINDEX((1,2,3,4,1))),$);
#8676=IFCCARTESIANPOINTLIST2D(((0.035000000149011612,0.035000000149011612),(0.48575937934219837,0.035000000149011612),(0.48575937934219837,0.81499997526407242),(0.035000000149011612,0.81499997526407242)));
#8677=IFCINDEXEDPOLYCURVE(#8676,(IFCLINEINDEX((1,2,3,4,1))),$);
#8678=IFCARBITRARYPROFILEDEFWITHVOIDS(.AREA.,$,#8675,(#8677));
#8679=IFCCARTESIANPOINT((0.60414725542068481,0.065000007301563301,0.02500000037252903));
#8680=IFCDIRECTION((0.,-1.,0.));
#8681=IFCDIRECTION((1.,0.,0.));
#8682=IFCAXIS2PLACEMENT3D(#8679,#8680,#8681);
#8683=IFCDIRECTION((0.,0.,-1.));
#8684=IFCEXTRUDEDAREASOLID(#8678,#8682,#8683,0.035000000149011612);
#8685=IFCINDEXEDPOLYCURVE(#8686,(IFCLINEINDEX((1,2,3,4,1))),$);
#8686=IFCCARTESIANPOINTLIST2D(((0.035000000149011612,0.035000000149011612),(0.48575937934219837,0.035000000149011612),(0.48575937934219837,0.81499997526407242),(0.035000000149011612,0.81499997526407242)));
#8687=IFCARBITRARYCLOSEDPROFILEDEF(.AREA.,$,#8685);
#8688=IFCCARTESIANPOINT((0.60414725542068481,0.077500007376069102,0.02500000037252903));
#8689=IFCDIRECTION((0.,-1.,0.));
#8690=IFCDIRECTION((1.,0.,0.));
#8691=IFCAXIS2PLACEMENT3D(#8688,#8689,#8690);
#8692=IFCDIRECTION((0.,0.,-1.));
#8693=IFCEXTRUDEDAREASOLID(#8687,#8691,#8692,0.01);
#8756=IFCCARTESIANPOINTLIST2D(((0.57499998807907104,0.),(0.,0.),(0.,0.89999997615814209),(0.57499998807907104,0.89999997615814209),(0.57499998807907104,0.87499997578561306),(0.02500000037252903,0.87499997578561306),(0.02500000037252903,0.02500000037252903),(0.57499998807907104,0.02500000037252903)));
#8757=IFCINDEXEDPOLYCURVE(#8756,(IFCLINEINDEX((1,2,3,4,5,6,7,8,1))),$);
#8758=IFCARBITRARYCLOSEDPROFILEDEF(.AREA.,$,#8757);
#8759=IFCCARTESIANPOINT((0.,0.065000007301563301,0.));
#8760=IFCDIRECTION((0.,-1.,0.));
#8761=IFCDIRECTION((1.,0.,0.));
#8762=IFCAXIS2PLACEMENT3D(#8759,#8760,#8761);
#8763=IFCDIRECTION((0.,0.,-1.));
#8764=IFCEXTRUDEDAREASOLID(#8758,#8762,#8763,0.034999994188552819);
#8765=IFCCARTESIANPOINTLIST2D(((0.,0.),(0.57499998807907104,0.),(0.57499998807907104,0.89999997615814209),(0.,0.89999997615814209)));
#8766=IFCINDEXEDPOLYCURVE(#8765,(IFCLINEINDEX((1,2,3,4,1))),$);
#8767=IFCCARTESIANPOINTLIST2D(((0.05000000074505806,0.05000000074505806),(0.54999998770654202,0.05000000074505806),(0.54999998770654202,0.84999997541308403),(0.05000000074505806,0.84999997541308403)));
#8768=IFCINDEXEDPOLYCURVE(#8767,(IFCLINEINDEX((1,2,3,4,1))),$);
#8769=IFCARBITRARYPROFILEDEFWITHVOIDS(.AREA.,$,#8766,(#8768));
#8770=IFCCARTESIANPOINT((0.,0.05000000074505806,0.));
#8771=IFCDIRECTION((0.,-1.,0.));
#8772=IFCDIRECTION((1.,0.,0.));
#8773=IFCAXIS2PLACEMENT3D(#8770,#8771,#8772);
#8774=IFCDIRECTION((0.,0.,-1.));
#8775=IFCEXTRUDEDAREASOLID(#8769,#8773,#8774,0.015000006556505241);
#8776=IFCCARTESIANPOINTLIST2D(((0.,0.),(0.54999998770654202,0.),(0.54999998770654202,0.84999997541308403),(0.,0.84999997541308403)));
#8777=IFCINDEXEDPOLYCURVE(#8776,(IFCLINEINDEX((1,2,3,4,1))),$);
#8778=IFCCARTESIANPOINTLIST2D(((0.035000000149011612,0.035000000149011612),(0.5149999875575304,0.035000000149011612),(0.5149999875575304,0.81499997526407242),(0.035000000149011612,0.81499997526407242)));
#8779=IFCINDEXEDPOLYCURVE(#8778,(IFCLINEINDEX((1,2,3,4,1))),$);
#8780=IFCARBITRARYPROFILEDEFWITHVOIDS(.AREA.,$,#8777,(#8779));
#8781=IFCCARTESIANPOINT((0.02500000037252903,0.065000007301563301,0.02500000037252903));
#8782=IFCDIRECTION((0.,-1.,0.));
#8783=IFCDIRECTION((1.,0.,0.));
#8784=IFCAXIS2PLACEMENT3D(#8781,#8782,#8783);
#8785=IFCDIRECTION((0.,0.,-1.));
#8786=IFCEXTRUDEDAREASOLID(#8780,#8784,#8785,0.035000000149011612);
#8787=IFCINDEXEDPOLYCURVE(#8788,(IFCLINEINDEX((1,2,3,4,1))),$);
#8788=IFCCARTESIANPOINTLIST2D(((0.035000000149011612,0.035000000149011612),(0.5149999875575304,0.035000000149011612),(0.5149999875575304,0.81499997526407242),(0.035000000149011612,0.81499997526407242)));
#8789=IFCARBITRARYCLOSEDPROFILEDEF(.AREA.,$,#8787);
#8790=IFCCARTESIANPOINT((0.02500000037252903,0.077500007376069102,0.02500000037252903));
#8791=IFCDIRECTION((0.,-1.,0.));
#8792=IFCDIRECTION((1.,0.,0.));
#8793=IFCAXIS2PLACEMENT3D(#8790,#8791,#8792);
#8794=IFCDIRECTION((0.,0.,-1.));
#8795=IFCEXTRUDEDAREASOLID(#8789,#8793,#8794,0.01);
#8796=IFCCARTESIANPOINTLIST2D(((0.,0.89999997615814209),(0.57490664720535278,0.89999997615814209),(0.57490664720535278,0.),(0.,0.),(0.,0.02500000037252903),(0.54990664683282375,0.02500000037252903),(0.54990664683282375,0.87499997578561306),(0.,0.87499997578561306)));
#8797=IFCINDEXEDPOLYCURVE(#8796,(IFCLINEINDEX((1,2,3,4,5,6,7,8,1))),$);
#8798=IFCARBITRARYCLOSEDPROFILEDEF(.AREA.,$,#8797);
#8799=IFCCARTESIANPOINT((0.57499998807907104,0.065000007301563301,0.));
#8800=IFCDIRECTION((0.,-1.,0.));
#8801=IFCDIRECTION((1.,0.,0.));
#8802=IFCAXIS2PLACEMENT3D(#8799,#8800,#8801);
#8803=IFCDIRECTION((0.,0.,-1.));
#8804=IFCEXTRUDEDAREASOLID(#8798,#8802,#8803,0.034999994188552819);
#8805=IFCCARTESIANPOINTLIST2D(((0.,0.),(0.57490664720535278,0.),(0.57490664720535278,0.89999997615814209),(0.,0.89999997615814209)));
#8806=IFCINDEXEDPOLYCURVE(#8805,(IFCLINEINDEX((1,2,3,4,1))),$);
#8807=IFCCARTESIANPOINTLIST2D(((0.02500000037252903,0.05000000074505806),(0.52490664646029472,0.05000000074505806),(0.52490664646029472,0.84999997541308403),(0.02500000037252903,0.84999997541308403)));
#8808=IFCINDEXEDPOLYCURVE(#8807,(IFCLINEINDEX((1,2,3,4,1))),$);
#8809=IFCARBITRARYPROFILEDEFWITHVOIDS(.AREA.,$,#8806,(#8808));
#8810=IFCCARTESIANPOINT((0.57499998807907104,0.05000000074505806,0.));
#8811=IFCDIRECTION((0.,-1.,0.));
#8812=IFCDIRECTION((1.,0.,0.));
#8813=IFCAXIS2PLACEMENT3D(#8810,#8811,#8812);
#8814=IFCDIRECTION((0.,0.,-1.));
#8815=IFCEXTRUDEDAREASOLID(#8809,#8813,#8814,0.015000006556505241);
#8816=IFCCARTESIANPOINTLIST2D(((0.,0.),(0.54990664683282375,0.),(0.54990664683282375,0.84999997541308403),(0.,0.84999997541308403)));
#8817=IFCINDEXEDPOLYCURVE(#8816,(IFCLINEINDEX((1,2,3,4,1))),$);
#8818=IFCCARTESIANPOINTLIST2D(((0.035000000149011612,0.035000000149011612),(0.51490664668381214,0.035000000149011612),(0.51490664668381214,0.81499997526407242),(0.035000000149011612,0.81499997526407242)));
#8819=IFCINDEXEDPOLYCURVE(#8818,(IFCLINEINDEX((1,2,3,4,1))),$);
#8820=IFCARBITRARYPROFILEDEFWITHVOIDS(.AREA.,$,#8817,(#8819));
#8821=IFCCARTESIANPOINT((0.57499998807907104,0.065000007301563301,0.02500000037252903));
#8822=IFCDIRECTION((0.,-1.,0.));
#8823=IFCDIRECTION((1.,0.,0.));
#8824=IFCAXIS2PLACEMENT3D(#8821,#8822,#8823);
#8825=IFCDIRECTION((0.,0.,-1.));
#8826=IFCEXTRUDEDAREASOLID(#8820,#8824,#8825,0.035000000149011612);
#8827=IFCINDEXEDPOLYCURVE(#8828,(IFCLINEINDEX((1,2,3,4,1))),$);
#8828=IFCCARTESIANPOINTLIST2D(((0.035000000149011612,0.035000000149011612),(0.51490664668381214,0.035000000149011612),(0.51490664668381214,0.81499997526407242),(0.035000000149011612,0.81499997526407242)));
#8829=IFCARBITRARYCLOSEDPROFILEDEF(.AREA.,$,#8827);
#8830=IFCCARTESIANPOINT((0.57499998807907104,0.077500007376069102,0.02500000037252903));
#8831=IFCDIRECTION((0.,-1.,0.));
#8832=IFCDIRECTION((1.,0.,0.));
#8833=IFCAXIS2PLACEMENT3D(#8830,#8831,#8832);
#8834=IFCDIRECTION((0.,0.,-1.));
#8835=IFCEXTRUDEDAREASOLID(#8829,#8833,#8834,0.01);
#8928=IFCCARTESIANPOINTLIST2D(((0.57499998807907104,0.),(0.,0.),(0.,0.89999997615814209),(0.57499998807907104,0.89999997615814209),(0.57499998807907104,0.87499997578561306),(0.02500000037252903,0.87499997578561306),(0.02500000037252903,0.02500000037252903),(0.57499998807907104,0.02500000037252903)));
#8929=IFCINDEXEDPOLYCURVE(#8928,(IFCLINEINDEX((1,2,3,4,5,6,7,8,1))),$);
#8930=IFCARBITRARYCLOSEDPROFILEDEF(.AREA.,$,#8929);
#8931=IFCCARTESIANPOINT((0.,0.065000007301563301,0.));
#8932=IFCDIRECTION((0.,-1.,0.));
#8933=IFCDIRECTION((1.,0.,0.));
#8934=IFCAXIS2PLACEMENT3D(#8931,#8932,#8933);
#8935=IFCDIRECTION((0.,0.,-1.));
#8936=IFCEXTRUDEDAREASOLID(#8930,#8934,#8935,0.034999994188552819);
#8937=IFCCARTESIANPOINTLIST2D(((0.,0.),(0.57499998807907104,0.),(0.57499998807907104,0.89999997615814209),(0.,0.89999997615814209)));
#8938=IFCINDEXEDPOLYCURVE(#8937,(IFCLINEINDEX((1,2,3,4,1))),$);
#8939=IFCCARTESIANPOINTLIST2D(((0.05000000074505806,0.05000000074505806),(0.54999998770654202,0.05000000074505806),(0.54999998770654202,0.84999997541308403),(0.05000000074505806,0.84999997541308403)));
#8940=IFCINDEXEDPOLYCURVE(#8939,(IFCLINEINDEX((1,2,3,4,1))),$);
#8941=IFCARBITRARYPROFILEDEFWITHVOIDS(.AREA.,$,#8938,(#8940));
#8942=IFCCARTESIANPOINT((0.,0.05000000074505806,0.));
#8943=IFCDIRECTION((0.,-1.,0.));
#8944=IFCDIRECTION((1.,0.,0.));
#8945=IFCAXIS2PLACEMENT3D(#8942,#8943,#8944);
#8946=IFCDIRECTION((0.,0.,-1.));
#8947=IFCEXTRUDEDAREASOLID(#8941,#8945,#8946,0.015000006556505241);
#8948=IFCCARTESIANPOINTLIST2D(((0.,0.),(0.54999998770654202,0.),(0.54999998770654202,0.84999997541308403),(0.,0.84999997541308403)));
#8949=IFCINDEXEDPOLYCURVE(#8948,(IFCLINEINDEX((1,2,3,4,1))),$);
#8950=IFCCARTESIANPOINTLIST2D(((0.035000000149011612,0.035000000149011612),(0.5149999875575304,0.035000000149011612),(0.5149999875575304,0.81499997526407242),(0.035000000149011612,0.81499997526407242)));
#8951=IFCINDEXEDPOLYCURVE(#8950,(IFCLINEINDEX((1,2,3,4,1))),$);
#8952=IFCARBITRARYPROFILEDEFWITHVOIDS(.AREA.,$,#8949,(#8951));
#8953=IFCCARTESIANPOINT((0.02500000037252903,0.065000007301563301,0.02500000037252903));
#8954=IFCDIRECTION((0.,-1.,0.));
#8955=IFCDIRECTION((1.,0.,0.));
#8956=IFCAXIS2PLACEMENT3D(#8953,#8954,#8955);
#8957=IFCDIRECTION((0.,0.,-1.));
#8958=IFCEXTRUDEDAREASOLID(#8952,#8956,#8957,0.035000000149011612);
#8959=IFCINDEXEDPOLYCURVE(#8960,(IFCLINEINDEX((1,2,3,4,1))),$);
#8960=IFCCARTESIANPOINTLIST2D(((0.035000000149011612,0.035000000149011612),(0.5149999875575304,0.035000000149011612),(0.5149999875575304,0.81499997526407242),(0.035000000149011612,0.81499997526407242)));
#8961=IFCARBITRARYCLOSEDPROFILEDEF(.AREA.,$,#8959);
#8962=IFCCARTESIANPOINT((0.02500000037252903,0.077500007376069102,0.02500000037252903));
#8963=IFCDIRECTION((0.,-1.,0.));
#8964=IFCDIRECTION((1.,0.,0.));
#8965=IFCAXIS2PLACEMENT3D(#8962,#8963,#8964);
#8966=IFCDIRECTION((0.,0.,-1.));
#8967=IFCEXTRUDEDAREASOLID(#8961,#8965,#8966,0.01);
#8968=IFCCARTESIANPOINTLIST2D(((0.,0.89999997615814209),(0.57490640878677368,0.89999997615814209),(0.57490640878677368,0.),(0.,0.),(0.,0.02500000037252903),(0.54990640841424465,0.02500000037252903),(0.54990640841424465,0.87499997578561306),(0.,0.87499997578561306)));
#8969=IFCINDEXEDPOLYCURVE(#8968,(IFCLINEINDEX((1,2,3,4,5,6,7,8,1))),$);
#8970=IFCARBITRARYCLOSEDPROFILEDEF(.AREA.,$,#8969);
#8971=IFCCARTESIANPOINT((0.57499998807907104,0.065000007301563301,0.));
#8972=IFCDIRECTION((0.,-1.,0.));
#8973=IFCDIRECTION((1.,0.,0.));
#8974=IFCAXIS2PLACEMENT3D(#8971,#8972,#8973);
#8975=IFCDIRECTION((0.,0.,-1.));
#8976=IFCEXTRUDEDAREASOLID(#8970,#8974,#8975,0.034999994188552819);
#8977=IFCCARTESIANPOINTLIST2D(((0.,0.),(0.57490640878677368,0.),(0.57490640878677368,0.89999997615814209),(0.,0.89999997615814209)));
#8978=IFCINDEXEDPOLYCURVE(#8977,(IFCLINEINDEX((1,2,3,4,1))),$);
#8979=IFCCARTESIANPOINTLIST2D(((0.02500000037252903,0.05000000074505806),(0.52490640804171562,0.05000000074505806),(0.52490640804171562,0.84999997541308403),(0.02500000037252903,0.84999997541308403)));
#8980=IFCINDEXEDPOLYCURVE(#8979,(IFCLINEINDEX((1,2,3,4,1))),$);
#8981=IFCARBITRARYPROFILEDEFWITHVOIDS(.AREA.,$,#8978,(#8980));
#8982=IFCCARTESIANPOINT((0.57499998807907104,0.05000000074505806,0.));
#8983=IFCDIRECTION((0.,-1.,0.));
#8984=IFCDIRECTION((1.,0.,0.));
#8985=IFCAXIS2PLACEMENT3D(#8982,#8983,#8984);
#8986=IFCDIRECTION((0.,0.,-1.));
#8987=IFCEXTRUDEDAREASOLID(#8981,#8985,#8986,0.015000006556505241);
#8988=IFCCARTESIANPOINTLIST2D(((0.,0.),(0.54990640841424465,0.),(0.54990640841424465,0.84999997541308403),(0.,0.84999997541308403)));
#8989=IFCINDEXEDPOLYCURVE(#8988,(IFCLINEINDEX((1,2,3,4,1))),$);
#8990=IFCCARTESIANPOINTLIST2D(((0.035000000149011612,0.035000000149011612),(0.51490640826523304,0.035000000149011612),(0.51490640826523304,0.81499997526407242),(0.035000000149011612,0.81499997526407242)));
#8991=IFCINDEXEDPOLYCURVE(#8990,(IFCLINEINDEX((1,2,3,4,1))),$);
#8992=IFCARBITRARYPROFILEDEFWITHVOIDS(.AREA.,$,#8989,(#8991));
#8993=IFCCARTESIANPOINT((0.57499998807907104,0.065000007301563301,0.02500000037252903));
#8994=IFCDIRECTION((0.,-1.,0.));
#8995=IFCDIRECTION((1.,0.,0.));
#8996=IFCAXIS2PLACEMENT3D(#8993,#8994,#8995);
#8997=IFCDIRECTION((0.,0.,-1.));
#8998=IFCEXTRUDEDAREASOLID(#8992,#8996,#8997,0.035000000149011612);
#8999=IFCINDEXEDPOLYCURVE(#9000,(IFCLINEINDEX((1,2,3,4,1))),$);
#9000=IFCCARTESIANPOINTLIST2D(((0.035000000149011612,0.035000000149011612),(0.51490640826523304,0.035000000149011612),(0.51490640826523304,0.81499997526407242),(0.035000000149011612,0.81499997526407242)));
#9001=IFCARBITRARYCLOSEDPROFILEDEF(.AREA.,$,#8999);
#9002=IFCCARTESIANPOINT((0.57499998807907104,0.077500007376069102,0.02500000037252903));
#9003=IFCDIRECTION((0.,-1.,0.));
#9004=IFCDIRECTION((1.,0.,0.));
#9005=IFCAXIS2PLACEMENT3D(#9002,#9003,#9004);
#9006=IFCDIRECTION((0.,0.,-1.));
#9007=IFCEXTRUDEDAREASOLID(#9001,#9005,#9006,0.01);
#9070=IFCCARTESIANPOINTLIST2D(((0.57499998807907104,0.),(0.,0.),(0.,0.89999997615814209),(0.57499998807907104,0.89999997615814209),(0.57499998807907104,0.87499997578561306),(0.02500000037252903,0.87499997578561306),(0.02500000037252903,0.02500000037252903),(0.57499998807907104,0.02500000037252903)));
#9071=IFCINDEXEDPOLYCURVE(#9070,(IFCLINEINDEX((1,2,3,4,5,6,7,8,1))),$);
#9072=IFCARBITRARYCLOSEDPROFILEDEF(.AREA.,$,#9071);
#9073=IFCCARTESIANPOINT((0.,0.065000007301563301,0.));
#9074=IFCDIRECTION((0.,-1.,0.));
#9075=IFCDIRECTION((1.,0.,0.));
#9076=IFCAXIS2PLACEMENT3D(#9073,#9074,#9075);
#9077=IFCDIRECTION((0.,0.,-1.));
#9078=IFCEXTRUDEDAREASOLID(#9072,#9076,#9077,0.034999994188552819);
#9079=IFCCARTESIANPOINTLIST2D(((0.,0.),(0.57499998807907104,0.),(0.57499998807907104,0.89999997615814209),(0.,0.89999997615814209)));
#9080=IFCINDEXEDPOLYCURVE(#9079,(IFCLINEINDEX((1,2,3,4,1))),$);
#9081=IFCCARTESIANPOINTLIST2D(((0.05000000074505806,0.05000000074505806),(0.54999998770654202,0.05000000074505806),(0.54999998770654202,0.84999997541308403),(0.05000000074505806,0.84999997541308403)));
#9082=IFCINDEXEDPOLYCURVE(#9081,(IFCLINEINDEX((1,2,3,4,1))),$);
#9083=IFCARBITRARYPROFILEDEFWITHVOIDS(.AREA.,$,#9080,(#9082));
#9084=IFCCARTESIANPOINT((0.,0.05000000074505806,0.));
#9085=IFCDIRECTION((0.,-1.,0.));
#9086=IFCDIRECTION((1.,0.,0.));
#9087=IFCAXIS2PLACEMENT3D(#9084,#9085,#9086);
#9088=IFCDIRECTION((0.,0.,-1.));
#9089=IFCEXTRUDEDAREASOLID(#9083,#9087,#9088,0.015000006556505241);
#9090=IFCCARTESIANPOINTLIST2D(((0.,0.),(0.54999998770654202,0.),(0.54999998770654202,0.84999997541308403),(0.,0.84999997541308403)));
#9091=IFCINDEXEDPOLYCURVE(#9090,(IFCLINEINDEX((1,2,3,4,1))),$);
#9092=IFCCARTESIANPOINTLIST2D(((0.035000000149011612,0.035000000149011612),(0.5149999875575304,0.035000000149011612),(0.5149999875575304,0.81499997526407242),(0.035000000149011612,0.81499997526407242)));
#9093=IFCINDEXEDPOLYCURVE(#9092,(IFCLINEINDEX((1,2,3,4,1))),$);
#9094=IFCARBITRARYPROFILEDEFWITHVOIDS(.AREA.,$,#9091,(#9093));
#9095=IFCCARTESIANPOINT((0.02500000037252903,0.065000007301563301,0.02500000037252903));
#9096=IFCDIRECTION((0.,-1.,0.));
#9097=IFCDIRECTION((1.,0.,0.));
#9098=IFCAXIS2PLACEMENT3D(#9095,#9096,#9097);
#9099=IFCDIRECTION((0.,0.,-1.));
#9100=IFCEXTRUDEDAREASOLID(#9094,#9098,#9099,0.035000000149011612);
#9101=IFCINDEXEDPOLYCURVE(#9102,(IFCLINEINDEX((1,2,3,4,1))),$);
#9102=IFCCARTESIANPOINTLIST2D(((0.035000000149011612,0.035000000149011612),(0.5149999875575304,0.035000000149011612),(0.5149999875575304,0.81499997526407242),(0.035000000149011612,0.81499997526407242)));
#9103=IFCARBITRARYCLOSEDPROFILEDEF(.AREA.,$,#9101);
#9104=IFCCARTESIANPOINT((0.02500000037252903,0.077500007376069102,0.02500000037252903));
#9105=IFCDIRECTION((0.,-1.,0.));
#9106=IFCDIRECTION((1.,0.,0.));
#9107=IFCAXIS2PLACEMENT3D(#9104,#9105,#9106);
#9108=IFCDIRECTION((0.,0.,-1.));
#9109=IFCEXTRUDEDAREASOLID(#9103,#9107,#9108,0.01);
#9110=IFCCARTESIANPOINTLIST2D(((0.,0.89999997615814209),(0.64107590913772583,0.89999997615814209),(0.64107590913772583,0.),(0.,0.),(0.,0.02500000037252903),(0.6160759087651968,0.02500000037252903),(0.6160759087651968,0.87499997578561306),(0.,0.87499997578561306)));
#9111=IFCINDEXEDPOLYCURVE(#9110,(IFCLINEINDEX((1,2,3,4,5,6,7,8,1))),$);
#9112=IFCARBITRARYCLOSEDPROFILEDEF(.AREA.,$,#9111);
#9113=IFCCARTESIANPOINT((0.57499998807907104,0.065000007301563301,0.));
#9114=IFCDIRECTION((0.,-1.,0.));
#9115=IFCDIRECTION((1.,0.,0.));
#9116=IFCAXIS2PLACEMENT3D(#9113,#9114,#9115);
#9117=IFCDIRECTION((0.,0.,-1.));
#9118=IFCEXTRUDEDAREASOLID(#9112,#9116,#9117,0.034999994188552819);
#9119=IFCCARTESIANPOINTLIST2D(((0.,0.),(0.64107590913772583,0.),(0.64107590913772583,0.89999997615814209),(0.,0.89999997615814209)));
#9120=IFCINDEXEDPOLYCURVE(#9119,(IFCLINEINDEX((1,2,3,4,1))),$);
#9121=IFCCARTESIANPOINTLIST2D(((0.02500000037252903,0.05000000074505806),(0.59107590839266777,0.05000000074505806),(0.59107590839266777,0.84999997541308403),(0.02500000037252903,0.84999997541308403)));
#9122=IFCINDEXEDPOLYCURVE(#9121,(IFCLINEINDEX((1,2,3,4,1))),$);
#9123=IFCARBITRARYPROFILEDEFWITHVOIDS(.AREA.,$,#9120,(#9122));
#9124=IFCCARTESIANPOINT((0.57499998807907104,0.05000000074505806,0.));
#9125=IFCDIRECTION((0.,-1.,0.));
#9126=IFCDIRECTION((1.,0.,0.));
#9127=IFCAXIS2PLACEMENT3D(#9124,#9125,#9126);
#9128=IFCDIRECTION((0.,0.,-1.));
#9129=IFCEXTRUDEDAREASOLID(#9123,#9127,#9128,0.015000006556505241);
#9130=IFCCARTESIANPOINTLIST2D(((0.,0.),(0.6160759087651968,0.),(0.6160759087651968,0.84999997541308403),(0.,0.84999997541308403)));
#9131=IFCINDEXEDPOLYCURVE(#9130,(IFCLINEINDEX((1,2,3,4,1))),$);
#9132=IFCCARTESIANPOINTLIST2D(((0.035000000149011612,0.035000000149011612),(0.58107590861618519,0.035000000149011612),(0.58107590861618519,0.81499997526407242),(0.035000000149011612,0.81499997526407242)));
#9133=IFCINDEXEDPOLYCURVE(#9132,(IFCLINEINDEX((1,2,3,4,1))),$);
#9134=IFCARBITRARYPROFILEDEFWITHVOIDS(.AREA.,$,#9131,(#9133));
#9135=IFCCARTESIANPOINT((0.57499998807907104,0.065000007301563301,0.02500000037252903));
#9136=IFCDIRECTION((0.,-1.,0.));
#9137=IFCDIRECTION((1.,0.,0.));
#9138=IFCAXIS2PLACEMENT3D(#9135,#9136,#9137);
#9139=IFCDIRECTION((0.,0.,-1.));
#9140=IFCEXTRUDEDAREASOLID(#9134,#9138,#9139,0.035000000149011612);
#9141=IFCINDEXEDPOLYCURVE(#9142,(IFCLINEINDEX((1,2,3,4,1))),$);
#9142=IFCCARTESIANPOINTLIST2D(((0.035000000149011612,0.035000000149011612),(0.58107590861618519,0.035000000149011612),(0.58107590861618519,0.81499997526407242),(0.035000000149011612,0.81499997526407242)));
#9143=IFCARBITRARYCLOSEDPROFILEDEF(.AREA.,$,#9141);
#9144=IFCCARTESIANPOINT((0.57499998807907104,0.077500007376069102,0.02500000037252903));
#9145=IFCDIRECTION((0.,-1.,0.));
#9146=IFCDIRECTION((1.,0.,0.));
#9147=IFCAXIS2PLACEMENT3D(#9144,#9145,#9146);
#9148=IFCDIRECTION((0.,0.,-1.));
#9149=IFCEXTRUDEDAREASOLID(#9143,#9147,#9148,0.01);
#9224=IFCCARTESIANPOINTLIST3D(((0.,0.,0.),(1.2160758972167969,0.,0.),(1.2160758972167969,0.,0.89999997615814209),(0.,0.,0.89999997615814209)));
#9225=IFCINDEXEDPOLYCURVE(#9224,(IFCLINEINDEX((1,2,3,4,1))),$);
#9226=IFCSHAPEREPRESENTATION(#18,'Profile','Curve3D',(#9225));
#9227=IFCCARTESIANPOINTLIST2D(((0.60799998044967651,0.),(0.,0.),(0.,0.89999997615814209),(0.60799998044967651,0.89999997615814209),(0.60799998044967651,0.87499997578561306),(0.02500000037252903,0.87499997578561306),(0.02500000037252903,0.02500000037252903),(0.60799998044967651,0.02500000037252903)));
#9228=IFCINDEXEDPOLYCURVE(#9227,(IFCLINEINDEX((1,2,3,4,5,6,7,8,1))),$);
#9229=IFCARBITRARYCLOSEDPROFILEDEF(.AREA.,$,#9228);
#9230=IFCCARTESIANPOINT((0.,0.065000007301563301,0.));
#9231=IFCDIRECTION((0.,-1.,0.));
#9232=IFCDIRECTION((1.,0.,0.));
#9233=IFCAXIS2PLACEMENT3D(#9230,#9231,#9232);
#9234=IFCDIRECTION((0.,0.,-1.));
#9235=IFCEXTRUDEDAREASOLID(#9229,#9233,#9234,0.034999994188552819);
#9236=IFCCARTESIANPOINTLIST2D(((0.,0.),(0.60799998044967651,0.),(0.60799998044967651,0.89999997615814209),(0.,0.89999997615814209)));
#9237=IFCINDEXEDPOLYCURVE(#9236,(IFCLINEINDEX((1,2,3,4,1))),$);
#9238=IFCCARTESIANPOINTLIST2D(((0.05000000074505806,0.05000000074505806),(0.58299998007714748,0.05000000074505806),(0.58299998007714748,0.84999997541308403),(0.05000000074505806,0.84999997541308403)));
#9239=IFCINDEXEDPOLYCURVE(#9238,(IFCLINEINDEX((1,2,3,4,1))),$);
#9240=IFCARBITRARYPROFILEDEFWITHVOIDS(.AREA.,$,#9237,(#9239));
#9241=IFCCARTESIANPOINT((0.,0.05000000074505806,0.));
#9242=IFCDIRECTION((0.,-1.,0.));
#9243=IFCDIRECTION((1.,0.,0.));
#9244=IFCAXIS2PLACEMENT3D(#9241,#9242,#9243);
#9245=IFCDIRECTION((0.,0.,-1.));
#9246=IFCEXTRUDEDAREASOLID(#9240,#9244,#9245,0.015000006556505241);
#9247=IFCCARTESIANPOINTLIST2D(((0.,0.),(0.58299998007714748,0.),(0.58299998007714748,0.84999997541308403),(0.,0.84999997541308403)));
#9248=IFCINDEXEDPOLYCURVE(#9247,(IFCLINEINDEX((1,2,3,4,1))),$);
#9249=IFCCARTESIANPOINTLIST2D(((0.035000000149011612,0.035000000149011612),(0.54799997992813587,0.035000000149011612),(0.54799997992813587,0.81499997526407242),(0.035000000149011612,0.81499997526407242)));
#9250=IFCINDEXEDPOLYCURVE(#9249,(IFCLINEINDEX((1,2,3,4,1))),$);
#9251=IFCARBITRARYPROFILEDEFWITHVOIDS(.AREA.,$,#9248,(#9250));
#9252=IFCCARTESIANPOINT((0.02500000037252903,0.065000007301563301,0.02500000037252903));
#9253=IFCDIRECTION((0.,-1.,0.));
#9254=IFCDIRECTION((1.,0.,0.));
#9255=IFCAXIS2PLACEMENT3D(#9252,#9253,#9254);
#9256=IFCDIRECTION((0.,0.,-1.));
#9257=IFCEXTRUDEDAREASOLID(#9251,#9255,#9256,0.035000000149011612);
#9258=IFCINDEXEDPOLYCURVE(#9259,(IFCLINEINDEX((1,2,3,4,1))),$);
#9259=IFCCARTESIANPOINTLIST2D(((0.035000000149011612,0.035000000149011612),(0.54799997992813587,0.035000000149011612),(0.54799997992813587,0.81499997526407242),(0.035000000149011612,0.81499997526407242)));
#9260=IFCARBITRARYCLOSEDPROFILEDEF(.AREA.,$,#9258);
#9261=IFCCARTESIANPOINT((0.02500000037252903,0.077500007376069102,0.02500000037252903));
#9262=IFCDIRECTION((0.,-1.,0.));
#9263=IFCDIRECTION((1.,0.,0.));
#9264=IFCAXIS2PLACEMENT3D(#9261,#9262,#9263);
#9265=IFCDIRECTION((0.,0.,-1.));
#9266=IFCEXTRUDEDAREASOLID(#9260,#9264,#9265,0.01);
#9267=IFCCARTESIANPOINTLIST2D(((0.,0.89999997615814209),(0.60807591676712036,0.89999997615814209),(0.60807591676712036,0.),(0.,0.),(0.,0.02500000037252903),(0.58307591639459133,0.02500000037252903),(0.58307591639459133,0.87499997578561306),(0.,0.87499997578561306)));
#9268=IFCINDEXEDPOLYCURVE(#9267,(IFCLINEINDEX((1,2,3,4,5,6,7,8,1))),$);
#9269=IFCARBITRARYCLOSEDPROFILEDEF(.AREA.,$,#9268);
#9270=IFCCARTESIANPOINT((0.60799998044967651,0.065000007301563301,0.));
#9271=IFCDIRECTION((0.,-1.,0.));
#9272=IFCDIRECTION((1.,0.,0.));
#9273=IFCAXIS2PLACEMENT3D(#9270,#9271,#9272);
#9274=IFCDIRECTION((0.,0.,-1.));
#9275=IFCEXTRUDEDAREASOLID(#9269,#9273,#9274,0.034999994188552819);
#9276=IFCCARTESIANPOINTLIST2D(((0.,0.),(0.60807591676712036,0.),(0.60807591676712036,0.89999997615814209),(0.,0.89999997615814209)));
#9277=IFCINDEXEDPOLYCURVE(#9276,(IFCLINEINDEX((1,2,3,4,1))),$);
#9278=IFCCARTESIANPOINTLIST2D(((0.02500000037252903,0.05000000074505806),(0.5580759160220623,0.05000000074505806),(0.5580759160220623,0.84999997541308403),(0.02500000037252903,0.84999997541308403)));
#9279=IFCINDEXEDPOLYCURVE(#9278,(IFCLINEINDEX((1,2,3,4,1))),$);
#9280=IFCARBITRARYPROFILEDEFWITHVOIDS(.AREA.,$,#9277,(#9279));
#9281=IFCCARTESIANPOINT((0.60799998044967651,0.05000000074505806,0.));
#9282=IFCDIRECTION((0.,-1.,0.));
#9283=IFCDIRECTION((1.,0.,0.));
#9284=IFCAXIS2PLACEMENT3D(#9281,#9282,#9283);
#9285=IFCDIRECTION((0.,0.,-1.));
#9286=IFCEXTRUDEDAREASOLID(#9280,#9284,#9285,0.015000006556505241);
#9287=IFCCARTESIANPOINTLIST2D(((0.,0.),(0.58307591639459133,0.),(0.58307591639459133,0.84999997541308403),(0.,0.84999997541308403)));
#9288=IFCINDEXEDPOLYCURVE(#9287,(IFCLINEINDEX((1,2,3,4,1))),$);
#9289=IFCCARTESIANPOINTLIST2D(((0.035000000149011612,0.035000000149011612),(0.54807591624557972,0.035000000149011612),(0.54807591624557972,0.81499997526407242),(0.035000000149011612,0.81499997526407242)));
#9290=IFCINDEXEDPOLYCURVE(#9289,(IFCLINEINDEX((1,2,3,4,1))),$);
#9291=IFCARBITRARYPROFILEDEFWITHVOIDS(.AREA.,$,#9288,(#9290));
#9292=IFCCARTESIANPOINT((0.60799998044967651,0.065000007301563301,0.02500000037252903));
#9293=IFCDIRECTION((0.,-1.,0.));
#9294=IFCDIRECTION((1.,0.,0.));
#9295=IFCAXIS2PLACEMENT3D(#9292,#9293,#9294);
#9296=IFCDIRECTION((0.,0.,-1.));
#9297=IFCEXTRUDEDAREASOLID(#9291,#9295,#9296,0.035000000149011612);
#9298=IFCINDEXEDPOLYCURVE(#9299,(IFCLINEINDEX((1,2,3,4,1))),$);
#9299=IFCCARTESIANPOINTLIST2D(((0.035000000149011612,0.035000000149011612),(0.54807591624557972,0.035000000149011612),(0.54807591624557972,0.81499997526407242),(0.035000000149011612,0.81499997526407242)));
#9300=IFCARBITRARYCLOSEDPROFILEDEF(.AREA.,$,#9298);
#9301=IFCCARTESIANPOINT((0.60799998044967651,0.077500007376069102,0.02500000037252903));
#9302=IFCDIRECTION((0.,-1.,0.));
#9303=IFCDIRECTION((1.,0.,0.));
#9304=IFCAXIS2PLACEMENT3D(#9301,#9302,#9303);
#9305=IFCDIRECTION((0.,0.,-1.));
#9306=IFCEXTRUDEDAREASOLID(#9300,#9304,#9305,0.01);
#9307=IFCSHAPEREPRESENTATION(#11,'Body','SweptSolid',(#9235,#9246,#9257,#9266,#9275,#9286,#9297,#9306));
#9308=IFCCARTESIANPOINTLIST2D(((0.05000000074505806,0.05000000074505806),(0.58299998007714748,0.05000000074505806)));
#9309=IFCINDEXEDPOLYCURVE(#9308,$,$);
#9310=IFCCARTESIANPOINTLIST2D(((0.,0.10000000149011612),(0.02500000037252903,0.10000000149011612),(0.02500000037252903,0.065000007301563301),(0.05000000074505806,0.065000007301563301),(0.05000000074505806,0.05000000074505806),(0.,0.05000000074505806)));
#9311=IFCINDEXEDPOLYCURVE(#9310,(IFCLINEINDEX((1,2,3,4,5,6,1))),$);
#9312=IFCCARTESIANPOINTLIST2D(((0.60799998044967651,0.10000000149011612),(0.60799998044967651,0.10000000149011612),(0.60799998044967651,0.065000007301563301),(0.58299998007714748,0.065000007301563301),(0.58299998007714748,0.05000000074505806),(0.60799998044967651,0.05000000074505806)));
#9313=IFCINDEXEDPOLYCURVE(#9312,$,$);
#9314=IFCCARTESIANPOINTLIST2D(((0.02500000037252903,0.065000007301563301),(0.060000000521540642,0.065000007301563301),(0.060000000521540642,0.10000000745057491),(0.02500000037252903,0.10000000745057491)));
#9315=IFCINDEXEDPOLYCURVE(#9314,(IFCLINEINDEX((1,2,3,4,1))),$);
#9316=IFCINDEXEDPOLYCURVE(#9317,(IFCLINEINDEX((1,2,3,4,1))),$);
#9317=IFCCARTESIANPOINTLIST2D(((0.60799998044967651,0.065000007301563301),(0.5729999803006649,0.065000007301563301),(0.5729999803006649,0.10000000745057491),(0.60799998044967651,0.10000000745057491)));
#9318=IFCCARTESIANPOINTLIST2D(((0.060000000521540642,0.065000007301563301),(0.5729999803006649,0.065000007301563301)));
#9319=IFCINDEXEDPOLYCURVE(#9318,$,$);
#9320=IFCINDEXEDPOLYCURVE(#9321,$,$);
#9321=IFCCARTESIANPOINTLIST2D(((0.060000000521540642,0.10000000745057491),(0.5729999803006649,0.10000000745057491)));
#9322=IFCINDEXEDPOLYCURVE(#9323,$,$);
#9323=IFCCARTESIANPOINTLIST2D(((0.060000000521540642,0.082500007376069107),(0.5729999803006649,0.082500007376069107)));
#9324=IFCCARTESIANPOINTLIST2D(((0.63299998082220554,0.05000000074505806),(1.1660758964717388,0.05000000074505806)));
#9325=IFCINDEXEDPOLYCURVE(#9324,$,$);
#9326=IFCCARTESIANPOINTLIST2D(((0.60799998044967651,0.10000000149011612),(0.60799998044967651,0.10000000149011612),(0.60799998044967651,0.065000007301563301),(0.63299998082220554,0.065000007301563301),(0.63299998082220554,0.05000000074505806),(0.60799998044967651,0.05000000074505806)));
#9327=IFCINDEXEDPOLYCURVE(#9326,$,$);
#9328=IFCCARTESIANPOINTLIST2D(((1.2160758972167969,0.10000000149011612),(1.1910758968442678,0.10000000149011612),(1.1910758968442678,0.065000007301563301),(1.1660758964717388,0.065000007301563301),(1.1660758964717388,0.05000000074505806),(1.2160758972167969,0.05000000074505806)));
#9329=IFCINDEXEDPOLYCURVE(#9328,(IFCLINEINDEX((1,2,3,4,5,6,1))),$);
#9330=IFCCARTESIANPOINTLIST2D(((0.60799998044967651,0.065000007301563301),(0.64299998059868813,0.065000007301563301),(0.64299998059868813,0.10000000745057491),(0.60799998044967651,0.10000000745057491)));
#9331=IFCINDEXEDPOLYCURVE(#9330,(IFCLINEINDEX((1,2,3,4,1))),$);
#9332=IFCINDEXEDPOLYCURVE(#9333,(IFCLINEINDEX((1,2,3,4,1))),$);
#9333=IFCCARTESIANPOINTLIST2D(((1.1910758968442678,0.065000007301563301),(1.1560758966952562,0.065000007301563301),(1.1560758966952562,0.10000000745057491),(1.1910758968442678,0.10000000745057491)));
#9334=IFCCARTESIANPOINTLIST2D(((0.64299998059868813,0.065000007301563301),(1.1560758966952562,0.065000007301563301)));
#9335=IFCINDEXEDPOLYCURVE(#9334,$,$);
#9336=IFCINDEXEDPOLYCURVE(#9337,$,$);
#9337=IFCCARTESIANPOINTLIST2D(((0.64299998059868813,0.10000000745057491),(1.1560758966952562,0.10000000745057491)));
#9338=IFCINDEXEDPOLYCURVE(#9339,$,$);
#9339=IFCCARTESIANPOINTLIST2D(((0.64299998059868813,0.082500007376069107),(1.1560758966952562,0.082500007376069107)));
#9340=IFCSHAPEREPRESENTATION(#24,'Body','Curve2D',(#9309,#9311,#9313,#9315,#9316,#9319,#9320,#9322,#9325,#9327,#9329,#9331,#9332,#9335,#9336,#9338));
#9341=IFCCARTESIANPOINTLIST2D(((0.,0.),(1.2160758972167969,0.),(1.2160758972167969,0.89999997615814209),(0.,0.89999997615814209)));
#9342=IFCINDEXEDPOLYCURVE(#9341,(IFCLINEINDEX((1,2,3,4,1))),$);
#9343=IFCARBITRARYCLOSEDPROFILEDEF(.AREA.,$,#9342);
#9344=IFCCARTESIANPOINT((0.,-0.60000002384185791,0.));
#9345=IFCDIRECTION((0.,-1.,0.));
#9346=IFCDIRECTION((1.,0.,0.));
#9347=IFCAXIS2PLACEMENT3D(#9344,#9345,#9346);
#9348=IFCDIRECTION((0.,0.,-1.));
#9349=IFCEXTRUDEDAREASOLID(#9343,#9347,#9348,1.2);
#9350=IFCSHAPEREPRESENTATION(#11,'Body','SweptSolid',(#9349));
#9356=IFCCARTESIANPOINT((1.038145630922731,2.7567148208618164E-06,1.));
#9357=IFCDIRECTION((0.,0.,1.));
#9358=IFCDIRECTION((0.9999999999997442,-7.1525573730450454E-07,0.));
#9359=IFCAXIS2PLACEMENT3D(#9356,#9357,#9358);
#9360=IFCLOCALPLACEMENT(#794,#9359);
#9361=IFCCARTESIANPOINT((0.,0.,0.));
#9362=IFCDIRECTION((0.,0.,1.));
#9363=IFCDIRECTION((1.,0.,0.));
#9364=IFCAXIS2PLACEMENT3D(#9361,#9362,#9363);
#9365=IFCLOCALPLACEMENT(#9360,#9364);
#9366=IFCWINDOWTYPE('1HH8xM8Xf8ZeLsxdqBxpTf',$,'Guest - 2 - GF',$,$,(#9367),(#9369,#9377,#9425),$,$,.WINDOW.,.SINGLE_PANEL.,$,$);
#9367=IFCPROPERTYSET('2ZQfcFByf3SAHwNnH3RIxB',$,'BBIM_Window',$,(#9368));
#9368=IFCPROPERTYSINGLEVALUE('Data',$,IFCTEXT('{"window_type": "SINGLE_PANEL", "overall_height": 0.8999999761581421, "overall_width": 0.8016704320907593, "lining_properties": {"lining_depth": 0.05000000074505806, "lining_thickness": 0.05000000074505806, "lining_offset": 0.05000000074505806, "lining_to_panel_offset_x": 0.02500000037252903, "lining_to_panel_offset_y": 0.02500000037252903}, "panel_properties": {"frame_depth": [0.03500000014901161, 0.03500000014901161, 0.03500000014901161], "frame_thickness": [0.03500000014901161, 0.03500000014901161, 0.03500000014901161]}}'),$);
#9369=IFCREPRESENTATIONMAP(#9370,#9514);
#9370=IFCAXIS2PLACEMENT3D(#9371,#9372,#9373);
#9371=IFCCARTESIANPOINT((0.,0.,0.));
#9372=IFCDIRECTION((0.,0.,1.));
#9373=IFCDIRECTION((1.,0.,0.));
#9377=IFCREPRESENTATIONMAP(#9378,#9557);
#9378=IFCAXIS2PLACEMENT3D(#9379,#9380,#9381);
#9379=IFCCARTESIANPOINT((0.,0.,0.));
#9380=IFCDIRECTION((0.,0.,1.));
#9381=IFCDIRECTION((1.,0.,0.));
#9425=IFCREPRESENTATIONMAP(#9426,#9580);
#9426=IFCAXIS2PLACEMENT3D(#9427,#9428,#9429);
#9427=IFCCARTESIANPOINT((0.,0.,0.));
#9428=IFCDIRECTION((0.,0.,1.));
#9429=IFCDIRECTION((1.,0.,0.));
#9447=IFCWINDOW('1459AzU$z0FRxmrQQ86L3U',$,'Window',$,$,#9880,#9456,$,0.89999997615814209,0.80167043209075928,$,.SINGLE_PANEL.,$);
#9448=IFCRELDEFINESBYTYPE('3XiG5TUvr9yPzA8zU5AsR4',$,$,$,(#9447),#9366);
#9449=IFCCARTESIANPOINT((0.,0.,0.));
#9450=IFCDIRECTION((1.,0.,0.));
#9451=IFCDIRECTION((0.,1.,0.));
#9452=IFCDIRECTION((0.,0.,1.));
#9453=IFCCARTESIANTRANSFORMATIONOPERATOR3D(#9450,#9451,#9449,1.,#9452);
#9454=IFCMAPPEDITEM(#9369,#9453);
#9455=IFCSHAPEREPRESENTATION(#18,'Profile','MappedRepresentation',(#9454));
#9456=IFCPRODUCTDEFINITIONSHAPE($,$,(#9455,#9463,#9470));
#9457=IFCCARTESIANPOINT((0.,0.,0.));
#9458=IFCDIRECTION((1.,0.,0.));
#9459=IFCDIRECTION((0.,1.,0.));
#9460=IFCDIRECTION((0.,0.,1.));
#9461=IFCCARTESIANTRANSFORMATIONOPERATOR3D(#9458,#9459,#9457,1.,#9460);
#9462=IFCMAPPEDITEM(#9377,#9461);
#9463=IFCSHAPEREPRESENTATION(#11,'Body','MappedRepresentation',(#9462));
#9464=IFCCARTESIANPOINT((0.,0.,0.));
#9465=IFCDIRECTION((1.,0.,0.));
#9466=IFCDIRECTION((0.,1.,0.));
#9467=IFCDIRECTION((0.,0.,1.));
#9468=IFCCARTESIANTRANSFORMATIONOPERATOR3D(#9465,#9466,#9464,1.,#9467);
#9469=IFCMAPPEDITEM(#9425,#9468);
#9470=IFCSHAPEREPRESENTATION(#24,'Body','MappedRepresentation',(#9469));
#9471=IFCOPENINGELEMENT('1mJ1U3torDXxBFOUkkpihG',$,'Opening',$,$,#9615,#9499,$,.OPENING.);
#9487=IFCCARTESIANPOINT((0.,0.,0.));
#9488=IFCDIRECTION((1.,0.,0.));
#9489=IFCDIRECTION((0.,0.,1.));
#9490=IFCAXIS2PLACEMENT3D(#9487,#9489,#9488);
#9491=IFCREPRESENTATIONMAP(#9490,#9590);
#9492=IFCCARTESIANPOINT((0.,0.,0.));
#9493=IFCDIRECTION((1.,0.,0.));
#9494=IFCDIRECTION((0.,1.,0.));
#9495=IFCDIRECTION((0.,0.,1.));
#9496=IFCCARTESIANTRANSFORMATIONOPERATOR3D(#9493,#9494,#9492,1.,#9495);
#9497=IFCMAPPEDITEM(#9491,#9496);
#9498=IFCSHAPEREPRESENTATION(#11,'Body','MappedRepresentation',(#9497));
#9499=IFCPRODUCTDEFINITIONSHAPE($,$,(#9498));
#9500=IFCRELVOIDSELEMENT('2guUcpZS52hQDwawWHnvA3',$,$,$,#487,#9471);
#9506=IFCRELFILLSELEMENT('2fl8ImCPX9hRDLArNymqNC',$,$,$,#9471,#9447);
#9512=IFCCARTESIANPOINTLIST3D(((0.,0.,0.),(0.80167043209075928,0.,0.),(0.80167043209075928,0.,0.89999997615814209),(0.,0.,0.89999997615814209)));
#9513=IFCINDEXEDPOLYCURVE(#9512,(IFCLINEINDEX((1,2,3,4,1))),$);
#9514=IFCSHAPEREPRESENTATION(#18,'Profile','Curve3D',(#9513));
#9515=IFCCARTESIANPOINTLIST2D(((0.,0.),(0.80167043209075928,0.),(0.80167043209075928,0.89999997615814209),(0.,0.89999997615814209)));
#9516=IFCINDEXEDPOLYCURVE(#9515,(IFCLINEINDEX((1,2,3,4,1))),$);
#9517=IFCCARTESIANPOINTLIST2D(((0.02500000037252903,0.02500000037252903),(0.77667043171823025,0.02500000037252903),(0.77667043171823025,0.87499997578561306),(0.02500000037252903,0.87499997578561306)));
#9518=IFCINDEXEDPOLYCURVE(#9517,(IFCLINEINDEX((1,2,3,4,1))),$);
#9519=IFCARBITRARYPROFILEDEFWITHVOIDS(.AREA.,$,#9516,(#9518));
#9520=IFCCARTESIANPOINT((0.,0.090000001713633537,0.));
#9521=IFCDIRECTION((0.,-1.,0.));
#9522=IFCDIRECTION((1.,0.,0.));
#9523=IFCAXIS2PLACEMENT3D(#9520,#9521,#9522);
#9524=IFCDIRECTION((0.,0.,-1.));
#9525=IFCEXTRUDEDAREASOLID(#9519,#9523,#9524,0.0099999997764825821);
#9526=IFCCARTESIANPOINTLIST2D(((0.,0.),(0.80167043209075928,0.),(0.80167043209075928,0.89999997615814209),(0.,0.89999997615814209)));
#9527=IFCINDEXEDPOLYCURVE(#9526,(IFCLINEINDEX((1,2,3,4,1))),$);
#9528=IFCCARTESIANPOINTLIST2D(((0.05000000074505806,0.05000000074505806),(0.75167043134570122,0.05000000074505806),(0.75167043134570122,0.84999997541308403),(0.05000000074505806,0.84999997541308403)));
#9529=IFCINDEXEDPOLYCURVE(#9528,(IFCLINEINDEX((1,2,3,4,1))),$);
#9530=IFCARBITRARYPROFILEDEFWITHVOIDS(.AREA.,$,#9527,(#9529));
#9531=IFCCARTESIANPOINT((0.,0.05000000074505806,0.));
#9532=IFCDIRECTION((0.,-1.,0.));
#9533=IFCDIRECTION((1.,0.,0.));
#9534=IFCAXIS2PLACEMENT3D(#9531,#9532,#9533);
#9535=IFCDIRECTION((0.,0.,-1.));
#9536=IFCEXTRUDEDAREASOLID(#9530,#9534,#9535,0.040000000968575478);
#9537=IFCCARTESIANPOINTLIST2D(((0.,0.),(0.75167043134570122,0.),(0.75167043134570122,0.84999997541308403),(0.,0.84999997541308403)));
#9538=IFCINDEXEDPOLYCURVE(#9537,(IFCLINEINDEX((1,2,3,4,1))),$);
#9539=IFCCARTESIANPOINTLIST2D(((0.035000000149011612,0.035000000149011612),(0.71667043119668961,0.035000000149011612),(0.71667043119668961,0.81499997526407242),(0.035000000149011612,0.81499997526407242)));
#9540=IFCINDEXEDPOLYCURVE(#9539,(IFCLINEINDEX((1,2,3,4,1))),$);
#9541=IFCARBITRARYPROFILEDEFWITHVOIDS(.AREA.,$,#9538,(#9540));
#9542=IFCCARTESIANPOINT((0.02500000037252903,0.090000001713633537,0.02500000037252903));
#9543=IFCDIRECTION((0.,-1.,0.));
#9544=IFCDIRECTION((1.,0.,0.));
#9545=IFCAXIS2PLACEMENT3D(#9542,#9543,#9544);
#9546=IFCDIRECTION((0.,0.,-1.));
#9547=IFCEXTRUDEDAREASOLID(#9541,#9545,#9546,0.035000000149011612);
#9548=IFCINDEXEDPOLYCURVE(#9549,(IFCLINEINDEX((1,2,3,4,1))),$);
#9549=IFCCARTESIANPOINTLIST2D(((0.035000000149011612,0.035000000149011612),(0.71667043119668961,0.035000000149011612),(0.71667043119668961,0.81499997526407242),(0.035000000149011612,0.81499997526407242)));
#9550=IFCARBITRARYCLOSEDPROFILEDEF(.AREA.,$,#9548);
#9551=IFCCARTESIANPOINT((0.02500000037252903,0.10250000178813934,0.02500000037252903));
#9552=IFCDIRECTION((0.,-1.,0.));
#9553=IFCDIRECTION((1.,0.,0.));
#9554=IFCAXIS2PLACEMENT3D(#9551,#9552,#9553);
#9555=IFCDIRECTION((0.,0.,-1.));
#9556=IFCEXTRUDEDAREASOLID(#9550,#9554,#9555,0.01);
#9557=IFCSHAPEREPRESENTATION(#11,'Body','SweptSolid',(#9525,#9536,#9547,#9556));
#9558=IFCSHAPEREPRESENTATION(#11,'Body','SweptSolid',(#9525,#9536));
#9559=IFCSHAPEASPECT((#9558),'Lining',$,.T.,#9456);
#9560=IFCSHAPEREPRESENTATION(#11,'Body','SweptSolid',(#9547));
#9561=IFCSHAPEASPECT((#9560),'Framing',$,.T.,#9456);
#9562=IFCSHAPEREPRESENTATION(#11,'Body','SweptSolid',(#9556));
#9563=IFCSHAPEASPECT((#9562),'Glazing',$,.T.,#9456);
#9564=IFCCARTESIANPOINTLIST2D(((0.05000000074505806,0.05000000074505806),(0.75167043134570122,0.05000000074505806)));
#9565=IFCINDEXEDPOLYCURVE(#9564,$,$);
#9566=IFCCARTESIANPOINTLIST2D(((0.,0.10000000149011612),(0.02500000037252903,0.10000000149011612),(0.02500000037252903,0.090000001713633537),(0.05000000074505806,0.090000001713633537),(0.05000000074505806,0.05000000074505806),(0.,0.05000000074505806)));
#9567=IFCINDEXEDPOLYCURVE(#9566,(IFCLINEINDEX((1,2,3,4,5,6,1))),$);
#9568=IFCCARTESIANPOINTLIST2D(((0.80167043209075928,0.10000000149011612),(0.77667043171823025,0.10000000149011612),(0.77667043171823025,0.090000001713633537),(0.75167043134570122,0.090000001713633537),(0.75167043134570122,0.05000000074505806),(0.80167043209075928,0.05000000074505806)));
#9569=IFCINDEXEDPOLYCURVE(#9568,(IFCLINEINDEX((1,2,3,4,5,6,1))),$);
#9570=IFCCARTESIANPOINTLIST2D(((0.02500000037252903,0.090000001713633537),(0.060000000521540642,0.090000001713633537),(0.060000000521540642,0.12500000186264515),(0.02500000037252903,0.12500000186264515)));
#9571=IFCINDEXEDPOLYCURVE(#9570,(IFCLINEINDEX((1,2,3,4,1))),$);
#9572=IFCINDEXEDPOLYCURVE(#9573,(IFCLINEINDEX((1,2,3,4,1))),$);
#9573=IFCCARTESIANPOINTLIST2D(((0.77667043171823025,0.090000001713633537),(0.74167043156921864,0.090000001713633537),(0.74167043156921864,0.12500000186264515),(0.77667043171823025,0.12500000186264515)));
#9574=IFCCARTESIANPOINTLIST2D(((0.060000000521540642,0.090000001713633537),(0.74167043156921864,0.090000001713633537)));
#9575=IFCINDEXEDPOLYCURVE(#9574,$,$);
#9576=IFCINDEXEDPOLYCURVE(#9577,$,$);
#9577=IFCCARTESIANPOINTLIST2D(((0.060000000521540642,0.12500000186264515),(0.74167043156921864,0.12500000186264515)));
#9578=IFCINDEXEDPOLYCURVE(#9579,$,$);
#9579=IFCCARTESIANPOINTLIST2D(((0.060000000521540642,0.10750000178813934),(0.74167043156921864,0.10750000178813934)));
#9580=IFCSHAPEREPRESENTATION(#24,'Body','Curve2D',(#9565,#9567,#9569,#9571,#9572,#9575,#9576,#9578));
#9581=IFCCARTESIANPOINTLIST2D(((0.,0.),(0.80167043209075928,0.),(0.80167043209075928,0.89999997615814209),(0.,0.89999997615814209)));
#9582=IFCINDEXEDPOLYCURVE(#9581,(IFCLINEINDEX((1,2,3,4,1))),$);
#9583=IFCARBITRARYCLOSEDPROFILEDEF(.AREA.,$,#9582);
#9584=IFCCARTESIANPOINT((0.,-0.60000002384185791,0.));
#9585=IFCDIRECTION((0.,-1.,0.));
#9586=IFCDIRECTION((1.,0.,0.));
#9587=IFCAXIS2PLACEMENT3D(#9584,#9585,#9586);
#9588=IFCDIRECTION((0.,0.,-1.));
#9589=IFCEXTRUDEDAREASOLID(#9583,#9587,#9588,1.2);
#9590=IFCSHAPEREPRESENTATION(#11,'Body','SweptSolid',(#9589));
#9611=IFCCARTESIANPOINT((3.0242499785330601,7.2534985795513762E-07,1.));
#9612=IFCDIRECTION((0.,0.,1.));
#9613=IFCDIRECTION((0.99999999999999289,1.1920928244535129E-07,0.));
#9614=IFCAXIS2PLACEMENT3D(#9611,#9612,#9613);
#9615=IFCLOCALPLACEMENT(#762,#9614);
#9621=IFCWINDOWTYPE('1VzxEkjOv1hhcQZiVKCr8o',$,'Maid - GF',$,$,(#9622),(#9624,#9632,#9680),$,$,.WINDOW.,.SINGLE_PANEL.,$,$);
#9622=IFCPROPERTYSET('3CGfutMC99FhsYil1G7VH5',$,'BBIM_Window',$,(#9623));
#9623=IFCPROPERTYSINGLEVALUE('Data',$,IFCTEXT('{"window_type": "SINGLE_PANEL", "overall_height": 0.8999999761581421, "overall_width": 0.8016704320907593, "lining_properties": {"lining_depth": 0.05000000074505806, "lining_thickness": 0.05000000074505806, "lining_offset": 0.05000000074505806, "lining_to_panel_offset_x": 0.02500000037252903, "lining_to_panel_offset_y": 0.02500000037252903}, "panel_properties": {"frame_depth": [0.03500000014901161, 0.03500000014901161, 0.03500000014901161], "frame_thickness": [0.03500000014901161, 0.03500000014901161, 0.03500000014901161]}}'),$);
#9624=IFCREPRESENTATIONMAP(#9625,#9769);
#9625=IFCAXIS2PLACEMENT3D(#9626,#9627,#9628);
#9626=IFCCARTESIANPOINT((0.,0.,0.));
#9627=IFCDIRECTION((0.,0.,1.));
#9628=IFCDIRECTION((1.,0.,0.));
#9632=IFCREPRESENTATIONMAP(#9633,#9812);
#9633=IFCAXIS2PLACEMENT3D(#9634,#9635,#9636);
#9634=IFCCARTESIANPOINT((0.,0.,0.));
#9635=IFCDIRECTION((0.,0.,1.));
#9636=IFCDIRECTION((1.,0.,0.));
#9680=IFCREPRESENTATIONMAP(#9681,#9835);
#9681=IFCAXIS2PLACEMENT3D(#9682,#9683,#9684);
#9682=IFCCARTESIANPOINT((0.,0.,0.));
#9683=IFCDIRECTION((0.,0.,1.));
#9684=IFCDIRECTION((1.,0.,0.));
#9702=IFCWINDOW('0wxITqxUv9UxXmx6zObodT',$,'Window',$,$,#9885,#9711,$,0.89999997615814209,0.80167043209075928,$,.SINGLE_PANEL.,$);
#9703=IFCRELDEFINESBYTYPE('3wr6$yr7H2SxWzmTQqgE0N',$,$,$,(#9702),#9621);
#9704=IFCCARTESIANPOINT((0.,0.,0.));
#9705=IFCDIRECTION((1.,0.,0.));
#9706=IFCDIRECTION((0.,1.,0.));
#9707=IFCDIRECTION((0.,0.,1.));
#9708=IFCCARTESIANTRANSFORMATIONOPERATOR3D(#9705,#9706,#9704,1.,#9707);
#9709=IFCMAPPEDITEM(#9624,#9708);
#9710=IFCSHAPEREPRESENTATION(#18,'Profile','MappedRepresentation',(#9709));
#9711=IFCPRODUCTDEFINITIONSHAPE($,$,(#9710,#9718,#9725));
#9712=IFCCARTESIANPOINT((0.,0.,0.));
#9713=IFCDIRECTION((1.,0.,0.));
#9714=IFCDIRECTION((0.,1.,0.));
#9715=IFCDIRECTION((0.,0.,1.));
#9716=IFCCARTESIANTRANSFORMATIONOPERATOR3D(#9713,#9714,#9712,1.,#9715);
#9717=IFCMAPPEDITEM(#9632,#9716);
#9718=IFCSHAPEREPRESENTATION(#11,'Body','MappedRepresentation',(#9717));
#9719=IFCCARTESIANPOINT((0.,0.,0.));
#9720=IFCDIRECTION((1.,0.,0.));
#9721=IFCDIRECTION((0.,1.,0.));
#9722=IFCDIRECTION((0.,0.,1.));
#9723=IFCCARTESIANTRANSFORMATIONOPERATOR3D(#9720,#9721,#9719,1.,#9722);
#9724=IFCMAPPEDITEM(#9680,#9723);
#9725=IFCSHAPEREPRESENTATION(#24,'Body','MappedRepresentation',(#9724));
#9726=IFCOPENINGELEMENT('1XqnNea6z1uARDiAxw2xw7',$,'Opening',$,$,#9870,#9754,$,.OPENING.);
#9742=IFCCARTESIANPOINT((0.,0.,0.));
#9743=IFCDIRECTION((1.,0.,0.));
#9744=IFCDIRECTION((0.,0.,1.));
#9745=IFCAXIS2PLACEMENT3D(#9742,#9744,#9743);
#9746=IFCREPRESENTATIONMAP(#9745,#9845);
#9747=IFCCARTESIANPOINT((0.,0.,0.));
#9748=IFCDIRECTION((1.,0.,0.));
#9749=IFCDIRECTION((0.,1.,0.));
#9750=IFCDIRECTION((0.,0.,1.));
#9751=IFCCARTESIANTRANSFORMATIONOPERATOR3D(#9748,#9749,#9747,1.,#9750);
#9752=IFCMAPPEDITEM(#9746,#9751);
#9753=IFCSHAPEREPRESENTATION(#11,'Body','MappedRepresentation',(#9752));
#9754=IFCPRODUCTDEFINITIONSHAPE($,$,(#9753));
#9755=IFCRELVOIDSELEMENT('1kXZmzMmHCRxcl6dAfyoZ9',$,$,$,#462,#9726);
#9761=IFCRELFILLSELEMENT('3$pGR9KT97dOJFJilDJADW',$,$,$,#9726,#9702);
#9767=IFCCARTESIANPOINTLIST3D(((0.,0.,0.),(0.80167043209075928,0.,0.),(0.80167043209075928,0.,0.89999997615814209),(0.,0.,0.89999997615814209)));
#9768=IFCINDEXEDPOLYCURVE(#9767,(IFCLINEINDEX((1,2,3,4,1))),$);
#9769=IFCSHAPEREPRESENTATION(#18,'Profile','Curve3D',(#9768));
#9770=IFCCARTESIANPOINTLIST2D(((0.,0.),(0.80167043209075928,0.),(0.80167043209075928,0.89999997615814209),(0.,0.89999997615814209)));
#9771=IFCINDEXEDPOLYCURVE(#9770,(IFCLINEINDEX((1,2,3,4,1))),$);
#9772=IFCCARTESIANPOINTLIST2D(((0.02500000037252903,0.02500000037252903),(0.77667043171823025,0.02500000037252903),(0.77667043171823025,0.87499997578561306),(0.02500000037252903,0.87499997578561306)));
#9773=IFCINDEXEDPOLYCURVE(#9772,(IFCLINEINDEX((1,2,3,4,1))),$);
#9774=IFCARBITRARYPROFILEDEFWITHVOIDS(.AREA.,$,#9771,(#9773));
#9775=IFCCARTESIANPOINT((0.,0.090000001713633537,0.));
#9776=IFCDIRECTION((0.,-1.,0.));
#9777=IFCDIRECTION((1.,0.,0.));
#9778=IFCAXIS2PLACEMENT3D(#9775,#9776,#9777);
#9779=IFCDIRECTION((0.,0.,-1.));
#9780=IFCEXTRUDEDAREASOLID(#9774,#9778,#9779,0.0099999997764825821);
#9781=IFCCARTESIANPOINTLIST2D(((0.,0.),(0.80167043209075928,0.),(0.80167043209075928,0.89999997615814209),(0.,0.89999997615814209)));
#9782=IFCINDEXEDPOLYCURVE(#9781,(IFCLINEINDEX((1,2,3,4,1))),$);
#9783=IFCCARTESIANPOINTLIST2D(((0.05000000074505806,0.05000000074505806),(0.75167043134570122,0.05000000074505806),(0.75167043134570122,0.84999997541308403),(0.05000000074505806,0.84999997541308403)));
#9784=IFCINDEXEDPOLYCURVE(#9783,(IFCLINEINDEX((1,2,3,4,1))),$);
#9785=IFCARBITRARYPROFILEDEFWITHVOIDS(.AREA.,$,#9782,(#9784));
#9786=IFCCARTESIANPOINT((0.,0.05000000074505806,0.));
#9787=IFCDIRECTION((0.,-1.,0.));
#9788=IFCDIRECTION((1.,0.,0.));
#9789=IFCAXIS2PLACEMENT3D(#9786,#9787,#9788);
#9790=IFCDIRECTION((0.,0.,-1.));
#9791=IFCEXTRUDEDAREASOLID(#9785,#9789,#9790,0.040000000968575478);
#9792=IFCCARTESIANPOINTLIST2D(((0.,0.),(0.75167043134570122,0.),(0.75167043134570122,0.84999997541308403),(0.,0.84999997541308403)));
#9793=IFCINDEXEDPOLYCURVE(#9792,(IFCLINEINDEX((1,2,3,4,1))),$);
#9794=IFCCARTESIANPOINTLIST2D(((0.035000000149011612,0.035000000149011612),(0.71667043119668961,0.035000000149011612),(0.71667043119668961,0.81499997526407242),(0.035000000149011612,0.81499997526407242)));
#9795=IFCINDEXEDPOLYCURVE(#9794,(IFCLINEINDEX((1,2,3,4,1))),$);
#9796=IFCARBITRARYPROFILEDEFWITHVOIDS(.AREA.,$,#9793,(#9795));
#9797=IFCCARTESIANPOINT((0.02500000037252903,0.090000001713633537,0.02500000037252903));
#9798=IFCDIRECTION((0.,-1.,0.));
#9799=IFCDIRECTION((1.,0.,0.));
#9800=IFCAXIS2PLACEMENT3D(#9797,#9798,#9799);
#9801=IFCDIRECTION((0.,0.,-1.));
#9802=IFCEXTRUDEDAREASOLID(#9796,#9800,#9801,0.035000000149011612);
#9803=IFCINDEXEDPOLYCURVE(#9804,(IFCLINEINDEX((1,2,3,4,1))),$);
#9804=IFCCARTESIANPOINTLIST2D(((0.035000000149011612,0.035000000149011612),(0.71667043119668961,0.035000000149011612),(0.71667043119668961,0.81499997526407242),(0.035000000149011612,0.81499997526407242)));
#9805=IFCARBITRARYCLOSEDPROFILEDEF(.AREA.,$,#9803);
#9806=IFCCARTESIANPOINT((0.02500000037252903,0.10250000178813934,0.02500000037252903));
#9807=IFCDIRECTION((0.,-1.,0.));
#9808=IFCDIRECTION((1.,0.,0.));
#9809=IFCAXIS2PLACEMENT3D(#9806,#9807,#9808);
#9810=IFCDIRECTION((0.,0.,-1.));
#9811=IFCEXTRUDEDAREASOLID(#9805,#9809,#9810,0.01);
#9812=IFCSHAPEREPRESENTATION(#11,'Body','SweptSolid',(#9780,#9791,#9802,#9811));
#9813=IFCSHAPEREPRESENTATION(#11,'Body','SweptSolid',(#9780,#9791));
#9814=IFCSHAPEASPECT((#9813),'Lining',$,.T.,#9711);
#9815=IFCSHAPEREPRESENTATION(#11,'Body','SweptSolid',(#9802));
#9816=IFCSHAPEASPECT((#9815),'Framing',$,.T.,#9711);
#9817=IFCSHAPEREPRESENTATION(#11,'Body','SweptSolid',(#9811));
#9818=IFCSHAPEASPECT((#9817),'Glazing',$,.T.,#9711);
#9819=IFCCARTESIANPOINTLIST2D(((0.05000000074505806,0.05000000074505806),(0.75167043134570122,0.05000000074505806)));
#9820=IFCINDEXEDPOLYCURVE(#9819,$,$);
#9821=IFCCARTESIANPOINTLIST2D(((0.,0.10000000149011612),(0.02500000037252903,0.10000000149011612),(0.02500000037252903,0.090000001713633537),(0.05000000074505806,0.090000001713633537),(0.05000000074505806,0.05000000074505806),(0.,0.05000000074505806)));
#9822=IFCINDEXEDPOLYCURVE(#9821,(IFCLINEINDEX((1,2,3,4,5,6,1))),$);
#9823=IFCCARTESIANPOINTLIST2D(((0.80167043209075928,0.10000000149011612),(0.77667043171823025,0.10000000149011612),(0.77667043171823025,0.090000001713633537),(0.75167043134570122,0.090000001713633537),(0.75167043134570122,0.05000000074505806),(0.80167043209075928,0.05000000074505806)));
#9824=IFCINDEXEDPOLYCURVE(#9823,(IFCLINEINDEX((1,2,3,4,5,6,1))),$);
#9825=IFCCARTESIANPOINTLIST2D(((0.02500000037252903,0.090000001713633537),(0.060000000521540642,0.090000001713633537),(0.060000000521540642,0.12500000186264515),(0.02500000037252903,0.12500000186264515)));
#9826=IFCINDEXEDPOLYCURVE(#9825,(IFCLINEINDEX((1,2,3,4,1))),$);
#9827=IFCINDEXEDPOLYCURVE(#9828,(IFCLINEINDEX((1,2,3,4,1))),$);
#9828=IFCCARTESIANPOINTLIST2D(((0.77667043171823025,0.090000001713633537),(0.74167043156921864,0.090000001713633537),(0.74167043156921864,0.12500000186264515),(0.77667043171823025,0.12500000186264515)));
#9829=IFCCARTESIANPOINTLIST2D(((0.060000000521540642,0.090000001713633537),(0.74167043156921864,0.090000001713633537)));
#9830=IFCINDEXEDPOLYCURVE(#9829,$,$);
#9831=IFCINDEXEDPOLYCURVE(#9832,$,$);
#9832=IFCCARTESIANPOINTLIST2D(((0.060000000521540642,0.12500000186264515),(0.74167043156921864,0.12500000186264515)));
#9833=IFCINDEXEDPOLYCURVE(#9834,$,$);
#9834=IFCCARTESIANPOINTLIST2D(((0.060000000521540642,0.10750000178813934),(0.74167043156921864,0.10750000178813934)));
#9835=IFCSHAPEREPRESENTATION(#24,'Body','Curve2D',(#9820,#9822,#9824,#9826,#9827,#9830,#9831,#9833));
#9836=IFCCARTESIANPOINTLIST2D(((0.,0.),(0.80167043209075928,0.),(0.80167043209075928,0.89999997615814209),(0.,0.89999997615814209)));
#9837=IFCINDEXEDPOLYCURVE(#9836,(IFCLINEINDEX((1,2,3,4,1))),$);
#9838=IFCARBITRARYCLOSEDPROFILEDEF(.AREA.,$,#9837);
#9839=IFCCARTESIANPOINT((0.,-0.60000002384185791,0.));
#9840=IFCDIRECTION((0.,-1.,0.));
#9841=IFCDIRECTION((1.,0.,0.));
#9842=IFCAXIS2PLACEMENT3D(#9839,#9840,#9841);
#9843=IFCDIRECTION((0.,0.,-1.));
#9844=IFCEXTRUDEDAREASOLID(#9838,#9842,#9843,1.2);
#9845=IFCSHAPEREPRESENTATION(#11,'Body','SweptSolid',(#9844));
#9866=IFCCARTESIANPOINT((0.76630473136914612,-1.7842708643911465E-07,1.));
#9867=IFCDIRECTION((0.,0.,1.));
#9868=IFCDIRECTION((0.99999999999997158,-2.3841857910149749E-07,0.));
#9869=IFCAXIS2PLACEMENT3D(#9866,#9867,#9868);
#9870=IFCLOCALPLACEMENT(#473,#9869);
#9876=IFCCARTESIANPOINT((0.,0.,0.));
#9877=IFCDIRECTION((0.,0.,1.));
#9878=IFCDIRECTION((1.,0.,0.));
#9879=IFCAXIS2PLACEMENT3D(#9876,#9877,#9878);
#9880=IFCLOCALPLACEMENT(#9615,#9879);
#9881=IFCCARTESIANPOINT((-5.4210108624275222E-20,8.8817841970012523E-16,0.));
#9882=IFCDIRECTION((0.,0.,1.));
#9883=IFCDIRECTION((1.,0.,0.));
#9884=IFCAXIS2PLACEMENT3D(#9881,#9882,#9883);
#9885=IFCLOCALPLACEMENT(#9870,#9884);
#9886=IFCCARTESIANPOINT((0.,0.,3.));
#9887=IFCDIRECTION((0.,0.,1.));
#9888=IFCDIRECTION((1.,0.,0.));
#9889=IFCAXIS2PLACEMENT3D(#9886,#9887,#9888);
#9890=IFCLOCALPLACEMENT(#56,#9889);
#9938=IFCROOFTYPE('1o_ooXVhXFhRfcVY3js1n9',$,'Roof',$,$,(#9939),(#9968,#9996),$,$,.HIP_ROOF.);
#9939=IFCPROPERTYSET('2_w4egNnj9lhhkH_w6bnVV',$,'BBIM_Roof',$,(#9940));
#9940=IFCPROPERTYSINGLEVALUE('Data',$,IFCTEXT('{"roof_type": "HIP/GABLE ROOF", "generation_method": "ANGLE", "roof_thickness": 0.10000000149011612, "rafter_edge_angle": 1.5707963705062866, "angle": 0.1745329201221466, "percentage": 17.63269805908203, "path_data": {"edges": [[0, 1], [1, 2], [2, 3], [3, 0]], "verts": [[-5.0, -5.0, 0.0], [-5.0, 5.0, 0.0], [5.0, 5.0, 0.0], [5.0, -5.0, 0.0]]}}'),$);
#9964=IFCCARTESIANPOINT((0.,0.,0.));
#9965=IFCDIRECTION((1.,0.,0.));
#9966=IFCDIRECTION((0.,0.,1.));
#9967=IFCAXIS2PLACEMENT3D(#9964,#9966,#9965);
#9968=IFCREPRESENTATIONMAP(#9967,#9987);
#9969=IFCINDEXEDPOLYGONALFACE((3,1,2));
#9970=IFCINDEXEDPOLYGONALFACE((2,4,3));
#9971=IFCINDEXEDPOLYGONALFACE((1,3,5));
#9972=IFCINDEXEDPOLYGONALFACE((4,5,3));
#9973=IFCINDEXEDPOLYGONALFACE((6,7,8));
#9974=IFCINDEXEDPOLYGONALFACE((8,2,1));
#9975=IFCINDEXEDPOLYGONALFACE((8,1,6));
#9976=IFCINDEXEDPOLYGONALFACE((8,7,9));
#9977=IFCINDEXEDPOLYGONALFACE((2,8,9));
#9978=IFCINDEXEDPOLYGONALFACE((2,9,4));
#9979=IFCINDEXEDPOLYGONALFACE((10,7,6));
#9980=IFCINDEXEDPOLYGONALFACE((6,1,5));
#9981=IFCINDEXEDPOLYGONALFACE((6,5,10));
#9982=IFCINDEXEDPOLYGONALFACE((9,7,10));
#9983=IFCINDEXEDPOLYGONALFACE((4,9,10));
#9984=IFCINDEXEDPOLYGONALFACE((4,10,5));
#9985=IFCCARTESIANPOINTLIST3D(((-5.,-5.,0.),(5.,-5.,0.),(0.,0.,0.88163489103317261),(5.,5.,0.),(-5.,5.,0.),(-5.,-5.,-0.10154265910387039),(0.,0.,0.78009223937988281),(5.,-5.,-0.10154265910387039),(5.,5.,-0.10154265910387039),(-5.,5.,-0.10154265910387039)));
#9986=IFCPOLYGONALFACESET(#9985,.T.,(#9969,#9970,#9971,#9972,#9973,#9974,#9975,#9976,#9977,#9978,#9979,#9980,#9981,#9982,#9983,#9984),$);
#9987=IFCSHAPEREPRESENTATION(#11,'Body','Tessellation',(#9986));
#9989=IFCCARTESIANPOINT((-5.,-5.,-0.10154265910387039));
#9990=IFCBOUNDINGBOX(#9989,10.,10.,0.9831775426864624);
#9991=IFCSHAPEREPRESENTATION(#13,'Box','BoundingBox',(#9990));
#9992=IFCCARTESIANPOINT((0.,0.,0.));
#9993=IFCDIRECTION((1.,0.,0.));
#9994=IFCDIRECTION((0.,0.,1.));
#9995=IFCAXIS2PLACEMENT3D(#9992,#9994,#9993);
#9996=IFCREPRESENTATIONMAP(#9995,#9991);
#10020=IFCRELDEFINESBYTYPE('2kvE$qK4PEaBHSC0vR2n$O',$,$,$,(#17775),#9938);
#10046=IFCWALL('1tP$N_gc19U8uDdSpVWQtg',$,'Wall',$,$,#10695,#10052,$,$);
#10047=IFCMATERIALLAYERSETUSAGE(#82,.AXIS2.,.POSITIVE.,0.,$);
#10048=IFCRELASSOCIATESMATERIAL('2Nn4LgjSPCMhu6ehnMXwTk',$,$,$,(#10046),#10047);
#10052=IFCPRODUCTDEFINITIONSHAPE($,$,(#17902,#17899));
#10068=IFCPROPERTYSET('0CkTpB4qvAZBkZLk55n$ov',$,'EPset_Parametric',$,(#10070));
#10069=IFCRELDEFINESBYPROPERTIES('1LxR$lwqn2qACNyNoDkgKw',$,$,$,(#10046),#10068);
#10070=IFCPROPERTYSINGLEVALUE('Engine',$,IFCLABEL('Bonsai.DumbLayer2'),$);
#10096=IFCWALL('38eh4KIpH1C8yuAscdS_Rt',$,'Wall',$,$,#17934,#10102,$,$);
#10097=IFCMATERIALLAYERSETUSAGE(#82,.AXIS2.,.POSITIVE.,0.,$);
#10098=IFCRELASSOCIATESMATERIAL('3OtkiEXn14HujKXX3XZvTl',$,$,$,(#10096),#10097);
#10102=IFCPRODUCTDEFINITIONSHAPE($,$,(#18041,#18038));
#10118=IFCPROPERTYSET('39kc548cz4s9wjlbHtFdWA',$,'EPset_Parametric',$,(#10120));
#10119=IFCRELDEFINESBYPROPERTIES('0Bw2fqGdDCJgbemp68HuUr',$,$,$,(#10096),#10118);
#10120=IFCPROPERTYSINGLEVALUE('Engine',$,IFCLABEL('Bonsai.DumbLayer2'),$);
#10121=IFCWALL('0rcxf4CIj86BZZauwf344x',$,'Wall',$,$,#10313,#10127,$,$);
#10122=IFCMATERIALLAYERSETUSAGE(#82,.AXIS2.,.POSITIVE.,0.,$);
#10123=IFCRELASSOCIATESMATERIAL('1Pqj0UW6L6fPZKsalnSX2X',$,$,$,(#10121),#10122);
#10127=IFCPRODUCTDEFINITIONSHAPE($,$,(#11313,#11310));
#10143=IFCPROPERTYSET('2lsh3aNsTEm8t$24jTufby',$,'EPset_Parametric',$,(#10145));
#10144=IFCRELDEFINESBYPROPERTIES('39ZoSv5hLBnRCM7crSd_J8',$,$,$,(#10121),#10143);
#10145=IFCPROPERTYSINGLEVALUE('Engine',$,IFCLABEL('Bonsai.DumbLayer2'),$);
#10146=IFCWALL('0qQ9dQKzz8JgQRJPl5eFFU',$,'Wall',$,$,#10345,#10152,$,$);
#10147=IFCMATERIALLAYERSETUSAGE(#82,.AXIS2.,.POSITIVE.,0.,$);
#10148=IFCRELASSOCIATESMATERIAL('3B8gLxayX5tv36b1E4qHu0',$,$,$,(#10146),#10147);
#10152=IFCPRODUCTDEFINITIONSHAPE($,$,(#18068,#18065));
#10168=IFCPROPERTYSET('198pCvFkj4WBVSbCpE5D7e',$,'EPset_Parametric',$,(#10170));
#10169=IFCRELDEFINESBYPROPERTIES('1VS2ew1FX8rwqQ5n0xJxrt',$,$,$,(#10146),#10168);
#10170=IFCPROPERTYSINGLEVALUE('Engine',$,IFCLABEL('Bonsai.DumbLayer2'),$);
#10295=IFCRELCONNECTSPATHELEMENTS('3aBG2srDb8J9DXeqyis3jI',$,$,$,$,#10121,#10096,(),(),.ATEND.,.ATSTART.);
#10309=IFCCARTESIANPOINT((-3.3233933448792174,5.5598959247178934,0.));
#10310=IFCDIRECTION((0.,0.,1.));
#10311=IFCDIRECTION((7.5497901264043123E-08,-0.99999999999999722,0.));
#10312=IFCAXIS2PLACEMENT3D(#10309,#10310,#10311);
#10313=IFCLOCALPLACEMENT(#9890,#10312);
#10327=IFCRELCONNECTSPATHELEMENTS('3BAWfj9HT6vRXv6$ecnQE3',$,$,$,$,#10146,#10121,(),(),.ATEND.,.ATSTART.);
#10341=IFCCARTESIANPOINT((-3.3233928050691488,-1.5901050567429971,0.));
#10342=IFCDIRECTION((0.,0.,1.));
#10343=IFCDIRECTION((0.99999995107645878,0.00031280517912235468,0.));
#10344=IFCAXIS2PLACEMENT3D(#10341,#10342,#10343);
#10345=IFCLOCALPLACEMENT(#9890,#10344);
#10359=IFCWALL('1k3wJiUsH7XQAFhz1YpMDi',$,'Wall',$,$,#10767,#10365,$,$);
#10360=IFCMATERIALLAYERSETUSAGE(#82,.AXIS2.,.POSITIVE.,0.,$);
#10361=IFCRELASSOCIATESMATERIAL('1BNNmrcDzF1QsEPLqu70XM',$,$,$,(#10359),#10360);
#10365=IFCPRODUCTDEFINITIONSHAPE($,$,(#10762,#10759));
#10381=IFCPROPERTYSET('2GlMKFFpX2Chrn6zCCtAPc',$,'EPset_Parametric',$,(#10383));
#10382=IFCRELDEFINESBYPROPERTIES('2_E6Oo0aLE3PROV6vDe63q',$,$,$,(#10359),#10381);
#10383=IFCPROPERTYSINGLEVALUE('Engine',$,IFCLABEL('Bonsai.DumbLayer2'),$);
#10384=IFCWALL('3ZWgYIROH87BRE3rhKWOll',$,'Wall',$,$,#10567,#10390,$,$);
#10385=IFCMATERIALLAYERSETUSAGE(#82,.AXIS2.,.POSITIVE.,0.,$);
#10386=IFCRELASSOCIATESMATERIAL('2PBxAMTA136fNud6IKKtvt',$,$,$,(#10384),#10385);
#10390=IFCPRODUCTDEFINITIONSHAPE($,$,(#10612,#10609));
#10406=IFCPROPERTYSET('0Tm5w2STrA$gAqEJSNdX81',$,'EPset_Parametric',$,(#10408));
#10407=IFCRELDEFINESBYPROPERTIES('0M$ADrXoXFoORKLEFehz5Q',$,$,$,(#10384),#10406);
#10408=IFCPROPERTYSINGLEVALUE('Engine',$,IFCLABEL('Bonsai.DumbLayer2'),$);
#10409=IFCWALL('38ypEBHA5439H3gwtvBSRH',$,'Wall',$,$,#10599,#10415,$,$);
#10410=IFCMATERIALLAYERSETUSAGE(#82,.AXIS2.,.POSITIVE.,0.,$);
#10411=IFCRELASSOCIATESMATERIAL('3NC9xBX9TFR8fB_Ap645Gc',$,$,$,(#10409),#10410);
#10415=IFCPRODUCTDEFINITIONSHAPE($,$,(#10644,#10641));
#10431=IFCPROPERTYSET('2o3VCikATENO3zk$Gs1e$d',$,'EPset_Parametric',$,(#10433));
#10432=IFCRELDEFINESBYPROPERTIES('0s$C3bK$LAeec1sZYn64Ed',$,$,$,(#10409),#10431);
#10433=IFCPROPERTYSINGLEVALUE('Engine',$,IFCLABEL('Bonsai.DumbLayer2'),$);
#10434=IFCWALL('0fp4$0M0n0uAQSgfYgDR0p',$,'Wall',$,$,#10631,#10440,$,$);
#10435=IFCMATERIALLAYERSETUSAGE(#82,.AXIS2.,.POSITIVE.,0.,$);
#10436=IFCRELASSOCIATESMATERIAL('21JKx_yND5YAIt6yYKGC1W',$,$,$,(#10434),#10435);
#10440=IFCPRODUCTDEFINITIONSHAPE($,$,(#10676,#10673));
#10456=IFCPROPERTYSET('0nf3R6DXb1WRg4Vodg1cVk',$,'EPset_Parametric',$,(#10458));
#10457=IFCRELDEFINESBYPROPERTIES('3NVyb8f2rEU9E3IgrcH5Dg',$,$,$,(#10434),#10456);
#10458=IFCPROPERTYSINGLEVALUE('Engine',$,IFCLABEL('Bonsai.DumbLayer2'),$);
#10459=IFCWALL('1MSE_EhVPEOPMAVbiH5jSB',$,'Wall',$,$,#10663,#10465,$,$);
#10460=IFCMATERIALLAYERSETUSAGE(#82,.AXIS2.,.POSITIVE.,0.,$);
#10461=IFCRELASSOCIATESMATERIAL('01unRrKWf2fQau9b9G9Fhe',$,$,$,(#10459),#10460);
#10465=IFCPRODUCTDEFINITIONSHAPE($,$,(#11167,#11164));
#10481=IFCPROPERTYSET('3zwg155A9BvBm18EMSQvH_',$,'EPset_Parametric',$,(#10483));
#10482=IFCRELDEFINESBYPROPERTIES('2FK2sCXLT0i9uAH$8eljgG',$,$,$,(#10459),#10481);
#10483=IFCPROPERTYSINGLEVALUE('Engine',$,IFCLABEL('Bonsai.DumbLayer2'),$);
#10549=IFCRELCONNECTSPATHELEMENTS('2MkgNtu4j8WB7VckZ3_IWx',$,$,$,$,#10384,#10359,(),(),.ATEND.,.ATSTART.);
#10563=IFCCARTESIANPOINT((0.261286879646485,-2.2007405757904137,0.));
#10564=IFCDIRECTION((0.,0.,1.));
#10565=IFCDIRECTION((0.99999999999997158,2.3841857910155572E-07,0.));
#10566=IFCAXIS2PLACEMENT3D(#10563,#10564,#10565);
#10567=IFCLOCALPLACEMENT(#9890,#10566);
#10581=IFCRELCONNECTSPATHELEMENTS('1JClP2WJv9k9VImGBa9cqr',$,$,$,$,#10409,#10384,(),(),.ATEND.,.ATSTART.);
#10595=IFCCARTESIANPOINT((1.8310546874999833,-2.2007402015286042,0.));
#10596=IFCDIRECTION((0.,0.,1.));
#10597=IFCDIRECTION((-1.6292068494294439E-07,-0.99999999999998679,0.));
#10598=IFCAXIS2PLACEMENT3D(#10595,#10596,#10597);
#10599=IFCLOCALPLACEMENT(#9890,#10598);
#10600=IFCCARTESIANPOINTLIST2D(((0.,0.),(0.10003305464967403,0.10000000000000001),(1.6697678479874776,0.10000000000000001),(1.5697678078535431,0.)));
#10601=IFCINDEXEDPOLYCURVE(#10600,(IFCLINEINDEX((1,2,3,4,1))),$);
#10602=IFCARBITRARYCLOSEDPROFILEDEF(.AREA.,$,#10601);
#10603=IFCCARTESIANPOINT((0.,0.,0.));
#10604=IFCDIRECTION((0.,0.,1.));
#10605=IFCDIRECTION((1.,0.,0.));
#10606=IFCAXIS2PLACEMENT3D(#10603,#10604,#10605);
#10607=IFCDIRECTION((0.,0.,1.));
#10608=IFCEXTRUDEDAREASOLID(#10602,#10606,#10607,3.);
#10609=IFCSHAPEREPRESENTATION(#11,'Body','SweptSolid',(#10608));
#10610=IFCCARTESIANPOINTLIST2D(((0.,0.),(1.5697678078535431,0.)));
#10611=IFCINDEXEDPOLYCURVE(#10610,$,$);
#10612=IFCSHAPEREPRESENTATION(#23,'Axis','Curve2D',(#10611));
#10613=IFCRELCONNECTSPATHELEMENTS('2WFXQxV9XD_PE4mt4mQWql',$,$,$,$,#10434,#10409,(),(),.ATEND.,.ATSTART.);
#10627=IFCCARTESIANPOINT((1.8310545392421629,-3.1107401847839355,0.));
#10628=IFCDIRECTION((0.,0.,1.));
#10629=IFCDIRECTION((1.,0.,0.));
#10630=IFCAXIS2PLACEMENT3D(#10627,#10628,#10629);
#10631=IFCLOCALPLACEMENT(#9890,#10630);
#10632=IFCCARTESIANPOINTLIST2D(((0.,0.),(-0.10000004013393446,0.10000000000000001),(0.80999996696327414,0.10000000000000001),(0.90999998325534392,0.)));
#10633=IFCINDEXEDPOLYCURVE(#10632,(IFCLINEINDEX((1,2,3,4,1))),$);
#10634=IFCARBITRARYCLOSEDPROFILEDEF(.AREA.,$,#10633);
#10635=IFCCARTESIANPOINT((0.,0.,0.));
#10636=IFCDIRECTION((0.,0.,1.));
#10637=IFCDIRECTION((1.,0.,0.));
#10638=IFCAXIS2PLACEMENT3D(#10635,#10636,#10637);
#10639=IFCDIRECTION((0.,0.,1.));
#10640=IFCEXTRUDEDAREASOLID(#10634,#10638,#10639,3.);
#10641=IFCSHAPEREPRESENTATION(#11,'Body','SweptSolid',(#10640));
#10642=IFCCARTESIANPOINTLIST2D(((0.,0.),(0.90999998325534392,0.)));
#10643=IFCINDEXEDPOLYCURVE(#10642,$,$);
#10644=IFCSHAPEREPRESENTATION(#23,'Axis','Curve2D',(#10643));
#10645=IFCRELCONNECTSPATHELEMENTS('06Y5m1dMD8lQgCQUxMXdlz',$,$,$,$,#10459,#10434,(),(),.ATEND.,.ATSTART.);
#10659=IFCCARTESIANPOINT((4.211054325103742,-3.110740184783936,0.));
#10660=IFCDIRECTION((0.,0.,1.));
#10661=IFCDIRECTION((7.5497901264043123E-08,0.99999999999999722,0.));
#10662=IFCAXIS2PLACEMENT3D(#10659,#10660,#10661);
#10663=IFCLOCALPLACEMENT(#9890,#10662);
#10664=IFCCARTESIANPOINTLIST2D(((0.,0.),(0.10000001629206984,0.10000000000000001),(2.2799997934113692,0.10000000000000001),(2.3799997858615791,0.)));
#10665=IFCINDEXEDPOLYCURVE(#10664,(IFCLINEINDEX((1,2,3,4,1))),$);
#10666=IFCARBITRARYCLOSEDPROFILEDEF(.AREA.,$,#10665);
#10667=IFCCARTESIANPOINT((0.,0.,0.));
#10668=IFCDIRECTION((0.,0.,1.));
#10669=IFCDIRECTION((1.,0.,0.));
#10670=IFCAXIS2PLACEMENT3D(#10667,#10668,#10669);
#10671=IFCDIRECTION((0.,0.,1.));
#10672=IFCEXTRUDEDAREASOLID(#10666,#10670,#10671,3.);
#10673=IFCSHAPEREPRESENTATION(#11,'Body','SweptSolid',(#10672));
#10674=IFCCARTESIANPOINTLIST2D(((0.,0.),(2.3799997858615791,0.)));
#10675=IFCINDEXEDPOLYCURVE(#10674,$,$);
#10676=IFCSHAPEREPRESENTATION(#23,'Axis','Curve2D',(#10675));
#10691=IFCCARTESIANPOINT((4.2110550514414591,6.5098943723922957,0.));
#10692=IFCDIRECTION((0.,0.,1.));
#10693=IFCDIRECTION((-0.99999999999999623,8.7422776573475527E-08,0.));
#10694=IFCAXIS2PLACEMENT3D(#10691,#10692,#10693);
#10695=IFCLOCALPLACEMENT(#9890,#10694);
#10709=IFCRELCONNECTSPATHELEMENTS('2aYQhRzCj1RwRh4NjT8H3R',$,$,$,$,#10459,#10046,(),(),.ATSTART.,.ATEND.);
#10736=IFCRELCONNECTSPATHELEMENTS('2XxI2dLM15M8gakzUiduy0',$,$,$,$,#10146,#10359,(),(),.ATSTART.,.ATEND.);
#10750=IFCCARTESIANPOINTLIST2D(((0.,0.),(-0.10006432654887921,0.10000000000000001),(0.51172386738237019,0.10000000000000001),(0.61175692203204424,0.)));
#10751=IFCINDEXEDPOLYCURVE(#10750,(IFCLINEINDEX((1,2,3,4,1))),$);
#10752=IFCARBITRARYCLOSEDPROFILEDEF(.AREA.,$,#10751);
#10753=IFCCARTESIANPOINT((0.,0.,0.));
#10754=IFCDIRECTION((0.,0.,1.));
#10755=IFCDIRECTION((1.,0.,0.));
#10756=IFCAXIS2PLACEMENT3D(#10753,#10754,#10755);
#10757=IFCDIRECTION((0.,0.,1.));
#10758=IFCEXTRUDEDAREASOLID(#10752,#10756,#10757,3.);
#10759=IFCSHAPEREPRESENTATION(#11,'Body','SweptSolid',(#10758));
#10760=IFCCARTESIANPOINTLIST2D(((0.,0.),(0.61175692203204424,0.)));
#10761=IFCINDEXEDPOLYCURVE(#10760,$,$);
#10762=IFCSHAPEREPRESENTATION(#23,'Axis','Curve2D',(#10761));
#10763=IFCCARTESIANPOINT((0.26148891447913047,-1.5889836871197198,0.));
#10764=IFCDIRECTION((0.,0.,1.));
#10765=IFCDIRECTION((-0.00033025344768371662,-0.99999994546632875,0.));
#10766=IFCAXIS2PLACEMENT3D(#10763,#10764,#10765);
#10767=IFCLOCALPLACEMENT(#9890,#10766);
#10979=IFCSLAB('2xvfwzuknEGRJceCnG8eVf',$,'Slab',$,$,#10986,#10993,$,$);
#10980=IFCMATERIALLAYERSETUSAGE(#1453,.AXIS3.,.POSITIVE.,-0.10000000149011612,$);
#10981=IFCRELASSOCIATESMATERIAL('1d1bOhTm13gh_Y$S5GqhFm',$,$,$,(#10979),#10980);
#10982=IFCCARTESIANPOINT((4.2110562324523926,6.509894847869873,0.));
#10983=IFCDIRECTION((0.,0.,1.));
#10984=IFCDIRECTION((1.,0.,0.));
#10985=IFCAXIS2PLACEMENT3D(#10982,#10983,#10984);
#10986=IFCLOCALPLACEMENT(#9890,#10985);
#10987=IFCCARTESIANPOINTLIST2D(((0.,0.),(-3.9495334625244141,0.),(-3.9495337009429932,-0.95000028610229492),(-7.534449577331543,-0.94999885559082031),(-7.5344491004943848,-8.1000003814697266),(-3.9495673179626465,-8.0988788604736328),(-3.9497692584991455,-8.7106351852416992),(-2.3800015449523926,-8.7106351852416992),(-2.3800015449523926,-9.6206350326538086),(-1.9073486328125E-06,-9.6206350326538086),(0.,0.)));
#10988=IFCINDEXEDPOLYCURVE(#10987,$,$);
#10989=IFCDIRECTION((0.,0.,1.));
#10990=IFCARBITRARYCLOSEDPROFILEDEF(.AREA.,$,#10988);
#10991=IFCEXTRUDEDAREASOLID(#10990,#11000,#10989,0.10000000000000001);
#10992=IFCSHAPEREPRESENTATION(#11,'Body','SweptSolid',(#10991));
#10993=IFCPRODUCTDEFINITIONSHAPE($,$,(#10992));
#10994=IFCPROPERTYSET('1JZdPtxxnEgQ1DfRJGNEU0',$,'EPset_Parametric',$,(#10996));
#10995=IFCRELDEFINESBYPROPERTIES('21iG2qf0T5HeFRb$xjiU6S',$,$,$,(#10979),#10994);
#10996=IFCPROPERTYSINGLEVALUE('Engine',$,IFCLABEL('Bonsai.DumbLayer3'),$);
#10997=IFCCARTESIANPOINT((-0.,-0.,-0.10000000149011612));
#10998=IFCDIRECTION((0.,0.,1.));
#10999=IFCDIRECTION((1.,0.,0.));
#11000=IFCAXIS2PLACEMENT3D(#10997,#10998,#10999);
#11001=IFCWALL('2yB_KTBQX3kvZ0fuvckqRu',$,'Wall',$,$,#11095,#11007,$,$);
#11002=IFCMATERIALLAYERSETUSAGE(#82,.AXIS2.,.POSITIVE.,0.,$);
#11003=IFCRELASSOCIATESMATERIAL('0XzSQjOeP9Cexqss7DOFZE',$,$,$,(#11001),#11002);
#11007=IFCPRODUCTDEFINITIONSHAPE($,$,(#11122,#11119));
#11023=IFCPROPERTYSET('3VfgTD4rn4uvkdTda2PLzC',$,'EPset_Parametric',$,(#11025));
#11024=IFCRELDEFINESBYPROPERTIES('3Wfq0L8Nv80ghhT2Ac2EGu',$,$,$,(#11001),#11023);
#11025=IFCPROPERTYSINGLEVALUE('Engine',$,IFCLABEL('Bonsai.DumbLayer2'),$);
#11039=IFCWALL('3wfR4BPbz6Tf5BtOH3hW0Q',$,'Wall',$,$,#11154,#11045,$,$);
#11040=IFCMATERIALLAYERSETUSAGE(#82,.AXIS2.,.POSITIVE.,0.,$);
#11041=IFCRELASSOCIATESMATERIAL('1CM6RVPRL6LvV78kjg3bJU',$,$,$,(#11039),#11040);
#11045=IFCPRODUCTDEFINITIONSHAPE($,$,(#11181,#11178));
#11061=IFCPROPERTYSET('2llsoGS6n5EwA1yBYvcnhS',$,'EPset_Parametric',$,(#11063));
#11062=IFCRELDEFINESBYPROPERTIES('0iMEJxu1X4$O7nVCi$uI$O',$,$,$,(#11039),#11061);
#11063=IFCPROPERTYSINGLEVALUE('Engine',$,IFCLABEL('Bonsai.DumbLayer2'),$);
#11077=IFCRELCONNECTSPATHELEMENTS('2pOLmpGQTErRqd872cHrFv',$,$,$,$,#11001,#10459,(),(),.ATPATH.,.ATSTART.);
#11091=IFCCARTESIANPOINT((4.2110549403448267,5.0383748861602857,0.));
#11092=IFCDIRECTION((0.,0.,1.));
#11093=IFCDIRECTION((-0.99999999999999623,8.7422776573475527E-08,0.));
#11094=IFCAXIS2PLACEMENT3D(#11091,#11092,#11093);
#11095=IFCLOCALPLACEMENT(#9890,#11094);
#11110=IFCCARTESIANPOINTLIST2D(((0.10000000000000001,0.),(0.099999998807512466,0.10000000000000001),(3.8495324870480081,0.10000000000000001),(3.8495324882404955,0.)));
#11111=IFCINDEXEDPOLYCURVE(#11110,(IFCLINEINDEX((1,2,3,4,1))),$);
#11112=IFCARBITRARYCLOSEDPROFILEDEF(.AREA.,$,#11111);
#11113=IFCCARTESIANPOINT((0.,0.,0.));
#11114=IFCDIRECTION((0.,0.,1.));
#11115=IFCDIRECTION((1.,0.,0.));
#11116=IFCAXIS2PLACEMENT3D(#11113,#11114,#11115);
#11117=IFCDIRECTION((0.,0.,1.));
#11118=IFCEXTRUDEDAREASOLID(#11112,#11116,#11117,3.);
#11119=IFCSHAPEREPRESENTATION(#11,'Body','SweptSolid',(#11118));
#11120=IFCCARTESIANPOINTLIST2D(((0.,0.),(3.8495324882404955,0.)));
#11121=IFCINDEXEDPOLYCURVE(#11120,$,$);
#11122=IFCSHAPEREPRESENTATION(#23,'Axis','Curve2D',(#11121));
#11136=IFCRELCONNECTSPATHELEMENTS('3XHYhynqb1qhVlV8vy$K3l',$,$,$,$,#11039,#10459,(),(),.ATPATH.,.ATSTART.);
#11150=IFCCARTESIANPOINT((4.2110545959215804,0.47635077005047827,0.));
#11151=IFCDIRECTION((0.,0.,1.));
#11152=IFCDIRECTION((-0.99999999999999623,8.7422776573475527E-08,0.));
#11153=IFCAXIS2PLACEMENT3D(#11150,#11151,#11152);
#11154=IFCLOCALPLACEMENT(#9890,#11153);
#11155=IFCCARTESIANPOINTLIST2D(((0.,0.),(0.099999992450210157,0.10000000000000001),(9.5206345583687462,0.10000000000000001),(9.6206345571762579,0.)));
#11156=IFCINDEXEDPOLYCURVE(#11155,(IFCLINEINDEX((1,2,3,4,1))),$);
#11157=IFCARBITRARYCLOSEDPROFILEDEF(.AREA.,$,#11156);
#11158=IFCCARTESIANPOINT((0.,0.,0.));
#11159=IFCDIRECTION((0.,0.,1.));
#11160=IFCDIRECTION((1.,0.,0.));
#11161=IFCAXIS2PLACEMENT3D(#11158,#11159,#11160);
#11162=IFCDIRECTION((0.,0.,1.));
#11163=IFCEXTRUDEDAREASOLID(#11157,#11161,#11162,3.);
#11164=IFCSHAPEREPRESENTATION(#11,'Body','SweptSolid',(#11163));
#11165=IFCCARTESIANPOINTLIST2D(((0.,0.),(9.6206345571762579,0.)));
#11166=IFCINDEXEDPOLYCURVE(#11165,$,$);
#11167=IFCSHAPEREPRESENTATION(#23,'Axis','Curve2D',(#11166));
#11169=IFCCARTESIANPOINTLIST2D(((0.10000000000000001,0.),(0.09999999880751248,0.10000000000000001),(3.8495324870480081,0.10000000000000001),(3.8495324882404955,0.)));
#11170=IFCINDEXEDPOLYCURVE(#11169,(IFCLINEINDEX((1,2,3,4,1))),$);
#11171=IFCARBITRARYCLOSEDPROFILEDEF(.AREA.,$,#11170);
#11172=IFCCARTESIANPOINT((0.,0.,0.));
#11173=IFCDIRECTION((0.,0.,1.));
#11174=IFCDIRECTION((1.,0.,0.));
#11175=IFCAXIS2PLACEMENT3D(#11172,#11173,#11174);
#11176=IFCDIRECTION((0.,0.,1.));
#11177=IFCEXTRUDEDAREASOLID(#11171,#11175,#11176,3.);
#11178=IFCSHAPEREPRESENTATION(#11,'Body','SweptSolid',(#11177));
#11179=IFCCARTESIANPOINTLIST2D(((0.,0.),(3.8495324882404955,0.)));
#11180=IFCINDEXEDPOLYCURVE(#11179,$,$);
#11181=IFCSHAPEREPRESENTATION(#23,'Axis','Curve2D',(#11180));
#11195=IFCSLAB('2RCt3DI6f5Hhzo6epo8eWn',$,'Slab',$,$,#11202,#11209,$,$);
#11196=IFCMATERIALLAYERSETUSAGE(#1453,.AXIS3.,.POSITIVE.,-0.10000000149011612,$);
#11197=IFCRELASSOCIATESMATERIAL('2pbnCvdYP1zfDlHkxOeRQ_',$,$,$,(#11195),#11196);
#11198=IFCCARTESIANPOINT((1.8310545682907104,-3.1107401847839355,0.));
#11199=IFCDIRECTION((0.,0.,1.));
#11200=IFCDIRECTION((1.,0.,0.));
#11201=IFCAXIS2PLACEMENT3D(#11198,#11199,#11200);
#11202=IFCLOCALPLACEMENT(#9890,#11201);
#11203=IFCCARTESIANPOINTLIST2D(((0.,0.),(-5.1500000953674316,0.),(-5.1544466018676758,1.5206351280212402),(-1.5695656538009644,1.5217565298080444),(-1.5697677135467529,0.90999960899353027),(1.1920928955078125E-07,0.91000008583068848),(0.,0.)));
#11204=IFCINDEXEDPOLYCURVE(#11203,$,$);
#11205=IFCDIRECTION((0.,0.,1.));
#11206=IFCARBITRARYCLOSEDPROFILEDEF(.AREA.,$,#11204);
#11207=IFCEXTRUDEDAREASOLID(#11206,#11216,#11205,0.10000000000000001);
#11208=IFCSHAPEREPRESENTATION(#11,'Body','SweptSolid',(#11207));
#11209=IFCPRODUCTDEFINITIONSHAPE($,$,(#11208));
#11210=IFCPROPERTYSET('0tPwkqMAjDZRwTcCQmK2Yz',$,'EPset_Parametric',$,(#11212));
#11211=IFCRELDEFINESBYPROPERTIES('2MsHHzdtD1XRuRhDREqdW0',$,$,$,(#11195),#11210);
#11212=IFCPROPERTYSINGLEVALUE('Engine',$,IFCLABEL('Bonsai.DumbLayer3'),$);
#11213=IFCCARTESIANPOINT((-0.,-0.,-0.10000000149011612));
#11214=IFCDIRECTION((0.,0.,1.));
#11215=IFCDIRECTION((1.,0.,0.));
#11216=IFCAXIS2PLACEMENT3D(#11213,#11214,#11215);
#11217=IFCWALL('3MelIKGLH1jgLjOIYeBUnG',$,'Wall',$,$,#11273,#11223,$,$);
#11218=IFCMATERIALLAYERSETUSAGE(#82,.AXIS2.,.POSITIVE.,0.,$);
#11219=IFCRELASSOCIATESMATERIAL('3dh9xWzLL0D8Cjdn_zGzFS',$,$,$,(#11217),#11218);
#11223=IFCPRODUCTDEFINITIONSHAPE($,$,(#11300,#11297));
#11239=IFCPROPERTYSET('0Ug4MLwKn5m9Ztwv$gmm3c',$,'EPset_Parametric',$,(#11241));
#11240=IFCRELDEFINESBYPROPERTIES('1XDnuVFYD23gvysYBtAfv6',$,$,$,(#11217),#11239);
#11241=IFCPROPERTYSINGLEVALUE('Engine',$,IFCLABEL('Bonsai.DumbLayer2'),$);
#11269=IFCCARTESIANPOINT((0.36152227045566293,2.6323655209609846,0.));
#11270=IFCDIRECTION((0.,0.,1.));
#11271=IFCDIRECTION((-0.99999999999998868,-1.5099580252808492E-07,0.));
#11272=IFCAXIS2PLACEMENT3D(#11269,#11270,#11271);
#11273=IFCLOCALPLACEMENT(#9890,#11272);
#11287=IFCRELCONNECTSPATHELEMENTS('32Mseg2N9F28y19MaxkqMo',$,$,$,$,#11217,#10121,(),(),.ATPATH.,.ATEND.);
#11288=IFCCARTESIANPOINTLIST2D(((0.10000000000000257,0.),(0.10000002264937295,0.10000000000000001),(3.5849154018622689,0.10000000000000001),(3.5849153943124787,0.)));
#11289=IFCINDEXEDPOLYCURVE(#11288,(IFCLINEINDEX((1,2,3,4,1))),$);
#11290=IFCARBITRARYCLOSEDPROFILEDEF(.AREA.,$,#11289);
#11291=IFCCARTESIANPOINT((0.,0.,0.));
#11292=IFCDIRECTION((0.,0.,1.));
#11293=IFCDIRECTION((1.,0.,0.));
#11294=IFCAXIS2PLACEMENT3D(#11291,#11292,#11293);
#11295=IFCDIRECTION((0.,0.,1.));
#11296=IFCEXTRUDEDAREASOLID(#11290,#11294,#11295,3.);
#11297=IFCSHAPEREPRESENTATION(#11,'Body','SweptSolid',(#11296));
#11298=IFCCARTESIANPOINTLIST2D(((0.,0.),(3.6849153943124788,0.)));
#11299=IFCINDEXEDPOLYCURVE(#11298,$,$);
#11300=IFCSHAPEREPRESENTATION(#23,'Axis','Curve2D',(#11299));
#11301=IFCCARTESIANPOINTLIST2D(((0.,0.),(0.10000004649123768,0.10000000000000001),(7.0499697036012661,0.10000000000000001),(7.1500009814609111,0.)));
#11302=IFCINDEXEDPOLYCURVE(#11301,(IFCLINEINDEX((1,2,3,4,1))),$);
#11303=IFCARBITRARYCLOSEDPROFILEDEF(.AREA.,$,#11302);
#11304=IFCCARTESIANPOINT((0.,0.,0.));
#11305=IFCDIRECTION((0.,0.,1.));
#11306=IFCDIRECTION((1.,0.,0.));
#11307=IFCAXIS2PLACEMENT3D(#11304,#11305,#11306);
#11308=IFCDIRECTION((0.,0.,1.));
#11309=IFCEXTRUDEDAREASOLID(#11303,#11307,#11308,3.);
#11310=IFCSHAPEREPRESENTATION(#11,'Body','SweptSolid',(#11309));
#11311=IFCCARTESIANPOINTLIST2D(((0.,0.),(7.1500009814609111,0.)));
#11312=IFCINDEXEDPOLYCURVE(#11311,$,$);
#11313=IFCSHAPEREPRESENTATION(#23,'Axis','Curve2D',(#11312));
#11314=IFCDOORTYPE('0HOAgOAD9AfglMd_Ag2a9a',$,'Bathroom - 2F',$,$,(#11315),(#11317,#11325,#11403),$,$,.DOOR.,.SINGLE_SWING_LEFT.,$,$);
#11315=IFCPROPERTYSET('1nMktLKw9DZeRgay8c3Rxy',$,'BBIM_Door',$,(#11316));
#11316=IFCPROPERTYSINGLEVALUE('Data',$,IFCTEXT('{"door_type": "SINGLE_SWING_LEFT", "overall_height": 2.0, "overall_width": 0.7012650966644287, "lining_properties": {"lining_depth": 0.040000006556510925, "lining_thickness": 0.0551493838429451, "lining_offset": 0.0, "lining_to_panel_offset_x": 0.02500000037252903, "lining_to_panel_offset_y": 0.02500000037252903, "transom_thickness": 0.0, "casing_thickness": 0.07580821961164474, "casing_depth": 0.0010000000474974513, "threshold_thickness": 0.02500000037252903, "threshold_depth": 0.10000000149011612, "threshold_offset": 0.0}, "panel_properties": {"panel_depth": 0.03500000014901161, "panel_width_ratio": 1.0}}'),$);
#11317=IFCREPRESENTATIONMAP(#11318,#12690);
#11318=IFCAXIS2PLACEMENT3D(#11319,#11320,#11321);
#11319=IFCCARTESIANPOINT((0.,0.,0.));
#11320=IFCDIRECTION((0.,0.,1.));
#11321=IFCDIRECTION((1.,0.,0.));
#11325=IFCREPRESENTATIONMAP(#11326,#12763);
#11326=IFCAXIS2PLACEMENT3D(#11327,#11328,#11329);
#11327=IFCCARTESIANPOINT((0.,0.,0.));
#11328=IFCDIRECTION((0.,0.,1.));
#11329=IFCDIRECTION((1.,0.,0.));
#11403=IFCREPRESENTATIONMAP(#11404,#12777);
#11404=IFCAXIS2PLACEMENT3D(#11405,#11406,#11407);
#11405=IFCCARTESIANPOINT((0.,0.,0.));
#11406=IFCDIRECTION((0.,0.,1.));
#11407=IFCDIRECTION((1.,0.,0.));
#11422=IFCDOORTYPE('17KITXVzH9rBlu7xhSh3RW',$,'Bedroom 1 - 2F',$,$,(#11423),(#11425,#11433,#11511),$,$,.DOOR.,.SINGLE_SWING_LEFT.,$,$);
#11423=IFCPROPERTYSET('0vTsnVQ7fELuoLwDP_abBZ',$,'BBIM_Door',$,(#11424));
#11424=IFCPROPERTYSINGLEVALUE('Data',$,IFCTEXT('{"door_type": "SINGLE_SWING_LEFT", "overall_height": 2.0, "overall_width": 0.898565411567688, "lining_properties": {"lining_depth": 0.040000006556510925, "lining_thickness": 0.07580799609422684, "lining_offset": 0.0, "lining_to_panel_offset_x": 0.02500000037252903, "lining_to_panel_offset_y": 0.02500000037252903, "transom_thickness": 0.0, "casing_thickness": 0.04346366226673126, "casing_depth": 0.0010000000474974513, "threshold_thickness": 0.02500000037252903, "threshold_depth": 0.10000000149011612, "threshold_offset": 0.0}, "panel_properties": {"panel_depth": 0.03500000014901161, "panel_width_ratio": 1.0}}'),$);
#11425=IFCREPRESENTATIONMAP(#11426,#18989);
#11426=IFCAXIS2PLACEMENT3D(#11427,#11428,#11429);
#11427=IFCCARTESIANPOINT((0.,0.,0.));
#11428=IFCDIRECTION((0.,0.,1.));
#11429=IFCDIRECTION((1.,0.,0.));
#11433=IFCREPRESENTATIONMAP(#11434,#19062);
#11434=IFCAXIS2PLACEMENT3D(#11435,#11436,#11437);
#11435=IFCCARTESIANPOINT((0.,0.,0.));
#11436=IFCDIRECTION((0.,0.,1.));
#11437=IFCDIRECTION((1.,0.,0.));
#11511=IFCREPRESENTATIONMAP(#11512,#19076);
#11512=IFCAXIS2PLACEMENT3D(#11513,#11514,#11515);
#11513=IFCCARTESIANPOINT((0.,0.,0.));
#11514=IFCDIRECTION((0.,0.,1.));
#11515=IFCDIRECTION((1.,0.,0.));
#11530=IFCDOORTYPE('3mvj2rwTP4re7FkYoPI61d',$,'Masters - 2F',$,$,(#11531),(#11533,#11541,#11619),$,$,.DOOR.,.SINGLE_SWING_LEFT.,$,$);
#11531=IFCPROPERTYSET('3jHhSNsdL6kxdcx6okiAwF',$,'BBIM_Door',$,(#11532));
#11532=IFCPROPERTYSINGLEVALUE('Data',$,IFCTEXT('{"door_type": "SINGLE_SWING_RIGHT", "overall_height": 2.0, "overall_width": 0.8817342519760132, "lining_properties": {"lining_depth": 0.040000006556510925, "lining_thickness": 0.07580799609422684, "lining_offset": 0.0, "lining_to_panel_offset_x": 0.02500000037252903, "lining_to_panel_offset_y": 0.02500000037252903, "transom_thickness": 0.0, "casing_thickness": 0.06729264557361603, "casing_depth": 0.0010000000474974513, "threshold_thickness": 0.02500000037252903, "threshold_depth": 0.10000000149011612, "threshold_offset": 0.0}, "panel_properties": {"panel_depth": 0.03500000014901161, "panel_width_ratio": 1.0}}'),$);
#11533=IFCREPRESENTATIONMAP(#11534,#19104);
#11534=IFCAXIS2PLACEMENT3D(#11535,#11536,#11537);
#11535=IFCCARTESIANPOINT((0.,0.,0.));
#11536=IFCDIRECTION((0.,0.,1.));
#11537=IFCDIRECTION((1.,0.,0.));
#11541=IFCREPRESENTATIONMAP(#11542,#19177);
#11542=IFCAXIS2PLACEMENT3D(#11543,#11544,#11545);
#11543=IFCCARTESIANPOINT((0.,0.,0.));
#11544=IFCDIRECTION((0.,0.,1.));
#11545=IFCDIRECTION((1.,0.,0.));
#11619=IFCREPRESENTATIONMAP(#11620,#19191);
#11620=IFCAXIS2PLACEMENT3D(#11621,#11622,#11623);
#11621=IFCCARTESIANPOINT((0.,0.,0.));
#11622=IFCDIRECTION((0.,0.,1.));
#11623=IFCDIRECTION((1.,0.,0.));
#11638=IFCDOORTYPE('31A6O1Vkz6OgnWiS_hYzn0',$,'Bedroom 2 - 2F',$,$,(#11639),(#11641,#11649,#11727),$,$,.DOOR.,.SINGLE_SWING_LEFT.,$,$);
#11639=IFCPROPERTYSET('31JyyHlzjCdBsSNmFUhCNX',$,'BBIM_Door',$,(#11640));
#11640=IFCPROPERTYSINGLEVALUE('Data',$,IFCTEXT('{"door_type": "SINGLE_SWING_RIGHT", "overall_height": 2.0, "overall_width": 0.8411803841590881, "lining_properties": {"lining_depth": 0.040000006556510925, "lining_thickness": 0.07580799609422684, "lining_offset": 0.0, "lining_to_panel_offset_x": 0.02500000037252903, "lining_to_panel_offset_y": 0.02500000037252903, "transom_thickness": 0.0, "casing_thickness": 0.06729264557361603, "casing_depth": 0.0010000000474974513, "threshold_thickness": 0.02500000037252903, "threshold_depth": 0.10000000149011612, "threshold_offset": 0.0}, "panel_properties": {"panel_depth": 0.03500000014901161, "panel_width_ratio": 1.0}}'),$);
#11641=IFCREPRESENTATIONMAP(#11642,#13992);
#11642=IFCAXIS2PLACEMENT3D(#11643,#11644,#11645);
#11643=IFCCARTESIANPOINT((0.,0.,0.));
#11644=IFCDIRECTION((0.,0.,1.));
#11645=IFCDIRECTION((1.,0.,0.));
#11649=IFCREPRESENTATIONMAP(#11650,#14065);
#11650=IFCAXIS2PLACEMENT3D(#11651,#11652,#11653);
#11651=IFCCARTESIANPOINT((0.,0.,0.));
#11652=IFCDIRECTION((0.,0.,1.));
#11653=IFCDIRECTION((1.,0.,0.));
#11727=IFCREPRESENTATIONMAP(#11728,#14079);
#11728=IFCAXIS2PLACEMENT3D(#11729,#11730,#11731);
#11729=IFCCARTESIANPOINT((0.,0.,0.));
#11730=IFCDIRECTION((0.,0.,1.));
#11731=IFCDIRECTION((1.,0.,0.));
#11746=IFCDOORTYPE('2DtQGrO6nCkQNJx1rvvm$0',$,'Balcony - 2F',$,$,(#11747),(#11749,#11757,#11835),$,$,.DOOR.,.SINGLE_SWING_LEFT.,$,$);
#11747=IFCPROPERTYSET('2Yt1mfR_nC4BKIVoEehuyd',$,'BBIM_Door',$,(#11748));
#11748=IFCPROPERTYSINGLEVALUE('Data',$,IFCTEXT('{"door_type": "SINGLE_SWING_LEFT", "overall_height": 2.0, "overall_width": 0.8830997943878174, "lining_properties": {"lining_depth": 0.040000006556510925, "lining_thickness": 0.07580799609422684, "lining_offset": 0.0, "lining_to_panel_offset_x": 0.02500000037252903, "lining_to_panel_offset_y": 0.02500000037252903, "transom_thickness": 0.0, "casing_thickness": 0.06729264557361603, "casing_depth": 0.0010000000474974513, "threshold_thickness": 0.02500000037252903, "threshold_depth": 0.10000000149011612, "threshold_offset": 0.0}, "panel_properties": {"panel_depth": 0.03500000014901161, "panel_width_ratio": 1.0}}'),$);
#11749=IFCREPRESENTATIONMAP(#11750,#19607);
#11750=IFCAXIS2PLACEMENT3D(#11751,#11752,#11753);
#11751=IFCCARTESIANPOINT((0.,0.,0.));
#11752=IFCDIRECTION((0.,0.,1.));
#11753=IFCDIRECTION((1.,0.,0.));
#11757=IFCREPRESENTATIONMAP(#11758,#19680);
#11758=IFCAXIS2PLACEMENT3D(#11759,#11760,#11761);
#11759=IFCCARTESIANPOINT((0.,0.,0.));
#11760=IFCDIRECTION((0.,0.,1.));
#11761=IFCDIRECTION((1.,0.,0.));
#11835=IFCREPRESENTATIONMAP(#11836,#19694);
#11836=IFCAXIS2PLACEMENT3D(#11837,#11838,#11839);
#11837=IFCCARTESIANPOINT((0.,0.,0.));
#11838=IFCDIRECTION((0.,0.,1.));
#11839=IFCDIRECTION((1.,0.,0.));
#11854=IFCDOOR('1pcNIAgdH33h3b99PTqxMq',$,'Door',$,$,#12802,#11863,$,2.,0.70126509666442871,$,.SINGLE_SWING_LEFT.,$);
#11855=IFCRELDEFINESBYTYPE('0s8I9AuZrBz8Sm255h73Jy',$,$,$,(#11854),#11314);
#11856=IFCCARTESIANPOINT((0.,0.,0.));
#11857=IFCDIRECTION((1.,0.,0.));
#11858=IFCDIRECTION((0.,1.,0.));
#11859=IFCDIRECTION((0.,0.,1.));
#11860=IFCCARTESIANTRANSFORMATIONOPERATOR3D(#11857,#11858,#11856,1.,#11859);
#11861=IFCMAPPEDITEM(#11317,#11860);
#11862=IFCSHAPEREPRESENTATION(#18,'Profile','MappedRepresentation',(#11861));
#11863=IFCPRODUCTDEFINITIONSHAPE($,$,(#11862,#11870,#11877));
#11864=IFCCARTESIANPOINT((0.,0.,0.));
#11865=IFCDIRECTION((1.,0.,0.));
#11866=IFCDIRECTION((0.,1.,0.));
#11867=IFCDIRECTION((0.,0.,1.));
#11868=IFCCARTESIANTRANSFORMATIONOPERATOR3D(#11865,#11866,#11864,1.,#11867);
#11869=IFCMAPPEDITEM(#11325,#11868);
#11870=IFCSHAPEREPRESENTATION(#11,'Body','MappedRepresentation',(#11869));
#11871=IFCCARTESIANPOINT((0.,0.,0.));
#11872=IFCDIRECTION((1.,0.,0.));
#11873=IFCDIRECTION((0.,1.,0.));
#11874=IFCDIRECTION((0.,0.,1.));
#11875=IFCCARTESIANTRANSFORMATIONOPERATOR3D(#11872,#11873,#11871,1.,#11874);
#11876=IFCMAPPEDITEM(#11403,#11875);
#11877=IFCSHAPEREPRESENTATION(#24,'Body','MappedRepresentation',(#11876));
#11878=IFCOPENINGELEMENT('2V9Dv1crL3JwGIgY9Gi6c3',$,'Opening',$,$,#12797,#11906,$,.OPENING.);
#11894=IFCCARTESIANPOINT((0.,0.,0.));
#11895=IFCDIRECTION((1.,0.,0.));
#11896=IFCDIRECTION((0.,0.,1.));
#11897=IFCAXIS2PLACEMENT3D(#11894,#11896,#11895);
#11898=IFCREPRESENTATIONMAP(#11897,#12787);
#11899=IFCCARTESIANPOINT((0.,0.,0.));
#11900=IFCDIRECTION((1.,0.,0.));
#11901=IFCDIRECTION((0.,1.,0.));
#11902=IFCDIRECTION((0.,0.,1.));
#11903=IFCCARTESIANTRANSFORMATIONOPERATOR3D(#11900,#11901,#11899,1.,#11902);
#11904=IFCMAPPEDITEM(#11898,#11903);
#11905=IFCSHAPEREPRESENTATION(#11,'Body','MappedRepresentation',(#11904));
#11906=IFCPRODUCTDEFINITIONSHAPE($,$,(#11905));
#11907=IFCRELVOIDSELEMENT('16mO3LId1CFBbHV623A6OC',$,$,$,#11001,#11878);
#11913=IFCRELFILLSELEMENT('3OuUvXK8L7jRD2$dh4vWY6',$,$,$,#11878,#11854);
#11967=IFCCARTESIANPOINTLIST2D(((0.,0.),(0.,2.),(0.79464077949523926,2.),(0.79464077949523926,0.),(0.76964077912271023,0.),(0.76964077912271023,1.974999999627471),(0.02500000037252903,1.974999999627471),(0.02500000037252903,0.)));
#11968=IFCINDEXEDPOLYCURVE(#11967,(IFCLINEINDEX((1,2,3,4,5,6,7,8,1))),$);
#11969=IFCARBITRARYCLOSEDPROFILEDEF(.AREA.,$,#11968);
#11970=IFCCARTESIANPOINT((0.,0.02500000037252903,0.));
#11971=IFCDIRECTION((0.,-1.,0.));
#11972=IFCDIRECTION((1.,0.,0.));
#11973=IFCAXIS2PLACEMENT3D(#11970,#11971,#11972);
#11974=IFCDIRECTION((0.,0.,-1.));
#11975=IFCEXTRUDEDAREASOLID(#11969,#11973,#11974,0.015000006183981895);
#11976=IFCCARTESIANPOINTLIST2D(((0.,0.),(0.,2.),(0.79464077949523926,2.),(0.79464077949523926,0.),(0.73949139565229416,0.),(0.73949139565229416,1.9448506161570549),(0.055149383842945099,1.9448506161570549),(0.055149383842945099,0.)));
#11977=IFCINDEXEDPOLYCURVE(#11976,(IFCLINEINDEX((1,2,3,4,5,6,7,8,1))),$);
#11978=IFCARBITRARYCLOSEDPROFILEDEF(.AREA.,$,#11977);
#11979=IFCCARTESIANPOINT((0.,0.,0.));
#11980=IFCDIRECTION((0.,-1.,0.));
#11981=IFCDIRECTION((1.,0.,0.));
#11982=IFCAXIS2PLACEMENT3D(#11979,#11980,#11981);
#11983=IFCDIRECTION((0.,0.,-1.));
#11984=IFCEXTRUDEDAREASOLID(#11978,#11982,#11983,0.02500000037252903);
#11985=IFCCARTESIANPOINTLIST2D(((0.,0.),(0.68434201180934906,0.),(0.68434201180934906,0.10000000149011612),(0.,0.10000000149011612)));
#11986=IFCINDEXEDPOLYCURVE(#11985,(IFCLINEINDEX((1,2,3,4,1))),$);
#11987=IFCARBITRARYCLOSEDPROFILEDEF(.AREA.,$,#11986);
#11988=IFCCARTESIANPOINT((0.055149383842945099,0.,0.));
#11989=IFCDIRECTION((0.,0.,1.));
#11990=IFCDIRECTION((1.,0.,0.));
#11991=IFCAXIS2PLACEMENT3D(#11988,#11989,#11990);
#11992=IFCDIRECTION((0.,0.,1.));
#11993=IFCEXTRUDEDAREASOLID(#11987,#11991,#11992,0.02500000037252903);
#11994=IFCCARTESIANPOINTLIST2D(((0.,0.),(0.,2.0206588357686996),(0.83595845103263855,2.0206588357686996),(0.83595845103263855,0.),(0.7601502314209938,0.),(0.7601502314209938,1.9448506161570549),(0.075808219611644745,1.9448506161570549),(0.075808219611644745,0.)));
#11995=IFCINDEXEDPOLYCURVE(#11994,(IFCLINEINDEX((1,2,3,4,5,6,7,8,1))),$);
#11996=IFCARBITRARYCLOSEDPROFILEDEF(.AREA.,$,#11995);
#11997=IFCCARTESIANPOINT((-0.020658835768699646,-0.0010000000474974513,0.));
#11998=IFCDIRECTION((0.,-1.,0.));
#11999=IFCDIRECTION((1.,0.,0.));
#12000=IFCAXIS2PLACEMENT3D(#11997,#11998,#11999);
#12001=IFCDIRECTION((0.,0.,-1.));
#12002=IFCEXTRUDEDAREASOLID(#11996,#12000,#12001,0.0010000000474974513);
#12003=IFCCARTESIANPOINTLIST2D(((0.,0.),(0.,2.0206588357686996),(0.83595845103263855,2.0206588357686996),(0.83595845103263855,0.),(0.79029961489140987,0.),(0.79029961489140987,1.974999999627471),(0.045658836141228676,1.974999999627471),(0.045658836141228676,0.)));
#12004=IFCINDEXEDPOLYCURVE(#12003,(IFCLINEINDEX((1,2,3,4,5,6,7,8,1))),$);
#12005=IFCARBITRARYCLOSEDPROFILEDEF(.AREA.,$,#12004);
#12006=IFCCARTESIANPOINT((-0.020658835768699646,0.040000006556510925,0.));
#12007=IFCDIRECTION((0.,-1.,0.));
#12008=IFCDIRECTION((1.,0.,0.));
#12009=IFCAXIS2PLACEMENT3D(#12006,#12007,#12008);
#12010=IFCDIRECTION((0.,0.,-1.));
#12011=IFCEXTRUDEDAREASOLID(#12005,#12009,#12010,0.0010000000474974513);
#12012=IFCCARTESIANPOINTLIST2D(((0.,0.),(0.7446407787501812,0.),(0.7446407787501812,0.035000000149011612),(0.,0.035000000149011612)));
#12013=IFCINDEXEDPOLYCURVE(#12012,(IFCLINEINDEX((1,2,3,4,1))),$);
#12014=IFCARBITRARYCLOSEDPROFILEDEF(.AREA.,$,#12013);
#12015=IFCCARTESIANPOINT((0.02500000037252903,0.02500000037252903,0.02500000037252903));
#12016=IFCDIRECTION((0.,0.,1.));
#12017=IFCDIRECTION((1.,0.,0.));
#12018=IFCAXIS2PLACEMENT3D(#12015,#12016,#12017);
#12019=IFCDIRECTION((0.,0.,1.));
#12020=IFCEXTRUDEDAREASOLID(#12014,#12018,#12019,1.9499999992549419);
#12021=IFCCARTESIANPOINTLIST2D(((0.,0.),(0.,-0.040000000000000001),(-0.11999999999999988,-0.040000000000000001),(-0.11999999999999988,-0.02),(-0.020000000000000018,-0.02),(-0.020000000000000018,0.)));
#12022=IFCINDEXEDPOLYCURVE(#12021,(IFCLINEINDEX((1,2,3,4,5,6,1))),$);
#12023=IFCARBITRARYCLOSEDPROFILEDEF(.AREA.,$,#12022);
#12024=IFCCARTESIANPOINT((0.71964077912271018,0.02500000037252903,1.015000000372529));
#12025=IFCDIRECTION((0.,0.,1.));
#12026=IFCDIRECTION((1.,0.,0.));
#12027=IFCAXIS2PLACEMENT3D(#12024,#12025,#12026);
#12028=IFCDIRECTION((0.,0.,1.));
#12029=IFCEXTRUDEDAREASOLID(#12023,#12027,#12028,0.02);
#12030=IFCEXTRUDEDAREASOLID(#12031,#12034,#12038,0.02);
#12031=IFCARBITRARYCLOSEDPROFILEDEF(.AREA.,$,#12032);
#12032=IFCINDEXEDPOLYCURVE(#12033,(IFCLINEINDEX((1,2,3,4,5,6,1))),$);
#12033=IFCCARTESIANPOINTLIST2D(((0.,0.),(0.,0.040000000000000008),(-0.11999999999999988,0.040000000000000008),(-0.11999999999999988,0.020000000000000004),(-0.020000000000000018,0.020000000000000004),(-0.020000000000000018,0.)));
#12034=IFCAXIS2PLACEMENT3D(#12035,#12036,#12037);
#12035=IFCCARTESIANPOINT((0.71964077912271018,0.060000000521540642,1.015000000372529));
#12036=IFCDIRECTION((0.,0.,1.));
#12037=IFCDIRECTION((1.,0.,0.));
#12038=IFCDIRECTION((0.,0.,1.));
#12040=IFCSHAPEREPRESENTATION(#11,'Body','SweptSolid',(#12118,#12478,#12469,#12260,#12011,#11984,#11975,#12251,#12109,#12708,#12699,#12339,#12593,#12602,#12735,#12505,#12242,#12375,#12145,#11993,#12584,#12002,#12233,#12496,#12366,#12726,#12224,#12717,#12136,#12620,#12357,#12127,#12487,#12611,#12348));
#12041=IFCSHAPEASPECT((#12040),'Lining',$,.T.,#11863);
#12042=IFCSHAPEREPRESENTATION(#11,'Body','SweptSolid',(#12020,#12753,#12523,#12393,#12163,#12514,#12154,#12754,#12524,#12394,#12744,#12384,#12164,#12638,#12639,#12279,#12030,#12629,#12278,#12029,#12269));
#12043=IFCSHAPEASPECT((#12042),'Framing',$,.T.,#11863);
#12101=IFCCARTESIANPOINTLIST2D(((0.,0.),(0.,2.),(0.73777484893798828,2.),(0.73777484893798828,0.),(0.71277484856545925,0.),(0.71277484856545925,1.974999999627471),(0.02500000037252903,1.974999999627471),(0.02500000037252903,0.)));
#12102=IFCINDEXEDPOLYCURVE(#12101,(IFCLINEINDEX((1,2,3,4,5,6,7,8,1))),$);
#12103=IFCARBITRARYCLOSEDPROFILEDEF(.AREA.,$,#12102);
#12104=IFCCARTESIANPOINT((0.,0.02500000037252903,0.));
#12105=IFCDIRECTION((0.,-1.,0.));
#12106=IFCDIRECTION((1.,0.,0.));
#12107=IFCAXIS2PLACEMENT3D(#12104,#12105,#12106);
#12108=IFCDIRECTION((0.,0.,-1.));
#12109=IFCEXTRUDEDAREASOLID(#12103,#12107,#12108,0.015000006183981895);
#12110=IFCCARTESIANPOINTLIST2D(((0.,0.),(0.,2.),(0.73777484893798828,2.),(0.73777484893798828,0.),(0.68262546509504318,0.),(0.68262546509504318,1.9448506161570549),(0.055149383842945099,1.9448506161570549),(0.055149383842945099,0.)));
#12111=IFCINDEXEDPOLYCURVE(#12110,(IFCLINEINDEX((1,2,3,4,5,6,7,8,1))),$);
#12112=IFCARBITRARYCLOSEDPROFILEDEF(.AREA.,$,#12111);
#12113=IFCCARTESIANPOINT((0.,0.,0.));
#12114=IFCDIRECTION((0.,-1.,0.));
#12115=IFCDIRECTION((1.,0.,0.));
#12116=IFCAXIS2PLACEMENT3D(#12113,#12114,#12115);
#12117=IFCDIRECTION((0.,0.,-1.));
#12118=IFCEXTRUDEDAREASOLID(#12112,#12116,#12117,0.02500000037252903);
#12119=IFCCARTESIANPOINTLIST2D(((0.,0.),(0.62747608125209808,0.),(0.62747608125209808,0.10000000149011612),(0.,0.10000000149011612)));
#12120=IFCINDEXEDPOLYCURVE(#12119,(IFCLINEINDEX((1,2,3,4,1))),$);
#12121=IFCARBITRARYCLOSEDPROFILEDEF(.AREA.,$,#12120);
#12122=IFCCARTESIANPOINT((0.055149383842945099,0.,0.));
#12123=IFCDIRECTION((0.,0.,1.));
#12124=IFCDIRECTION((1.,0.,0.));
#12125=IFCAXIS2PLACEMENT3D(#12122,#12123,#12124);
#12126=IFCDIRECTION((0.,0.,1.));
#12127=IFCEXTRUDEDAREASOLID(#12121,#12125,#12126,0.02500000037252903);
#12128=IFCCARTESIANPOINTLIST2D(((0.,0.),(0.,2.0206588357686996),(0.77909252047538757,2.0206588357686996),(0.77909252047538757,0.),(0.70328430086374283,0.),(0.70328430086374283,1.9448506161570549),(0.075808219611644745,1.9448506161570549),(0.075808219611644745,0.)));
#12129=IFCINDEXEDPOLYCURVE(#12128,(IFCLINEINDEX((1,2,3,4,5,6,7,8,1))),$);
#12130=IFCARBITRARYCLOSEDPROFILEDEF(.AREA.,$,#12129);
#12131=IFCCARTESIANPOINT((-0.020658835768699646,-0.0010000000474974513,0.));
#12132=IFCDIRECTION((0.,-1.,0.));
#12133=IFCDIRECTION((1.,0.,0.));
#12134=IFCAXIS2PLACEMENT3D(#12131,#12132,#12133);
#12135=IFCDIRECTION((0.,0.,-1.));
#12136=IFCEXTRUDEDAREASOLID(#12130,#12134,#12135,0.0010000000474974513);
#12137=IFCCARTESIANPOINTLIST2D(((0.,0.),(0.,2.0206588357686996),(0.77909252047538757,2.0206588357686996),(0.77909252047538757,0.),(0.7334336843341589,0.),(0.7334336843341589,1.974999999627471),(0.045658836141228676,1.974999999627471),(0.045658836141228676,0.)));
#12138=IFCINDEXEDPOLYCURVE(#12137,(IFCLINEINDEX((1,2,3,4,5,6,7,8,1))),$);
#12139=IFCARBITRARYCLOSEDPROFILEDEF(.AREA.,$,#12138);
#12140=IFCCARTESIANPOINT((-0.020658835768699646,0.040000006556510925,0.));
#12141=IFCDIRECTION((0.,-1.,0.));
#12142=IFCDIRECTION((1.,0.,0.));
#12143=IFCAXIS2PLACEMENT3D(#12140,#12141,#12142);
#12144=IFCDIRECTION((0.,0.,-1.));
#12145=IFCEXTRUDEDAREASOLID(#12139,#12143,#12144,0.0010000000474974513);
#12146=IFCCARTESIANPOINTLIST2D(((0.,0.),(0.68777484819293022,0.),(0.68777484819293022,0.035000000149011612),(0.,0.035000000149011612)));
#12147=IFCINDEXEDPOLYCURVE(#12146,(IFCLINEINDEX((1,2,3,4,1))),$);
#12148=IFCARBITRARYCLOSEDPROFILEDEF(.AREA.,$,#12147);
#12149=IFCCARTESIANPOINT((0.02500000037252903,0.02500000037252903,0.02500000037252903));
#12150=IFCDIRECTION((0.,0.,1.));
#12151=IFCDIRECTION((1.,0.,0.));
#12152=IFCAXIS2PLACEMENT3D(#12149,#12150,#12151);
#12153=IFCDIRECTION((0.,0.,1.));
#12154=IFCEXTRUDEDAREASOLID(#12148,#12152,#12153,1.9499999992549419);
#12155=IFCCARTESIANPOINTLIST2D(((0.,0.),(0.,-0.040000000000000001),(0.12,-0.040000000000000001),(0.12,-0.02),(0.02,-0.02),(0.02,0.)));
#12156=IFCINDEXEDPOLYCURVE(#12155,(IFCLINEINDEX((1,2,3,4,5,6,1))),$);
#12157=IFCARBITRARYCLOSEDPROFILEDEF(.AREA.,$,#12156);
#12158=IFCCARTESIANPOINT((0.075000000372529033,0.02500000037252903,1.015000000372529));
#12159=IFCDIRECTION((0.,0.,1.));
#12160=IFCDIRECTION((1.,0.,0.));
#12161=IFCAXIS2PLACEMENT3D(#12158,#12159,#12160);
#12162=IFCDIRECTION((0.,0.,1.));
#12163=IFCEXTRUDEDAREASOLID(#12157,#12161,#12162,0.02);
#12164=IFCEXTRUDEDAREASOLID(#12165,#12168,#12172,0.02);
#12165=IFCARBITRARYCLOSEDPROFILEDEF(.AREA.,$,#12166);
#12166=IFCINDEXEDPOLYCURVE(#12167,(IFCLINEINDEX((1,2,3,4,5,6,1))),$);
#12167=IFCCARTESIANPOINTLIST2D(((0.,0.),(0.,0.040000000000000008),(0.11999999999999998,0.040000000000000008),(0.11999999999999998,0.020000000000000004),(0.020000000000000004,0.020000000000000004),(0.020000000000000004,0.)));
#12168=IFCAXIS2PLACEMENT3D(#12169,#12170,#12171);
#12169=IFCCARTESIANPOINT((0.075000000372529033,0.060000000521540642,1.015000000372529));
#12170=IFCDIRECTION((0.,0.,1.));
#12171=IFCDIRECTION((1.,0.,0.));
#12172=IFCDIRECTION((0.,0.,1.));
#12216=IFCCARTESIANPOINTLIST2D(((0.,0.),(0.,2.),(0.73777484893798828,2.),(0.73777484893798828,0.),(0.71277484856545925,0.),(0.71277484856545925,1.974999999627471),(0.02500000037252903,1.974999999627471),(0.02500000037252903,0.)));
#12217=IFCINDEXEDPOLYCURVE(#12216,(IFCLINEINDEX((1,2,3,4,5,6,7,8,1))),$);
#12218=IFCARBITRARYCLOSEDPROFILEDEF(.AREA.,$,#12217);
#12219=IFCCARTESIANPOINT((0.,0.02500000037252903,0.));
#12220=IFCDIRECTION((0.,-1.,0.));
#12221=IFCDIRECTION((1.,0.,0.));
#12222=IFCAXIS2PLACEMENT3D(#12219,#12220,#12221);
#12223=IFCDIRECTION((0.,0.,-1.));
#12224=IFCEXTRUDEDAREASOLID(#12218,#12222,#12223,0.015000006183981895);
#12225=IFCCARTESIANPOINTLIST2D(((0.,0.),(0.,2.),(0.73777484893798828,2.),(0.73777484893798828,0.),(0.68262546509504318,0.),(0.68262546509504318,1.9448506161570549),(0.055149383842945099,1.9448506161570549),(0.055149383842945099,0.)));
#12226=IFCINDEXEDPOLYCURVE(#12225,(IFCLINEINDEX((1,2,3,4,5,6,7,8,1))),$);
#12227=IFCARBITRARYCLOSEDPROFILEDEF(.AREA.,$,#12226);
#12228=IFCCARTESIANPOINT((0.,0.,0.));
#12229=IFCDIRECTION((0.,-1.,0.));
#12230=IFCDIRECTION((1.,0.,0.));
#12231=IFCAXIS2PLACEMENT3D(#12228,#12229,#12230);
#12232=IFCDIRECTION((0.,0.,-1.));
#12233=IFCEXTRUDEDAREASOLID(#12227,#12231,#12232,0.02500000037252903);
#12234=IFCCARTESIANPOINTLIST2D(((0.,0.),(0.62747608125209808,0.),(0.62747608125209808,0.10000000149011612),(0.,0.10000000149011612)));
#12235=IFCINDEXEDPOLYCURVE(#12234,(IFCLINEINDEX((1,2,3,4,1))),$);
#12236=IFCARBITRARYCLOSEDPROFILEDEF(.AREA.,$,#12235);
#12237=IFCCARTESIANPOINT((0.055149383842945099,0.,0.));
#12238=IFCDIRECTION((0.,0.,1.));
#12239=IFCDIRECTION((1.,0.,0.));
#12240=IFCAXIS2PLACEMENT3D(#12237,#12238,#12239);
#12241=IFCDIRECTION((0.,0.,1.));
#12242=IFCEXTRUDEDAREASOLID(#12236,#12240,#12241,0.02500000037252903);
#12243=IFCCARTESIANPOINTLIST2D(((0.,0.),(0.,2.0206588357686996),(0.77909252047538757,2.0206588357686996),(0.77909252047538757,0.),(0.70328430086374283,0.),(0.70328430086374283,1.9448506161570549),(0.075808219611644745,1.9448506161570549),(0.075808219611644745,0.)));
#12244=IFCINDEXEDPOLYCURVE(#12243,(IFCLINEINDEX((1,2,3,4,5,6,7,8,1))),$);
#12245=IFCARBITRARYCLOSEDPROFILEDEF(.AREA.,$,#12244);
#12246=IFCCARTESIANPOINT((-0.020658835768699646,-0.0010000000474974513,0.));
#12247=IFCDIRECTION((0.,-1.,0.));
#12248=IFCDIRECTION((1.,0.,0.));
#12249=IFCAXIS2PLACEMENT3D(#12246,#12247,#12248);
#12250=IFCDIRECTION((0.,0.,-1.));
#12251=IFCEXTRUDEDAREASOLID(#12245,#12249,#12250,0.0010000000474974513);
#12252=IFCCARTESIANPOINTLIST2D(((0.,0.),(0.,2.0206588357686996),(0.77909252047538757,2.0206588357686996),(0.77909252047538757,0.),(0.7334336843341589,0.),(0.7334336843341589,1.974999999627471),(0.045658836141228676,1.974999999627471),(0.045658836141228676,0.)));
#12253=IFCINDEXEDPOLYCURVE(#12252,(IFCLINEINDEX((1,2,3,4,5,6,7,8,1))),$);
#12254=IFCARBITRARYCLOSEDPROFILEDEF(.AREA.,$,#12253);
#12255=IFCCARTESIANPOINT((-0.020658835768699646,0.040000006556510925,0.));
#12256=IFCDIRECTION((0.,-1.,0.));
#12257=IFCDIRECTION((1.,0.,0.));
#12258=IFCAXIS2PLACEMENT3D(#12255,#12256,#12257);
#12259=IFCDIRECTION((0.,0.,-1.));
#12260=IFCEXTRUDEDAREASOLID(#12254,#12258,#12259,0.0010000000474974513);
#12261=IFCCARTESIANPOINTLIST2D(((0.,0.),(0.68777484819293022,0.),(0.68777484819293022,0.035000000149011612),(0.,0.035000000149011612)));
#12262=IFCINDEXEDPOLYCURVE(#12261,(IFCLINEINDEX((1,2,3,4,1))),$);
#12263=IFCARBITRARYCLOSEDPROFILEDEF(.AREA.,$,#12262);
#12264=IFCCARTESIANPOINT((0.02500000037252903,0.02500000037252903,0.02500000037252903));
#12265=IFCDIRECTION((0.,0.,1.));
#12266=IFCDIRECTION((1.,0.,0.));
#12267=IFCAXIS2PLACEMENT3D(#12264,#12265,#12266);
#12268=IFCDIRECTION((0.,0.,1.));
#12269=IFCEXTRUDEDAREASOLID(#12263,#12267,#12268,1.9499999992549419);
#12270=IFCCARTESIANPOINTLIST2D(((0.,0.),(0.,-0.040000000000000001),(-0.11999999999999988,-0.040000000000000001),(-0.11999999999999988,-0.02),(-0.020000000000000018,-0.02),(-0.020000000000000018,0.)));
#12271=IFCINDEXEDPOLYCURVE(#12270,(IFCLINEINDEX((1,2,3,4,5,6,1))),$);
#12272=IFCARBITRARYCLOSEDPROFILEDEF(.AREA.,$,#12271);
#12273=IFCCARTESIANPOINT((0.66277484856545921,0.02500000037252903,1.015000000372529));
#12274=IFCDIRECTION((0.,0.,1.));
#12275=IFCDIRECTION((1.,0.,0.));
#12276=IFCAXIS2PLACEMENT3D(#12273,#12274,#12275);
#12277=IFCDIRECTION((0.,0.,1.));
#12278=IFCEXTRUDEDAREASOLID(#12272,#12276,#12277,0.02);
#12279=IFCEXTRUDEDAREASOLID(#12280,#12283,#12287,0.02);
#12280=IFCARBITRARYCLOSEDPROFILEDEF(.AREA.,$,#12281);
#12281=IFCINDEXEDPOLYCURVE(#12282,(IFCLINEINDEX((1,2,3,4,5,6,1))),$);
#12282=IFCCARTESIANPOINTLIST2D(((0.,0.),(0.,0.040000000000000008),(-0.11999999999999988,0.040000000000000008),(-0.11999999999999988,0.020000000000000004),(-0.020000000000000018,0.020000000000000004),(-0.020000000000000018,0.)));
#12283=IFCAXIS2PLACEMENT3D(#12284,#12285,#12286);
#12284=IFCCARTESIANPOINT((0.66277484856545921,0.060000000521540642,1.015000000372529));
#12285=IFCDIRECTION((0.,0.,1.));
#12286=IFCDIRECTION((1.,0.,0.));
#12287=IFCDIRECTION((0.,0.,1.));
#12331=IFCCARTESIANPOINTLIST2D(((0.,0.),(0.,2.),(0.73777484893798828,2.),(0.73777484893798828,0.),(0.71277484856545925,0.),(0.71277484856545925,1.974999999627471),(0.02500000037252903,1.974999999627471),(0.02500000037252903,0.)));
#12332=IFCINDEXEDPOLYCURVE(#12331,(IFCLINEINDEX((1,2,3,4,5,6,7,8,1))),$);
#12333=IFCARBITRARYCLOSEDPROFILEDEF(.AREA.,$,#12332);
#12334=IFCCARTESIANPOINT((0.,0.02500000037252903,0.));
#12335=IFCDIRECTION((0.,-1.,0.));
#12336=IFCDIRECTION((1.,0.,0.));
#12337=IFCAXIS2PLACEMENT3D(#12334,#12335,#12336);
#12338=IFCDIRECTION((0.,0.,-1.));
#12339=IFCEXTRUDEDAREASOLID(#12333,#12337,#12338,0.015000006183981895);
#12340=IFCCARTESIANPOINTLIST2D(((0.,0.),(0.,2.),(0.73777484893798828,2.),(0.73777484893798828,0.),(0.68262546509504318,0.),(0.68262546509504318,1.9448506161570549),(0.055149383842945099,1.9448506161570549),(0.055149383842945099,0.)));
#12341=IFCINDEXEDPOLYCURVE(#12340,(IFCLINEINDEX((1,2,3,4,5,6,7,8,1))),$);
#12342=IFCARBITRARYCLOSEDPROFILEDEF(.AREA.,$,#12341);
#12343=IFCCARTESIANPOINT((0.,0.,0.));
#12344=IFCDIRECTION((0.,-1.,0.));
#12345=IFCDIRECTION((1.,0.,0.));
#12346=IFCAXIS2PLACEMENT3D(#12343,#12344,#12345);
#12347=IFCDIRECTION((0.,0.,-1.));
#12348=IFCEXTRUDEDAREASOLID(#12342,#12346,#12347,0.02500000037252903);
#12349=IFCCARTESIANPOINTLIST2D(((0.,0.),(0.62747608125209808,0.),(0.62747608125209808,0.10000000149011612),(0.,0.10000000149011612)));
#12350=IFCINDEXEDPOLYCURVE(#12349,(IFCLINEINDEX((1,2,3,4,1))),$);
#12351=IFCARBITRARYCLOSEDPROFILEDEF(.AREA.,$,#12350);
#12352=IFCCARTESIANPOINT((0.055149383842945099,0.,0.));
#12353=IFCDIRECTION((0.,0.,1.));
#12354=IFCDIRECTION((1.,0.,0.));
#12355=IFCAXIS2PLACEMENT3D(#12352,#12353,#12354);
#12356=IFCDIRECTION((0.,0.,1.));
#12357=IFCEXTRUDEDAREASOLID(#12351,#12355,#12356,0.02500000037252903);
#12358=IFCCARTESIANPOINTLIST2D(((0.,0.),(0.,2.0206588357686996),(0.77909252047538757,2.0206588357686996),(0.77909252047538757,0.),(0.70328430086374283,0.),(0.70328430086374283,1.9448506161570549),(0.075808219611644745,1.9448506161570549),(0.075808219611644745,0.)));
#12359=IFCINDEXEDPOLYCURVE(#12358,(IFCLINEINDEX((1,2,3,4,5,6,7,8,1))),$);
#12360=IFCARBITRARYCLOSEDPROFILEDEF(.AREA.,$,#12359);
#12361=IFCCARTESIANPOINT((-0.020658835768699646,-0.0010000000474974513,0.));
#12362=IFCDIRECTION((0.,-1.,0.));
#12363=IFCDIRECTION((1.,0.,0.));
#12364=IFCAXIS2PLACEMENT3D(#12361,#12362,#12363);
#12365=IFCDIRECTION((0.,0.,-1.));
#12366=IFCEXTRUDEDAREASOLID(#12360,#12364,#12365,0.0010000000474974513);
#12367=IFCCARTESIANPOINTLIST2D(((0.,0.),(0.,2.0206588357686996),(0.77909252047538757,2.0206588357686996),(0.77909252047538757,0.),(0.7334336843341589,0.),(0.7334336843341589,1.974999999627471),(0.045658836141228676,1.974999999627471),(0.045658836141228676,0.)));
#12368=IFCINDEXEDPOLYCURVE(#12367,(IFCLINEINDEX((1,2,3,4,5,6,7,8,1))),$);
#12369=IFCARBITRARYCLOSEDPROFILEDEF(.AREA.,$,#12368);
#12370=IFCCARTESIANPOINT((-0.020658835768699646,0.040000006556510925,0.));
#12371=IFCDIRECTION((0.,-1.,0.));
#12372=IFCDIRECTION((1.,0.,0.));
#12373=IFCAXIS2PLACEMENT3D(#12370,#12371,#12372);
#12374=IFCDIRECTION((0.,0.,-1.));
#12375=IFCEXTRUDEDAREASOLID(#12369,#12373,#12374,0.0010000000474974513);
#12376=IFCCARTESIANPOINTLIST2D(((0.,0.),(0.68777484819293022,0.),(0.68777484819293022,0.035000000149011612),(0.,0.035000000149011612)));
#12377=IFCINDEXEDPOLYCURVE(#12376,(IFCLINEINDEX((1,2,3,4,1))),$);
#12378=IFCARBITRARYCLOSEDPROFILEDEF(.AREA.,$,#12377);
#12379=IFCCARTESIANPOINT((0.02500000037252903,0.02500000037252903,0.02500000037252903));
#12380=IFCDIRECTION((0.,0.,1.));
#12381=IFCDIRECTION((1.,0.,0.));
#12382=IFCAXIS2PLACEMENT3D(#12379,#12380,#12381);
#12383=IFCDIRECTION((0.,0.,1.));
#12384=IFCEXTRUDEDAREASOLID(#12378,#12382,#12383,1.9499999992549419);
#12385=IFCCARTESIANPOINTLIST2D(((0.,0.),(0.,-0.040000000000000001),(-0.11999999999999988,-0.040000000000000001),(-0.11999999999999988,-0.02),(-0.020000000000000018,-0.02),(-0.020000000000000018,0.)));
#12386=IFCINDEXEDPOLYCURVE(#12385,(IFCLINEINDEX((1,2,3,4,5,6,1))),$);
#12387=IFCARBITRARYCLOSEDPROFILEDEF(.AREA.,$,#12386);
#12388=IFCCARTESIANPOINT((0.66277484856545921,0.02500000037252903,1.015000000372529));
#12389=IFCDIRECTION((0.,0.,1.));
#12390=IFCDIRECTION((1.,0.,0.));
#12391=IFCAXIS2PLACEMENT3D(#12388,#12389,#12390);
#12392=IFCDIRECTION((0.,0.,1.));
#12393=IFCEXTRUDEDAREASOLID(#12387,#12391,#12392,0.02);
#12394=IFCEXTRUDEDAREASOLID(#12395,#12398,#12402,0.02);
#12395=IFCARBITRARYCLOSEDPROFILEDEF(.AREA.,$,#12396);
#12396=IFCINDEXEDPOLYCURVE(#12397,(IFCLINEINDEX((1,2,3,4,5,6,1))),$);
#12397=IFCCARTESIANPOINTLIST2D(((0.,0.),(0.,0.040000000000000008),(-0.11999999999999988,0.040000000000000008),(-0.11999999999999988,0.020000000000000004),(-0.020000000000000018,0.020000000000000004),(-0.020000000000000018,0.)));
#12398=IFCAXIS2PLACEMENT3D(#12399,#12400,#12401);
#12399=IFCCARTESIANPOINT((0.66277484856545921,0.060000000521540642,1.015000000372529));
#12400=IFCDIRECTION((0.,0.,1.));
#12401=IFCDIRECTION((1.,0.,0.));
#12402=IFCDIRECTION((0.,0.,1.));
#12461=IFCCARTESIANPOINTLIST2D(((0.,0.),(0.,2.),(0.70126509666442871,2.),(0.70126509666442871,0.),(0.67626509629189968,0.),(0.67626509629189968,1.974999999627471),(0.02500000037252903,1.974999999627471),(0.02500000037252903,0.)));
#12462=IFCINDEXEDPOLYCURVE(#12461,(IFCLINEINDEX((1,2,3,4,5,6,7,8,1))),$);
#12463=IFCARBITRARYCLOSEDPROFILEDEF(.AREA.,$,#12462);
#12464=IFCCARTESIANPOINT((0.,0.02500000037252903,0.));
#12465=IFCDIRECTION((0.,-1.,0.));
#12466=IFCDIRECTION((1.,0.,0.));
#12467=IFCAXIS2PLACEMENT3D(#12464,#12465,#12466);
#12468=IFCDIRECTION((0.,0.,-1.));
#12469=IFCEXTRUDEDAREASOLID(#12463,#12467,#12468,0.015000006183981895);
#12470=IFCCARTESIANPOINTLIST2D(((0.,0.),(0.,2.),(0.70126509666442871,2.),(0.70126509666442871,0.),(0.64611571282148361,0.),(0.64611571282148361,1.9448506161570549),(0.055149383842945099,1.9448506161570549),(0.055149383842945099,0.)));
#12471=IFCINDEXEDPOLYCURVE(#12470,(IFCLINEINDEX((1,2,3,4,5,6,7,8,1))),$);
#12472=IFCARBITRARYCLOSEDPROFILEDEF(.AREA.,$,#12471);
#12473=IFCCARTESIANPOINT((0.,0.,0.));
#12474=IFCDIRECTION((0.,-1.,0.));
#12475=IFCDIRECTION((1.,0.,0.));
#12476=IFCAXIS2PLACEMENT3D(#12473,#12474,#12475);
#12477=IFCDIRECTION((0.,0.,-1.));
#12478=IFCEXTRUDEDAREASOLID(#12472,#12476,#12477,0.02500000037252903);
#12479=IFCCARTESIANPOINTLIST2D(((0.,0.),(0.59096632897853851,0.),(0.59096632897853851,0.10000000149011612),(0.,0.10000000149011612)));
#12480=IFCINDEXEDPOLYCURVE(#12479,(IFCLINEINDEX((1,2,3,4,1))),$);
#12481=IFCARBITRARYCLOSEDPROFILEDEF(.AREA.,$,#12480);
#12482=IFCCARTESIANPOINT((0.055149383842945099,0.,0.));
#12483=IFCDIRECTION((0.,0.,1.));
#12484=IFCDIRECTION((1.,0.,0.));
#12485=IFCAXIS2PLACEMENT3D(#12482,#12483,#12484);
#12486=IFCDIRECTION((0.,0.,1.));
#12487=IFCEXTRUDEDAREASOLID(#12481,#12485,#12486,0.02500000037252903);
#12488=IFCCARTESIANPOINTLIST2D(((0.,0.),(0.,2.0206588357686996),(0.742582768201828,2.0206588357686996),(0.742582768201828,0.),(0.66677454859018326,0.),(0.66677454859018326,1.9448506161570549),(0.075808219611644745,1.9448506161570549),(0.075808219611644745,0.)));
#12489=IFCINDEXEDPOLYCURVE(#12488,(IFCLINEINDEX((1,2,3,4,5,6,7,8,1))),$);
#12490=IFCARBITRARYCLOSEDPROFILEDEF(.AREA.,$,#12489);
#12491=IFCCARTESIANPOINT((-0.020658835768699646,-0.0010000000474974513,0.));
#12492=IFCDIRECTION((0.,-1.,0.));
#12493=IFCDIRECTION((1.,0.,0.));
#12494=IFCAXIS2PLACEMENT3D(#12491,#12492,#12493);
#12495=IFCDIRECTION((0.,0.,-1.));
#12496=IFCEXTRUDEDAREASOLID(#12490,#12494,#12495,0.0010000000474974513);
#12497=IFCCARTESIANPOINTLIST2D(((0.,0.),(0.,2.0206588357686996),(0.742582768201828,2.0206588357686996),(0.742582768201828,0.),(0.69692393206059933,0.),(0.69692393206059933,1.974999999627471),(0.045658836141228676,1.974999999627471),(0.045658836141228676,0.)));
#12498=IFCINDEXEDPOLYCURVE(#12497,(IFCLINEINDEX((1,2,3,4,5,6,7,8,1))),$);
#12499=IFCARBITRARYCLOSEDPROFILEDEF(.AREA.,$,#12498);
#12500=IFCCARTESIANPOINT((-0.020658835768699646,0.040000006556510925,0.));
#12501=IFCDIRECTION((0.,-1.,0.));
#12502=IFCDIRECTION((1.,0.,0.));
#12503=IFCAXIS2PLACEMENT3D(#12500,#12501,#12502);
#12504=IFCDIRECTION((0.,0.,-1.));
#12505=IFCEXTRUDEDAREASOLID(#12499,#12503,#12504,0.0010000000474974513);
#12506=IFCCARTESIANPOINTLIST2D(((0.,0.),(0.65126509591937065,0.),(0.65126509591937065,0.035000000149011612),(0.,0.035000000149011612)));
#12507=IFCINDEXEDPOLYCURVE(#12506,(IFCLINEINDEX((1,2,3,4,1))),$);
#12508=IFCARBITRARYCLOSEDPROFILEDEF(.AREA.,$,#12507);
#12509=IFCCARTESIANPOINT((0.02500000037252903,0.02500000037252903,0.02500000037252903));
#12510=IFCDIRECTION((0.,0.,1.));
#12511=IFCDIRECTION((1.,0.,0.));
#12512=IFCAXIS2PLACEMENT3D(#12509,#12510,#12511);
#12513=IFCDIRECTION((0.,0.,1.));
#12514=IFCEXTRUDEDAREASOLID(#12508,#12512,#12513,1.9499999992549419);
#12515=IFCCARTESIANPOINTLIST2D(((0.,0.),(0.,-0.040000000000000001),(-0.11999999999999988,-0.040000000000000001),(-0.11999999999999988,-0.02),(-0.020000000000000018,-0.02),(-0.020000000000000018,0.)));
#12516=IFCINDEXEDPOLYCURVE(#12515,(IFCLINEINDEX((1,2,3,4,5,6,1))),$);
#12517=IFCARBITRARYCLOSEDPROFILEDEF(.AREA.,$,#12516);
#12518=IFCCARTESIANPOINT((0.62626509629189964,0.02500000037252903,1.015000000372529));
#12519=IFCDIRECTION((0.,0.,1.));
#12520=IFCDIRECTION((1.,0.,0.));
#12521=IFCAXIS2PLACEMENT3D(#12518,#12519,#12520);
#12522=IFCDIRECTION((0.,0.,1.));
#12523=IFCEXTRUDEDAREASOLID(#12517,#12521,#12522,0.02);
#12524=IFCEXTRUDEDAREASOLID(#12525,#12528,#12532,0.02);
#12525=IFCARBITRARYCLOSEDPROFILEDEF(.AREA.,$,#12526);
#12526=IFCINDEXEDPOLYCURVE(#12527,(IFCLINEINDEX((1,2,3,4,5,6,1))),$);
#12527=IFCCARTESIANPOINTLIST2D(((0.,0.),(0.,0.040000000000000008),(-0.11999999999999988,0.040000000000000008),(-0.11999999999999988,0.020000000000000004),(-0.020000000000000018,0.020000000000000004),(-0.020000000000000018,0.)));
#12528=IFCAXIS2PLACEMENT3D(#12529,#12530,#12531);
#12529=IFCCARTESIANPOINT((0.62626509629189964,0.060000000521540642,1.015000000372529));
#12530=IFCDIRECTION((0.,0.,1.));
#12531=IFCDIRECTION((1.,0.,0.));
#12532=IFCDIRECTION((0.,0.,1.));
#12576=IFCCARTESIANPOINTLIST2D(((0.,0.),(0.,2.),(0.70126509666442871,2.),(0.70126509666442871,0.),(0.67626509629189968,0.),(0.67626509629189968,1.974999999627471),(0.02500000037252903,1.974999999627471),(0.02500000037252903,0.)));
#12577=IFCINDEXEDPOLYCURVE(#12576,(IFCLINEINDEX((1,2,3,4,5,6,7,8,1))),$);
#12578=IFCARBITRARYCLOSEDPROFILEDEF(.AREA.,$,#12577);
#12579=IFCCARTESIANPOINT((0.,0.02500000037252903,0.));
#12580=IFCDIRECTION((0.,-1.,0.));
#12581=IFCDIRECTION((1.,0.,0.));
#12582=IFCAXIS2PLACEMENT3D(#12579,#12580,#12581);
#12583=IFCDIRECTION((0.,0.,-1.));
#12584=IFCEXTRUDEDAREASOLID(#12578,#12582,#12583,0.015000006183981895);
#12585=IFCCARTESIANPOINTLIST2D(((0.,0.),(0.,2.),(0.70126509666442871,2.),(0.70126509666442871,0.),(0.64611571282148361,0.),(0.64611571282148361,1.9448506161570549),(0.055149383842945099,1.9448506161570549),(0.055149383842945099,0.)));
#12586=IFCINDEXEDPOLYCURVE(#12585,(IFCLINEINDEX((1,2,3,4,5,6,7,8,1))),$);
#12587=IFCARBITRARYCLOSEDPROFILEDEF(.AREA.,$,#12586);
#12588=IFCCARTESIANPOINT((0.,0.,0.));
#12589=IFCDIRECTION((0.,-1.,0.));
#12590=IFCDIRECTION((1.,0.,0.));
#12591=IFCAXIS2PLACEMENT3D(#12588,#12589,#12590);
#12592=IFCDIRECTION((0.,0.,-1.));
#12593=IFCEXTRUDEDAREASOLID(#12587,#12591,#12592,0.02500000037252903);
#12594=IFCCARTESIANPOINTLIST2D(((0.,0.),(0.59096632897853851,0.),(0.59096632897853851,0.10000000149011612),(0.,0.10000000149011612)));
#12595=IFCINDEXEDPOLYCURVE(#12594,(IFCLINEINDEX((1,2,3,4,1))),$);
#12596=IFCARBITRARYCLOSEDPROFILEDEF(.AREA.,$,#12595);
#12597=IFCCARTESIANPOINT((0.055149383842945099,0.,0.));
#12598=IFCDIRECTION((0.,0.,1.));
#12599=IFCDIRECTION((1.,0.,0.));
#12600=IFCAXIS2PLACEMENT3D(#12597,#12598,#12599);
#12601=IFCDIRECTION((0.,0.,1.));
#12602=IFCEXTRUDEDAREASOLID(#12596,#12600,#12601,0.02500000037252903);
#12603=IFCCARTESIANPOINTLIST2D(((0.,0.),(0.,2.0206588357686996),(0.742582768201828,2.0206588357686996),(0.742582768201828,0.),(0.66677454859018326,0.),(0.66677454859018326,1.9448506161570549),(0.075808219611644745,1.9448506161570549),(0.075808219611644745,0.)));
#12604=IFCINDEXEDPOLYCURVE(#12603,(IFCLINEINDEX((1,2,3,4,5,6,7,8,1))),$);
#12605=IFCARBITRARYCLOSEDPROFILEDEF(.AREA.,$,#12604);
#12606=IFCCARTESIANPOINT((-0.020658835768699646,-0.0010000000474974513,0.));
#12607=IFCDIRECTION((0.,-1.,0.));
#12608=IFCDIRECTION((1.,0.,0.));
#12609=IFCAXIS2PLACEMENT3D(#12606,#12607,#12608);
#12610=IFCDIRECTION((0.,0.,-1.));
#12611=IFCEXTRUDEDAREASOLID(#12605,#12609,#12610,0.0010000000474974513);
#12612=IFCCARTESIANPOINTLIST2D(((0.,0.),(0.,2.0206588357686996),(0.742582768201828,2.0206588357686996),(0.742582768201828,0.),(0.69692393206059933,0.),(0.69692393206059933,1.974999999627471),(0.045658836141228676,1.974999999627471),(0.045658836141228676,0.)));
#12613=IFCINDEXEDPOLYCURVE(#12612,(IFCLINEINDEX((1,2,3,4,5,6,7,8,1))),$);
#12614=IFCARBITRARYCLOSEDPROFILEDEF(.AREA.,$,#12613);
#12615=IFCCARTESIANPOINT((-0.020658835768699646,0.040000006556510925,0.));
#12616=IFCDIRECTION((0.,-1.,0.));
#12617=IFCDIRECTION((1.,0.,0.));
#12618=IFCAXIS2PLACEMENT3D(#12615,#12616,#12617);
#12619=IFCDIRECTION((0.,0.,-1.));
#12620=IFCEXTRUDEDAREASOLID(#12614,#12618,#12619,0.0010000000474974513);
#12621=IFCCARTESIANPOINTLIST2D(((0.,0.),(0.65126509591937065,0.),(0.65126509591937065,0.035000000149011612),(0.,0.035000000149011612)));
#12622=IFCINDEXEDPOLYCURVE(#12621,(IFCLINEINDEX((1,2,3,4,1))),$);
#12623=IFCARBITRARYCLOSEDPROFILEDEF(.AREA.,$,#12622);
#12624=IFCCARTESIANPOINT((0.02500000037252903,0.02500000037252903,0.02500000037252903));
#12625=IFCDIRECTION((0.,0.,1.));
#12626=IFCDIRECTION((1.,0.,0.));
#12627=IFCAXIS2PLACEMENT3D(#12624,#12625,#12626);
#12628=IFCDIRECTION((0.,0.,1.));
#12629=IFCEXTRUDEDAREASOLID(#12623,#12627,#12628,1.9499999992549419);
#12630=IFCCARTESIANPOINTLIST2D(((0.,0.),(0.,-0.040000000000000001),(-0.11999999999999988,-0.040000000000000001),(-0.11999999999999988,-0.02),(-0.020000000000000018,-0.02),(-0.020000000000000018,0.)));
#12631=IFCINDEXEDPOLYCURVE(#12630,(IFCLINEINDEX((1,2,3,4,5,6,1))),$);
#12632=IFCARBITRARYCLOSEDPROFILEDEF(.AREA.,$,#12631);
#12633=IFCCARTESIANPOINT((0.62626509629189964,0.02500000037252903,1.015000000372529));
#12634=IFCDIRECTION((0.,0.,1.));
#12635=IFCDIRECTION((1.,0.,0.));
#12636=IFCAXIS2PLACEMENT3D(#12633,#12634,#12635);
#12637=IFCDIRECTION((0.,0.,1.));
#12638=IFCEXTRUDEDAREASOLID(#12632,#12636,#12637,0.02);
#12639=IFCEXTRUDEDAREASOLID(#12640,#12643,#12647,0.02);
#12640=IFCARBITRARYCLOSEDPROFILEDEF(.AREA.,$,#12641);
#12641=IFCINDEXEDPOLYCURVE(#12642,(IFCLINEINDEX((1,2,3,4,5,6,1))),$);
#12642=IFCCARTESIANPOINTLIST2D(((0.,0.),(0.,0.040000000000000008),(-0.11999999999999988,0.040000000000000008),(-0.11999999999999988,0.020000000000000004),(-0.020000000000000018,0.020000000000000004),(-0.020000000000000018,0.)));
#12643=IFCAXIS2PLACEMENT3D(#12644,#12645,#12646);
#12644=IFCCARTESIANPOINT((0.62626509629189964,0.060000000521540642,1.015000000372529));
#12645=IFCDIRECTION((0.,0.,1.));
#12646=IFCDIRECTION((1.,0.,0.));
#12647=IFCDIRECTION((0.,0.,1.));
#12688=IFCCARTESIANPOINTLIST3D(((0.,0.,0.),(0.70126509666442871,0.,0.),(0.70126509666442871,0.,2.),(0.,0.,2.)));
#12689=IFCINDEXEDPOLYCURVE(#12688,(IFCLINEINDEX((1,2,3,4,1))),$);
#12690=IFCSHAPEREPRESENTATION(#18,'Profile','Curve3D',(#12689));
#12691=IFCCARTESIANPOINTLIST2D(((0.,0.),(0.,2.),(0.70126509666442871,2.),(0.70126509666442871,0.),(0.67626509629189968,0.),(0.67626509629189968,1.974999999627471),(0.02500000037252903,1.974999999627471),(0.02500000037252903,0.)));
#12692=IFCINDEXEDPOLYCURVE(#12691,(IFCLINEINDEX((1,2,3,4,5,6,7,8,1))),$);
#12693=IFCARBITRARYCLOSEDPROFILEDEF(.AREA.,$,#12692);
#12694=IFCCARTESIANPOINT((0.,0.02500000037252903,0.));
#12695=IFCDIRECTION((0.,-1.,0.));
#12696=IFCDIRECTION((1.,0.,0.));
#12697=IFCAXIS2PLACEMENT3D(#12694,#12695,#12696);
#12698=IFCDIRECTION((0.,0.,-1.));
#12699=IFCEXTRUDEDAREASOLID(#12693,#12697,#12698,0.015000006183981895);
#12700=IFCCARTESIANPOINTLIST2D(((0.,0.),(0.,2.),(0.70126509666442871,2.),(0.70126509666442871,0.),(0.64611571282148361,0.),(0.64611571282148361,1.9448506161570549),(0.055149383842945099,1.9448506161570549),(0.055149383842945099,0.)));
#12701=IFCINDEXEDPOLYCURVE(#12700,(IFCLINEINDEX((1,2,3,4,5,6,7,8,1))),$);
#12702=IFCARBITRARYCLOSEDPROFILEDEF(.AREA.,$,#12701);
#12703=IFCCARTESIANPOINT((0.,0.,0.));
#12704=IFCDIRECTION((0.,-1.,0.));
#12705=IFCDIRECTION((1.,0.,0.));
#12706=IFCAXIS2PLACEMENT3D(#12703,#12704,#12705);
#12707=IFCDIRECTION((0.,0.,-1.));
#12708=IFCEXTRUDEDAREASOLID(#12702,#12706,#12707,0.02500000037252903);
#12709=IFCCARTESIANPOINTLIST2D(((0.,0.),(0.59096632897853851,0.),(0.59096632897853851,0.10000000149011612),(0.,0.10000000149011612)));
#12710=IFCINDEXEDPOLYCURVE(#12709,(IFCLINEINDEX((1,2,3,4,1))),$);
#12711=IFCARBITRARYCLOSEDPROFILEDEF(.AREA.,$,#12710);
#12712=IFCCARTESIANPOINT((0.055149383842945099,0.,0.));
#12713=IFCDIRECTION((0.,0.,1.));
#12714=IFCDIRECTION((1.,0.,0.));
#12715=IFCAXIS2PLACEMENT3D(#12712,#12713,#12714);
#12716=IFCDIRECTION((0.,0.,1.));
#12717=IFCEXTRUDEDAREASOLID(#12711,#12715,#12716,0.02500000037252903);
#12718=IFCCARTESIANPOINTLIST2D(((0.,0.),(0.,2.0206588357686996),(0.742582768201828,2.0206588357686996),(0.742582768201828,0.),(0.66677454859018326,0.),(0.66677454859018326,1.9448506161570549),(0.075808219611644745,1.9448506161570549),(0.075808219611644745,0.)));
#12719=IFCINDEXEDPOLYCURVE(#12718,(IFCLINEINDEX((1,2,3,4,5,6,7,8,1))),$);
#12720=IFCARBITRARYCLOSEDPROFILEDEF(.AREA.,$,#12719);
#12721=IFCCARTESIANPOINT((-0.020658835768699646,-0.0010000000474974513,0.));
#12722=IFCDIRECTION((0.,-1.,0.));
#12723=IFCDIRECTION((1.,0.,0.));
#12724=IFCAXIS2PLACEMENT3D(#12721,#12722,#12723);
#12725=IFCDIRECTION((0.,0.,-1.));
#12726=IFCEXTRUDEDAREASOLID(#12720,#12724,#12725,0.0010000000474974513);
#12727=IFCCARTESIANPOINTLIST2D(((0.,0.),(0.,2.0206588357686996),(0.742582768201828,2.0206588357686996),(0.742582768201828,0.),(0.69692393206059933,0.),(0.69692393206059933,1.974999999627471),(0.045658836141228676,1.974999999627471),(0.045658836141228676,0.)));
#12728=IFCINDEXEDPOLYCURVE(#12727,(IFCLINEINDEX((1,2,3,4,5,6,7,8,1))),$);
#12729=IFCARBITRARYCLOSEDPROFILEDEF(.AREA.,$,#12728);
#12730=IFCCARTESIANPOINT((-0.020658835768699646,0.040000006556510925,0.));
#12731=IFCDIRECTION((0.,-1.,0.));
#12732=IFCDIRECTION((1.,0.,0.));
#12733=IFCAXIS2PLACEMENT3D(#12730,#12731,#12732);
#12734=IFCDIRECTION((0.,0.,-1.));
#12735=IFCEXTRUDEDAREASOLID(#12729,#12733,#12734,0.0010000000474974513);
#12736=IFCCARTESIANPOINTLIST2D(((0.,0.),(0.65126509591937065,0.),(0.65126509591937065,0.035000000149011612),(0.,0.035000000149011612)));
#12737=IFCINDEXEDPOLYCURVE(#12736,(IFCLINEINDEX((1,2,3,4,1))),$);
#12738=IFCARBITRARYCLOSEDPROFILEDEF(.AREA.,$,#12737);
#12739=IFCCARTESIANPOINT((0.02500000037252903,0.02500000037252903,0.02500000037252903));
#12740=IFCDIRECTION((0.,0.,1.));
#12741=IFCDIRECTION((1.,0.,0.));
#12742=IFCAXIS2PLACEMENT3D(#12739,#12740,#12741);
#12743=IFCDIRECTION((0.,0.,1.));
#12744=IFCEXTRUDEDAREASOLID(#12738,#12742,#12743,1.9499999992549419);
#12745=IFCCARTESIANPOINTLIST2D(((0.,0.),(0.,-0.040000000000000001),(-0.11999999999999988,-0.040000000000000001),(-0.11999999999999988,-0.02),(-0.020000000000000018,-0.02),(-0.020000000000000018,0.)));
#12746=IFCINDEXEDPOLYCURVE(#12745,(IFCLINEINDEX((1,2,3,4,5,6,1))),$);
#12747=IFCARBITRARYCLOSEDPROFILEDEF(.AREA.,$,#12746);
#12748=IFCCARTESIANPOINT((0.62626509629189964,0.02500000037252903,1.015000000372529));
#12749=IFCDIRECTION((0.,0.,1.));
#12750=IFCDIRECTION((1.,0.,0.));
#12751=IFCAXIS2PLACEMENT3D(#12748,#12749,#12750);
#12752=IFCDIRECTION((0.,0.,1.));
#12753=IFCEXTRUDEDAREASOLID(#12747,#12751,#12752,0.02);
#12754=IFCEXTRUDEDAREASOLID(#12755,#12758,#12762,0.02);
#12755=IFCARBITRARYCLOSEDPROFILEDEF(.AREA.,$,#12756);
#12756=IFCINDEXEDPOLYCURVE(#12757,(IFCLINEINDEX((1,2,3,4,5,6,1))),$);
#12757=IFCCARTESIANPOINTLIST2D(((0.,0.),(0.,0.040000000000000008),(-0.11999999999999988,0.040000000000000008),(-0.11999999999999988,0.020000000000000004),(-0.020000000000000018,0.020000000000000004),(-0.020000000000000018,0.)));
#12758=IFCAXIS2PLACEMENT3D(#12759,#12760,#12761);
#12759=IFCCARTESIANPOINT((0.62626509629189964,0.060000000521540642,1.015000000372529));
#12760=IFCDIRECTION((0.,0.,1.));
#12761=IFCDIRECTION((1.,0.,0.));
#12762=IFCDIRECTION((0.,0.,1.));
#12763=IFCSHAPEREPRESENTATION(#11,'Body','SweptSolid',(#12699,#12708,#12744,#12753,#12754,#12717,#12726,#12735));
#12764=IFCCARTESIANPOINTLIST2D(((0.,0.),(0.,0.040000006556510925),(0.02500000037252903,0.040000006556510925),(0.02500000037252903,0.02500000037252903),(0.055149383842945099,0.02500000037252903),(0.055149383842945099,0.)));
#12765=IFCINDEXEDPOLYCURVE(#12764,(IFCLINEINDEX((1,2,3,4,5,6,1))),$);
#12766=IFCINDEXEDPOLYCURVE(#12767,(IFCLINEINDEX((1,2,3,4,5,6,1))),$);
#12767=IFCCARTESIANPOINTLIST2D(((0.70126509666442871,0.),(0.70126509666442871,0.040000006556510925),(0.67626509629189968,0.040000006556510925),(0.67626509629189968,0.02500000037252903),(0.64611571282148361,0.02500000037252903),(0.64611571282148361,0.)));
#12768=IFCDIRECTION((1.,0.));
#12769=IFCCARTESIANPOINT((0.060000000521540642,0.040000006556510925));
#12770=IFCAXIS2PLACEMENT2D(#12769,#12768);
#12771=IFCELLIPSE(#12770,0.61626509577035904,0.65126509591937065);
#12772=IFCCARTESIANPOINT((0.67626509629189968,0.040000006556510925));
#12773=IFCCARTESIANPOINT((0.060000000521540642,0.69126510247588158));
#12774=IFCTRIMMEDCURVE(#12771,(#12772),(#12773),.T.,.CARTESIAN.);
#12775=IFCCARTESIANPOINTLIST2D(((0.02500000037252903,0.040000006556510925),(0.060000000521540642,0.040000006556510925),(0.060000000521540642,0.69126510247588158),(0.02500000037252903,0.69126510247588158)));
#12776=IFCINDEXEDPOLYCURVE(#12775,(IFCLINEINDEX((1,2,3,4,1))),$);
#12777=IFCSHAPEREPRESENTATION(#24,'Body','Curve2D',(#12765,#12766,#12774,#12776));
#12778=IFCCARTESIANPOINTLIST2D(((0.,0.),(0.70126509666442871,0.),(0.70126509666442871,2.),(0.,2.)));
#12779=IFCINDEXEDPOLYCURVE(#12778,(IFCLINEINDEX((1,2,3,4,1))),$);
#12780=IFCARBITRARYCLOSEDPROFILEDEF(.AREA.,$,#12779);
#12781=IFCCARTESIANPOINT((0.,-0.60000002384185791,0.));
#12782=IFCDIRECTION((0.,-1.,0.));
#12783=IFCDIRECTION((1.,0.,0.));
#12784=IFCAXIS2PLACEMENT3D(#12781,#12782,#12783);
#12785=IFCDIRECTION((0.,0.,-1.));
#12786=IFCEXTRUDEDAREASOLID(#12780,#12784,#12785,1.2);
#12787=IFCSHAPEREPRESENTATION(#11,'Body','SweptSolid',(#12786));
#12793=IFCCARTESIANPOINT((3.6064729808190519,0.084997954591478297,0.));
#12794=IFCDIRECTION((0.,0.,1.));
#12795=IFCDIRECTION((-0.99999999999909794,1.34308869803452E-06,0.));
#12796=IFCAXIS2PLACEMENT3D(#12793,#12794,#12795);
#12797=IFCLOCALPLACEMENT(#11095,#12796);
#12798=IFCCARTESIANPOINT((4.4408920985006262E-16,0.,0.));
#12799=IFCDIRECTION((0.,0.,1.));
#12800=IFCDIRECTION((1.,4.2351647362715017E-22,0.));
#12801=IFCAXIS2PLACEMENT3D(#12798,#12799,#12800);
#12802=IFCLOCALPLACEMENT(#12797,#12801);
#13561=IFCDOOR('3JfU_Q_dfEFvY4p9ZwG5zP',$,'Door',$,$,#14104,#13570,$,2.,0.84118038415908813,$,.SINGLE_SWING_RIGHT.,$);
#13562=IFCRELDEFINESBYTYPE('1FjquzWa55BQnqvPuoahUg',$,$,$,(#13561),#11638);
#13563=IFCCARTESIANPOINT((0.,0.,0.));
#13564=IFCDIRECTION((1.,0.,0.));
#13565=IFCDIRECTION((0.,1.,0.));
#13566=IFCDIRECTION((0.,0.,1.));
#13567=IFCCARTESIANTRANSFORMATIONOPERATOR3D(#13564,#13565,#13563,1.,#13566);
#13568=IFCMAPPEDITEM(#11641,#13567);
#13569=IFCSHAPEREPRESENTATION(#18,'Profile','MappedRepresentation',(#13568));
#13570=IFCPRODUCTDEFINITIONSHAPE($,$,(#13569,#13577,#13584));
#13571=IFCCARTESIANPOINT((0.,0.,0.));
#13572=IFCDIRECTION((1.,0.,0.));
#13573=IFCDIRECTION((0.,1.,0.));
#13574=IFCDIRECTION((0.,0.,1.));
#13575=IFCCARTESIANTRANSFORMATIONOPERATOR3D(#13572,#13573,#13571,1.,#13574);
#13576=IFCMAPPEDITEM(#11649,#13575);
#13577=IFCSHAPEREPRESENTATION(#11,'Body','MappedRepresentation',(#13576));
#13578=IFCCARTESIANPOINT((0.,0.,0.));
#13579=IFCDIRECTION((1.,0.,0.));
#13580=IFCDIRECTION((0.,1.,0.));
#13581=IFCDIRECTION((0.,0.,1.));
#13582=IFCCARTESIANTRANSFORMATIONOPERATOR3D(#13579,#13580,#13578,1.,#13581);
#13583=IFCMAPPEDITEM(#11727,#13582);
#13584=IFCSHAPEREPRESENTATION(#24,'Body','MappedRepresentation',(#13583));
#13585=IFCOPENINGELEMENT('2no4o2nMrDve0StTJKsPLT',$,'Opening',$,$,#14099,#13613,$,.OPENING.);
#13601=IFCCARTESIANPOINT((0.,0.,0.));
#13602=IFCDIRECTION((1.,0.,0.));
#13603=IFCDIRECTION((0.,0.,1.));
#13604=IFCAXIS2PLACEMENT3D(#13601,#13603,#13602);
#13605=IFCREPRESENTATIONMAP(#13604,#14089);
#13606=IFCCARTESIANPOINT((0.,0.,0.));
#13607=IFCDIRECTION((1.,0.,0.));
#13608=IFCDIRECTION((0.,1.,0.));
#13609=IFCDIRECTION((0.,0.,1.));
#13610=IFCCARTESIANTRANSFORMATIONOPERATOR3D(#13607,#13608,#13606,1.,#13609);
#13611=IFCMAPPEDITEM(#13605,#13610);
#13612=IFCSHAPEREPRESENTATION(#11,'Body','MappedRepresentation',(#13611));
#13613=IFCPRODUCTDEFINITIONSHAPE($,$,(#13612));
#13614=IFCRELVOIDSELEMENT('17lf1M63vEwf3Qv$YTcF1D',$,$,$,#11039,#13585);
#13620=IFCRELFILLSELEMENT('1yt3iRIZ19HhctTj83z3OJ',$,$,$,#13585,#13561);
#13644=IFCCARTESIANPOINTLIST2D(((0.,0.),(0.,2.),(0.8615957498550415,2.),(0.8615957498550415,0.),(0.83659574948251247,0.),(0.83659574948251247,1.974999999627471),(0.02500000037252903,1.974999999627471),(0.02500000037252903,0.)));
#13645=IFCINDEXEDPOLYCURVE(#13644,(IFCLINEINDEX((1,2,3,4,5,6,7,8,1))),$);
#13646=IFCARBITRARYCLOSEDPROFILEDEF(.AREA.,$,#13645);
#13647=IFCCARTESIANPOINT((0.,0.02500000037252903,0.));
#13648=IFCDIRECTION((0.,-1.,0.));
#13649=IFCDIRECTION((1.,0.,0.));
#13650=IFCAXIS2PLACEMENT3D(#13647,#13648,#13649);
#13651=IFCDIRECTION((0.,0.,-1.));
#13652=IFCEXTRUDEDAREASOLID(#13646,#13650,#13651,0.015000006183981895);
#13653=IFCCARTESIANPOINTLIST2D(((0.,0.),(0.,2.),(0.8615957498550415,2.),(0.8615957498550415,0.),(0.78578775376081467,0.),(0.78578775376081467,1.9241920039057732),(0.075807996094226837,1.9241920039057732),(0.075807996094226837,0.)));
#13654=IFCINDEXEDPOLYCURVE(#13653,(IFCLINEINDEX((1,2,3,4,5,6,7,8,1))),$);
#13655=IFCARBITRARYCLOSEDPROFILEDEF(.AREA.,$,#13654);
#13656=IFCCARTESIANPOINT((0.,0.,0.));
#13657=IFCDIRECTION((0.,-1.,0.));
#13658=IFCDIRECTION((1.,0.,0.));
#13659=IFCAXIS2PLACEMENT3D(#13656,#13657,#13658);
#13660=IFCDIRECTION((0.,0.,-1.));
#13661=IFCEXTRUDEDAREASOLID(#13655,#13659,#13660,0.02500000037252903);
#13662=IFCCARTESIANPOINTLIST2D(((0.,0.),(0.70997975766658783,0.),(0.70997975766658783,0.10000000149011612),(0.,0.10000000149011612)));
#13663=IFCINDEXEDPOLYCURVE(#13662,(IFCLINEINDEX((1,2,3,4,1))),$);
#13664=IFCARBITRARYCLOSEDPROFILEDEF(.AREA.,$,#13663);
#13665=IFCCARTESIANPOINT((0.075807996094226837,0.,0.));
#13666=IFCDIRECTION((0.,0.,1.));
#13667=IFCDIRECTION((1.,0.,0.));
#13668=IFCAXIS2PLACEMENT3D(#13665,#13666,#13667);
#13669=IFCDIRECTION((0.,0.,1.));
#13670=IFCEXTRUDEDAREASOLID(#13664,#13668,#13669,0.02500000037252903);
#13671=IFCCARTESIANPOINTLIST2D(((0.,0.),(0.,2.),(0.8615957498550415,2.),(0.8615957498550415,0.),(0.79430310428142548,0.),(0.79430310428142548,1.932707354426384),(0.067292645573616028,1.932707354426384),(0.067292645573616028,0.)));
#13672=IFCINDEXEDPOLYCURVE(#13671,(IFCLINEINDEX((1,2,3,4,5,6,7,8,1))),$);
#13673=IFCARBITRARYCLOSEDPROFILEDEF(.AREA.,$,#13672);
#13674=IFCCARTESIANPOINT((0.,-0.0010000000474974513,0.));
#13675=IFCDIRECTION((0.,-1.,0.));
#13676=IFCDIRECTION((1.,0.,0.));
#13677=IFCAXIS2PLACEMENT3D(#13674,#13675,#13676);
#13678=IFCDIRECTION((0.,0.,-1.));
#13679=IFCEXTRUDEDAREASOLID(#13673,#13677,#13678,0.0010000000474974513);
#13680=IFCCARTESIANPOINTLIST2D(((0.,0.),(0.,2.),(0.8615957498550415,2.),(0.8615957498550415,0.),(0.84511110000312328,0.),(0.84511110000312328,1.9835153501480818),(0.016484649851918221,1.9835153501480818),(0.016484649851918221,0.)));
#13681=IFCINDEXEDPOLYCURVE(#13680,(IFCLINEINDEX((1,2,3,4,5,6,7,8,1))),$);
#13682=IFCARBITRARYCLOSEDPROFILEDEF(.AREA.,$,#13681);
#13683=IFCCARTESIANPOINT((0.,0.040000006556510925,0.));
#13684=IFCDIRECTION((0.,-1.,0.));
#13685=IFCDIRECTION((1.,0.,0.));
#13686=IFCAXIS2PLACEMENT3D(#13683,#13684,#13685);
#13687=IFCDIRECTION((0.,0.,-1.));
#13688=IFCEXTRUDEDAREASOLID(#13682,#13686,#13687,0.0010000000474974513);
#13689=IFCCARTESIANPOINTLIST2D(((0.,0.),(0.81159574910998344,0.),(0.81159574910998344,0.035000000149011612),(0.,0.035000000149011612)));
#13690=IFCINDEXEDPOLYCURVE(#13689,(IFCLINEINDEX((1,2,3,4,1))),$);
#13691=IFCARBITRARYCLOSEDPROFILEDEF(.AREA.,$,#13690);
#13692=IFCCARTESIANPOINT((0.02500000037252903,0.02500000037252903,0.02500000037252903));
#13693=IFCDIRECTION((0.,0.,1.));
#13694=IFCDIRECTION((1.,0.,0.));
#13695=IFCAXIS2PLACEMENT3D(#13692,#13693,#13694);
#13696=IFCDIRECTION((0.,0.,1.));
#13697=IFCEXTRUDEDAREASOLID(#13691,#13695,#13696,1.9499999992549419);
#13698=IFCCARTESIANPOINTLIST2D(((0.,0.),(0.,-0.040000000000000001),(-0.11999999999999988,-0.040000000000000001),(-0.11999999999999988,-0.02),(-0.020000000000000018,-0.02),(-0.020000000000000018,0.)));
#13699=IFCINDEXEDPOLYCURVE(#13698,(IFCLINEINDEX((1,2,3,4,5,6,1))),$);
#13700=IFCARBITRARYCLOSEDPROFILEDEF(.AREA.,$,#13699);
#13701=IFCCARTESIANPOINT((0.78659574948251243,0.02500000037252903,1.015000000372529));
#13702=IFCDIRECTION((0.,0.,1.));
#13703=IFCDIRECTION((1.,0.,0.));
#13704=IFCAXIS2PLACEMENT3D(#13701,#13702,#13703);
#13705=IFCDIRECTION((0.,0.,1.));
#13706=IFCEXTRUDEDAREASOLID(#13700,#13704,#13705,0.02);
#13707=IFCEXTRUDEDAREASOLID(#13708,#13711,#13715,0.02);
#13708=IFCARBITRARYCLOSEDPROFILEDEF(.AREA.,$,#13709);
#13709=IFCINDEXEDPOLYCURVE(#13710,(IFCLINEINDEX((1,2,3,4,5,6,1))),$);
#13710=IFCCARTESIANPOINTLIST2D(((0.,0.),(0.,0.040000000000000008),(-0.11999999999999988,0.040000000000000008),(-0.11999999999999988,0.020000000000000004),(-0.020000000000000018,0.020000000000000004),(-0.020000000000000018,0.)));
#13711=IFCAXIS2PLACEMENT3D(#13712,#13713,#13714);
#13712=IFCCARTESIANPOINT((0.78659574948251243,0.060000000521540642,1.015000000372529));
#13713=IFCDIRECTION((0.,0.,1.));
#13714=IFCDIRECTION((1.,0.,0.));
#13715=IFCDIRECTION((0.,0.,1.));
#13717=IFCSHAPEREPRESENTATION(#11,'Body','SweptSolid',(#13807,#13895,#13652,#14028,#13886,#13688,#13670,#13679,#14037,#13798,#13789,#14010,#13780,#14019,#13922,#14001,#13771,#13913,#13661,#13904));
#13718=IFCSHAPEASPECT((#13717),'Lining',$,.T.,#13570);
#13719=IFCSHAPEREPRESENTATION(#11,'Body','SweptSolid',(#14056,#14046,#13931,#13706,#13816,#14055,#13697,#13825,#13826,#13940,#13707,#13941));
#13720=IFCSHAPEASPECT((#13719),'Framing',$,.T.,#13570);
#13763=IFCCARTESIANPOINTLIST2D(((0.,0.),(0.,2.),(0.8615957498550415,2.),(0.8615957498550415,0.),(0.83659574948251247,0.),(0.83659574948251247,1.974999999627471),(0.02500000037252903,1.974999999627471),(0.02500000037252903,0.)));
#13764=IFCINDEXEDPOLYCURVE(#13763,(IFCLINEINDEX((1,2,3,4,5,6,7,8,1))),$);
#13765=IFCARBITRARYCLOSEDPROFILEDEF(.AREA.,$,#13764);
#13766=IFCCARTESIANPOINT((0.,0.02500000037252903,0.));
#13767=IFCDIRECTION((0.,-1.,0.));
#13768=IFCDIRECTION((1.,0.,0.));
#13769=IFCAXIS2PLACEMENT3D(#13766,#13767,#13768);
#13770=IFCDIRECTION((0.,0.,-1.));
#13771=IFCEXTRUDEDAREASOLID(#13765,#13769,#13770,0.015000006183981895);
#13772=IFCCARTESIANPOINTLIST2D(((0.,0.),(0.,2.),(0.8615957498550415,2.),(0.8615957498550415,0.),(0.78578775376081467,0.),(0.78578775376081467,1.9241920039057732),(0.075807996094226837,1.9241920039057732),(0.075807996094226837,0.)));
#13773=IFCINDEXEDPOLYCURVE(#13772,(IFCLINEINDEX((1,2,3,4,5,6,7,8,1))),$);
#13774=IFCARBITRARYCLOSEDPROFILEDEF(.AREA.,$,#13773);
#13775=IFCCARTESIANPOINT((0.,0.,0.));
#13776=IFCDIRECTION((0.,-1.,0.));
#13777=IFCDIRECTION((1.,0.,0.));
#13778=IFCAXIS2PLACEMENT3D(#13775,#13776,#13777);
#13779=IFCDIRECTION((0.,0.,-1.));
#13780=IFCEXTRUDEDAREASOLID(#13774,#13778,#13779,0.02500000037252903);
#13781=IFCCARTESIANPOINTLIST2D(((0.,0.),(0.70997975766658783,0.),(0.70997975766658783,0.10000000149011612),(0.,0.10000000149011612)));
#13782=IFCINDEXEDPOLYCURVE(#13781,(IFCLINEINDEX((1,2,3,4,1))),$);
#13783=IFCARBITRARYCLOSEDPROFILEDEF(.AREA.,$,#13782);
#13784=IFCCARTESIANPOINT((0.075807996094226837,0.,0.));
#13785=IFCDIRECTION((0.,0.,1.));
#13786=IFCDIRECTION((1.,0.,0.));
#13787=IFCAXIS2PLACEMENT3D(#13784,#13785,#13786);
#13788=IFCDIRECTION((0.,0.,1.));
#13789=IFCEXTRUDEDAREASOLID(#13783,#13787,#13788,0.02500000037252903);
#13790=IFCCARTESIANPOINTLIST2D(((0.,0.),(0.,2.),(0.8615957498550415,2.),(0.8615957498550415,0.),(0.79430310428142548,0.),(0.79430310428142548,1.932707354426384),(0.067292645573616028,1.932707354426384),(0.067292645573616028,0.)));
#13791=IFCINDEXEDPOLYCURVE(#13790,(IFCLINEINDEX((1,2,3,4,5,6,7,8,1))),$);
#13792=IFCARBITRARYCLOSEDPROFILEDEF(.AREA.,$,#13791);
#13793=IFCCARTESIANPOINT((0.,-0.0010000000474974513,0.));
#13794=IFCDIRECTION((0.,-1.,0.));
#13795=IFCDIRECTION((1.,0.,0.));
#13796=IFCAXIS2PLACEMENT3D(#13793,#13794,#13795);
#13797=IFCDIRECTION((0.,0.,-1.));
#13798=IFCEXTRUDEDAREASOLID(#13792,#13796,#13797,0.0010000000474974513);
#13799=IFCCARTESIANPOINTLIST2D(((0.,0.),(0.,2.),(0.8615957498550415,2.),(0.8615957498550415,0.),(0.84511110000312328,0.),(0.84511110000312328,1.9835153501480818),(0.016484649851918221,1.9835153501480818),(0.016484649851918221,0.)));
#13800=IFCINDEXEDPOLYCURVE(#13799,(IFCLINEINDEX((1,2,3,4,5,6,7,8,1))),$);
#13801=IFCARBITRARYCLOSEDPROFILEDEF(.AREA.,$,#13800);
#13802=IFCCARTESIANPOINT((0.,0.040000006556510925,0.));
#13803=IFCDIRECTION((0.,-1.,0.));
#13804=IFCDIRECTION((1.,0.,0.));
#13805=IFCAXIS2PLACEMENT3D(#13802,#13803,#13804);
#13806=IFCDIRECTION((0.,0.,-1.));
#13807=IFCEXTRUDEDAREASOLID(#13801,#13805,#13806,0.0010000000474974513);
#13808=IFCCARTESIANPOINTLIST2D(((0.,0.),(0.81159574910998344,0.),(0.81159574910998344,0.035000000149011612),(0.,0.035000000149011612)));
#13809=IFCINDEXEDPOLYCURVE(#13808,(IFCLINEINDEX((1,2,3,4,1))),$);
#13810=IFCARBITRARYCLOSEDPROFILEDEF(.AREA.,$,#13809);
#13811=IFCCARTESIANPOINT((0.02500000037252903,0.02500000037252903,0.02500000037252903));
#13812=IFCDIRECTION((0.,0.,1.));
#13813=IFCDIRECTION((1.,0.,0.));
#13814=IFCAXIS2PLACEMENT3D(#13811,#13812,#13813);
#13815=IFCDIRECTION((0.,0.,1.));
#13816=IFCEXTRUDEDAREASOLID(#13810,#13814,#13815,1.9499999992549419);
#13817=IFCCARTESIANPOINTLIST2D(((0.,0.),(0.,-0.040000000000000001),(0.12,-0.040000000000000001),(0.12,-0.02),(0.02,-0.02),(0.02,0.)));
#13818=IFCINDEXEDPOLYCURVE(#13817,(IFCLINEINDEX((1,2,3,4,5,6,1))),$);
#13819=IFCARBITRARYCLOSEDPROFILEDEF(.AREA.,$,#13818);
#13820=IFCCARTESIANPOINT((0.075000000372529033,0.02500000037252903,1.015000000372529));
#13821=IFCDIRECTION((0.,0.,1.));
#13822=IFCDIRECTION((1.,0.,0.));
#13823=IFCAXIS2PLACEMENT3D(#13820,#13821,#13822);
#13824=IFCDIRECTION((0.,0.,1.));
#13825=IFCEXTRUDEDAREASOLID(#13819,#13823,#13824,0.02);
#13826=IFCEXTRUDEDAREASOLID(#13827,#13830,#13834,0.02);
#13827=IFCARBITRARYCLOSEDPROFILEDEF(.AREA.,$,#13828);
#13828=IFCINDEXEDPOLYCURVE(#13829,(IFCLINEINDEX((1,2,3,4,5,6,1))),$);
#13829=IFCCARTESIANPOINTLIST2D(((0.,0.),(0.,0.040000000000000008),(0.11999999999999998,0.040000000000000008),(0.11999999999999998,0.020000000000000004),(0.020000000000000004,0.020000000000000004),(0.020000000000000004,0.)));
#13830=IFCAXIS2PLACEMENT3D(#13831,#13832,#13833);
#13831=IFCCARTESIANPOINT((0.075000000372529033,0.060000000521540642,1.015000000372529));
#13832=IFCDIRECTION((0.,0.,1.));
#13833=IFCDIRECTION((1.,0.,0.));
#13834=IFCDIRECTION((0.,0.,1.));
#13878=IFCCARTESIANPOINTLIST2D(((0.,0.),(0.,2.),(0.84118038415908813,2.),(0.84118038415908813,0.),(0.8161803837865591,0.),(0.8161803837865591,1.974999999627471),(0.02500000037252903,1.974999999627471),(0.02500000037252903,0.)));
#13879=IFCINDEXEDPOLYCURVE(#13878,(IFCLINEINDEX((1,2,3,4,5,6,7,8,1))),$);
#13880=IFCARBITRARYCLOSEDPROFILEDEF(.AREA.,$,#13879);
#13881=IFCCARTESIANPOINT((0.,0.02500000037252903,0.));
#13882=IFCDIRECTION((0.,-1.,0.));
#13883=IFCDIRECTION((1.,0.,0.));
#13884=IFCAXIS2PLACEMENT3D(#13881,#13882,#13883);
#13885=IFCDIRECTION((0.,0.,-1.));
#13886=IFCEXTRUDEDAREASOLID(#13880,#13884,#13885,0.015000006183981895);
#13887=IFCCARTESIANPOINTLIST2D(((0.,0.),(0.,2.),(0.84118038415908813,2.),(0.84118038415908813,0.),(0.7653723880648613,0.),(0.7653723880648613,1.9241920039057732),(0.075807996094226837,1.9241920039057732),(0.075807996094226837,0.)));
#13888=IFCINDEXEDPOLYCURVE(#13887,(IFCLINEINDEX((1,2,3,4,5,6,7,8,1))),$);
#13889=IFCARBITRARYCLOSEDPROFILEDEF(.AREA.,$,#13888);
#13890=IFCCARTESIANPOINT((0.,0.,0.));
#13891=IFCDIRECTION((0.,-1.,0.));
#13892=IFCDIRECTION((1.,0.,0.));
#13893=IFCAXIS2PLACEMENT3D(#13890,#13891,#13892);
#13894=IFCDIRECTION((0.,0.,-1.));
#13895=IFCEXTRUDEDAREASOLID(#13889,#13893,#13894,0.02500000037252903);
#13896=IFCCARTESIANPOINTLIST2D(((0.,0.),(0.68956439197063446,0.),(0.68956439197063446,0.10000000149011612),(0.,0.10000000149011612)));
#13897=IFCINDEXEDPOLYCURVE(#13896,(IFCLINEINDEX((1,2,3,4,1))),$);
#13898=IFCARBITRARYCLOSEDPROFILEDEF(.AREA.,$,#13897);
#13899=IFCCARTESIANPOINT((0.075807996094226837,0.,0.));
#13900=IFCDIRECTION((0.,0.,1.));
#13901=IFCDIRECTION((1.,0.,0.));
#13902=IFCAXIS2PLACEMENT3D(#13899,#13900,#13901);
#13903=IFCDIRECTION((0.,0.,1.));
#13904=IFCEXTRUDEDAREASOLID(#13898,#13902,#13903,0.02500000037252903);
#13905=IFCCARTESIANPOINTLIST2D(((0.,0.),(0.,2.),(0.84118038415908813,2.),(0.84118038415908813,0.),(0.77388773858547211,0.),(0.77388773858547211,1.932707354426384),(0.067292645573616028,1.932707354426384),(0.067292645573616028,0.)));
#13906=IFCINDEXEDPOLYCURVE(#13905,(IFCLINEINDEX((1,2,3,4,5,6,7,8,1))),$);
#13907=IFCARBITRARYCLOSEDPROFILEDEF(.AREA.,$,#13906);
#13908=IFCCARTESIANPOINT((0.,-0.0010000000474974513,0.));
#13909=IFCDIRECTION((0.,-1.,0.));
#13910=IFCDIRECTION((1.,0.,0.));
#13911=IFCAXIS2PLACEMENT3D(#13908,#13909,#13910);
#13912=IFCDIRECTION((0.,0.,-1.));
#13913=IFCEXTRUDEDAREASOLID(#13907,#13911,#13912,0.0010000000474974513);
#13914=IFCCARTESIANPOINTLIST2D(((0.,0.),(0.,2.),(0.84118038415908813,2.),(0.84118038415908813,0.),(0.82469573430716991,0.),(0.82469573430716991,1.9835153501480818),(0.016484649851918221,1.9835153501480818),(0.016484649851918221,0.)));
#13915=IFCINDEXEDPOLYCURVE(#13914,(IFCLINEINDEX((1,2,3,4,5,6,7,8,1))),$);
#13916=IFCARBITRARYCLOSEDPROFILEDEF(.AREA.,$,#13915);
#13917=IFCCARTESIANPOINT((0.,0.040000006556510925,0.));
#13918=IFCDIRECTION((0.,-1.,0.));
#13919=IFCDIRECTION((1.,0.,0.));
#13920=IFCAXIS2PLACEMENT3D(#13917,#13918,#13919);
#13921=IFCDIRECTION((0.,0.,-1.));
#13922=IFCEXTRUDEDAREASOLID(#13916,#13920,#13921,0.0010000000474974513);
#13923=IFCCARTESIANPOINTLIST2D(((0.,0.),(0.79118038341403008,0.),(0.79118038341403008,0.035000000149011612),(0.,0.035000000149011612)));
#13924=IFCINDEXEDPOLYCURVE(#13923,(IFCLINEINDEX((1,2,3,4,1))),$);
#13925=IFCARBITRARYCLOSEDPROFILEDEF(.AREA.,$,#13924);
#13926=IFCCARTESIANPOINT((0.02500000037252903,0.02500000037252903,0.02500000037252903));
#13927=IFCDIRECTION((0.,0.,1.));
#13928=IFCDIRECTION((1.,0.,0.));
#13929=IFCAXIS2PLACEMENT3D(#13926,#13927,#13928);
#13930=IFCDIRECTION((0.,0.,1.));
#13931=IFCEXTRUDEDAREASOLID(#13925,#13929,#13930,1.9499999992549419);
#13932=IFCCARTESIANPOINTLIST2D(((0.,0.),(0.,-0.040000000000000001),(0.12,-0.040000000000000001),(0.12,-0.02),(0.02,-0.02),(0.02,0.)));
#13933=IFCINDEXEDPOLYCURVE(#13932,(IFCLINEINDEX((1,2,3,4,5,6,1))),$);
#13934=IFCARBITRARYCLOSEDPROFILEDEF(.AREA.,$,#13933);
#13935=IFCCARTESIANPOINT((0.075000000372529033,0.02500000037252903,1.015000000372529));
#13936=IFCDIRECTION((0.,0.,1.));
#13937=IFCDIRECTION((1.,0.,0.));
#13938=IFCAXIS2PLACEMENT3D(#13935,#13936,#13937);
#13939=IFCDIRECTION((0.,0.,1.));
#13940=IFCEXTRUDEDAREASOLID(#13934,#13938,#13939,0.02);
#13941=IFCEXTRUDEDAREASOLID(#13942,#13945,#13949,0.02);
#13942=IFCARBITRARYCLOSEDPROFILEDEF(.AREA.,$,#13943);
#13943=IFCINDEXEDPOLYCURVE(#13944,(IFCLINEINDEX((1,2,3,4,5,6,1))),$);
#13944=IFCCARTESIANPOINTLIST2D(((0.,0.),(0.,0.040000000000000008),(0.11999999999999998,0.040000000000000008),(0.11999999999999998,0.020000000000000004),(0.020000000000000004,0.020000000000000004),(0.020000000000000004,0.)));
#13945=IFCAXIS2PLACEMENT3D(#13946,#13947,#13948);
#13946=IFCCARTESIANPOINT((0.075000000372529033,0.060000000521540642,1.015000000372529));
#13947=IFCDIRECTION((0.,0.,1.));
#13948=IFCDIRECTION((1.,0.,0.));
#13949=IFCDIRECTION((0.,0.,1.));
#13990=IFCCARTESIANPOINTLIST3D(((0.,0.,0.),(0.84118038415908813,0.,0.),(0.84118038415908813,0.,2.),(0.,0.,2.)));
#13991=IFCINDEXEDPOLYCURVE(#13990,(IFCLINEINDEX((1,2,3,4,1))),$);
#13992=IFCSHAPEREPRESENTATION(#18,'Profile','Curve3D',(#13991));
#13993=IFCCARTESIANPOINTLIST2D(((0.,0.),(0.,2.),(0.84118038415908813,2.),(0.84118038415908813,0.),(0.8161803837865591,0.),(0.8161803837865591,1.974999999627471),(0.02500000037252903,1.974999999627471),(0.02500000037252903,0.)));
#13994=IFCINDEXEDPOLYCURVE(#13993,(IFCLINEINDEX((1,2,3,4,5,6,7,8,1))),$);
#13995=IFCARBITRARYCLOSEDPROFILEDEF(.AREA.,$,#13994);
#13996=IFCCARTESIANPOINT((0.,0.02500000037252903,0.));
#13997=IFCDIRECTION((0.,-1.,0.));
#13998=IFCDIRECTION((1.,0.,0.));
#13999=IFCAXIS2PLACEMENT3D(#13996,#13997,#13998);
#14000=IFCDIRECTION((0.,0.,-1.));
#14001=IFCEXTRUDEDAREASOLID(#13995,#13999,#14000,0.015000006183981895);
#14002=IFCCARTESIANPOINTLIST2D(((0.,0.),(0.,2.),(0.84118038415908813,2.),(0.84118038415908813,0.),(0.7653723880648613,0.),(0.7653723880648613,1.9241920039057732),(0.075807996094226837,1.9241920039057732),(0.075807996094226837,0.)));
#14003=IFCINDEXEDPOLYCURVE(#14002,(IFCLINEINDEX((1,2,3,4,5,6,7,8,1))),$);
#14004=IFCARBITRARYCLOSEDPROFILEDEF(.AREA.,$,#14003);
#14005=IFCCARTESIANPOINT((0.,0.,0.));
#14006=IFCDIRECTION((0.,-1.,0.));
#14007=IFCDIRECTION((1.,0.,0.));
#14008=IFCAXIS2PLACEMENT3D(#14005,#14006,#14007);
#14009=IFCDIRECTION((0.,0.,-1.));
#14010=IFCEXTRUDEDAREASOLID(#14004,#14008,#14009,0.02500000037252903);
#14011=IFCCARTESIANPOINTLIST2D(((0.,0.),(0.68956439197063446,0.),(0.68956439197063446,0.10000000149011612),(0.,0.10000000149011612)));
#14012=IFCINDEXEDPOLYCURVE(#14011,(IFCLINEINDEX((1,2,3,4,1))),$);
#14013=IFCARBITRARYCLOSEDPROFILEDEF(.AREA.,$,#14012);
#14014=IFCCARTESIANPOINT((0.075807996094226837,0.,0.));
#14015=IFCDIRECTION((0.,0.,1.));
#14016=IFCDIRECTION((1.,0.,0.));
#14017=IFCAXIS2PLACEMENT3D(#14014,#14015,#14016);
#14018=IFCDIRECTION((0.,0.,1.));
#14019=IFCEXTRUDEDAREASOLID(#14013,#14017,#14018,0.02500000037252903);
#14020=IFCCARTESIANPOINTLIST2D(((0.,0.),(0.,2.),(0.84118038415908813,2.),(0.84118038415908813,0.),(0.77388773858547211,0.),(0.77388773858547211,1.932707354426384),(0.067292645573616028,1.932707354426384),(0.067292645573616028,0.)));
#14021=IFCINDEXEDPOLYCURVE(#14020,(IFCLINEINDEX((1,2,3,4,5,6,7,8,1))),$);
#14022=IFCARBITRARYCLOSEDPROFILEDEF(.AREA.,$,#14021);
#14023=IFCCARTESIANPOINT((0.,-0.0010000000474974513,0.));
#14024=IFCDIRECTION((0.,-1.,0.));
#14025=IFCDIRECTION((1.,0.,0.));
#14026=IFCAXIS2PLACEMENT3D(#14023,#14024,#14025);
#14027=IFCDIRECTION((0.,0.,-1.));
#14028=IFCEXTRUDEDAREASOLID(#14022,#14026,#14027,0.0010000000474974513);
#14029=IFCCARTESIANPOINTLIST2D(((0.,0.),(0.,2.),(0.84118038415908813,2.),(0.84118038415908813,0.),(0.82469573430716991,0.),(0.82469573430716991,1.9835153501480818),(0.016484649851918221,1.9835153501480818),(0.016484649851918221,0.)));
#14030=IFCINDEXEDPOLYCURVE(#14029,(IFCLINEINDEX((1,2,3,4,5,6,7,8,1))),$);
#14031=IFCARBITRARYCLOSEDPROFILEDEF(.AREA.,$,#14030);
#14032=IFCCARTESIANPOINT((0.,0.040000006556510925,0.));
#14033=IFCDIRECTION((0.,-1.,0.));
#14034=IFCDIRECTION((1.,0.,0.));
#14035=IFCAXIS2PLACEMENT3D(#14032,#14033,#14034);
#14036=IFCDIRECTION((0.,0.,-1.));
#14037=IFCEXTRUDEDAREASOLID(#14031,#14035,#14036,0.0010000000474974513);
#14038=IFCCARTESIANPOINTLIST2D(((0.,0.),(0.79118038341403008,0.),(0.79118038341403008,0.035000000149011612),(0.,0.035000000149011612)));
#14039=IFCINDEXEDPOLYCURVE(#14038,(IFCLINEINDEX((1,2,3,4,1))),$);
#14040=IFCARBITRARYCLOSEDPROFILEDEF(.AREA.,$,#14039);
#14041=IFCCARTESIANPOINT((0.02500000037252903,0.02500000037252903,0.02500000037252903));
#14042=IFCDIRECTION((0.,0.,1.));
#14043=IFCDIRECTION((1.,0.,0.));
#14044=IFCAXIS2PLACEMENT3D(#14041,#14042,#14043);
#14045=IFCDIRECTION((0.,0.,1.));
#14046=IFCEXTRUDEDAREASOLID(#14040,#14044,#14045,1.9499999992549419);
#14047=IFCCARTESIANPOINTLIST2D(((0.,0.),(0.,-0.040000000000000001),(0.12,-0.040000000000000001),(0.12,-0.02),(0.02,-0.02),(0.02,0.)));
#14048=IFCINDEXEDPOLYCURVE(#14047,(IFCLINEINDEX((1,2,3,4,5,6,1))),$);
#14049=IFCARBITRARYCLOSEDPROFILEDEF(.AREA.,$,#14048);
#14050=IFCCARTESIANPOINT((0.075000000372529033,0.02500000037252903,1.015000000372529));
#14051=IFCDIRECTION((0.,0.,1.));
#14052=IFCDIRECTION((1.,0.,0.));
#14053=IFCAXIS2PLACEMENT3D(#14050,#14051,#14052);
#14054=IFCDIRECTION((0.,0.,1.));
#14055=IFCEXTRUDEDAREASOLID(#14049,#14053,#14054,0.02);
#14056=IFCEXTRUDEDAREASOLID(#14057,#14060,#14064,0.02);
#14057=IFCARBITRARYCLOSEDPROFILEDEF(.AREA.,$,#14058);
#14058=IFCINDEXEDPOLYCURVE(#14059,(IFCLINEINDEX((1,2,3,4,5,6,1))),$);
#14059=IFCCARTESIANPOINTLIST2D(((0.,0.),(0.,0.040000000000000008),(0.11999999999999998,0.040000000000000008),(0.11999999999999998,0.020000000000000004),(0.020000000000000004,0.020000000000000004),(0.020000000000000004,0.)));
#14060=IFCAXIS2PLACEMENT3D(#14061,#14062,#14063);
#14061=IFCCARTESIANPOINT((0.075000000372529033,0.060000000521540642,1.015000000372529));
#14062=IFCDIRECTION((0.,0.,1.));
#14063=IFCDIRECTION((1.,0.,0.));
#14064=IFCDIRECTION((0.,0.,1.));
#14065=IFCSHAPEREPRESENTATION(#11,'Body','SweptSolid',(#14001,#14010,#14046,#14055,#14056,#14019,#14028,#14037));
#14066=IFCCARTESIANPOINTLIST2D(((0.,0.),(0.,0.040000006556510925),(0.02500000037252903,0.040000006556510925),(0.02500000037252903,0.02500000037252903),(0.075807996094226837,0.02500000037252903),(0.075807996094226837,0.)));
#14067=IFCINDEXEDPOLYCURVE(#14066,(IFCLINEINDEX((1,2,3,4,5,6,1))),$);
#14068=IFCINDEXEDPOLYCURVE(#14069,(IFCLINEINDEX((1,2,3,4,5,6,1))),$);
#14069=IFCCARTESIANPOINTLIST2D(((0.84118038415908813,0.),(0.84118038415908813,0.040000006556510925),(0.8161803837865591,0.040000006556510925),(0.8161803837865591,0.02500000037252903),(0.7653723880648613,0.02500000037252903),(0.7653723880648613,0.)));
#14070=IFCDIRECTION((1.,0.));
#14071=IFCCARTESIANPOINT((0.78118038363754749,0.040000006556510925));
#14072=IFCAXIS2PLACEMENT2D(#14071,#14070);
#14073=IFCELLIPSE(#14072,0.75618038326501846,0.79118038341403008);
#14074=IFCCARTESIANPOINT((0.78118038363754749,0.831180389970541));
#14075=IFCCARTESIANPOINT((0.02500000037252903,0.040000006556510925));
#14076=IFCTRIMMEDCURVE(#14073,(#14074),(#14075),.T.,.CARTESIAN.);
#14077=IFCCARTESIANPOINTLIST2D(((0.8161803837865591,0.040000006556510925),(0.78118038363754749,0.040000006556510925),(0.78118038363754749,0.831180389970541),(0.8161803837865591,0.831180389970541)));
#14078=IFCINDEXEDPOLYCURVE(#14077,(IFCLINEINDEX((1,2,3,4,1))),$);
#14079=IFCSHAPEREPRESENTATION(#24,'Body','Curve2D',(#14067,#14068,#14076,#14078));
#14080=IFCCARTESIANPOINTLIST2D(((0.,0.),(0.84118038415908813,0.),(0.84118038415908813,2.),(0.,2.)));
#14081=IFCINDEXEDPOLYCURVE(#14080,(IFCLINEINDEX((1,2,3,4,1))),$);
#14082=IFCARBITRARYCLOSEDPROFILEDEF(.AREA.,$,#14081);
#14083=IFCCARTESIANPOINT((0.,-0.60000002384185791,0.));
#14084=IFCDIRECTION((0.,-1.,0.));
#14085=IFCDIRECTION((1.,0.,0.));
#14086=IFCAXIS2PLACEMENT3D(#14083,#14084,#14085);
#14087=IFCDIRECTION((0.,0.,-1.));
#14088=IFCEXTRUDEDAREASOLID(#14082,#14086,#14087,1.2);
#14089=IFCSHAPEREPRESENTATION(#11,'Body','SweptSolid',(#14088));
#14095=IFCCARTESIANPOINT((2.8505177821856611,-3.6109754808499872E-07,0.));
#14096=IFCDIRECTION((0.,0.,1.));
#14097=IFCDIRECTION((0.99999999999985401,-5.4041016994677265E-07,0.));
#14098=IFCAXIS2PLACEMENT3D(#14095,#14096,#14097);
#14099=IFCLOCALPLACEMENT(#11154,#14098);
#14100=IFCCARTESIANPOINT((-1.3322676295501878E-15,0.,0.));
#14101=IFCDIRECTION((0.,0.,1.));
#14102=IFCDIRECTION((1.,2.1175823681357508E-22,0.));
#14103=IFCAXIS2PLACEMENT3D(#14100,#14101,#14102);
#14104=IFCLOCALPLACEMENT(#14099,#14103);
#14105=IFCDOOR('1P6DdnYWf8E8YT9KNm9TYb',$,'Door',$,$,#19719,#14114,$,2.,0.88309979438781738,$,.SINGLE_SWING_LEFT.,$);
#14106=IFCRELDEFINESBYTYPE('0fq5TUuMj9QQe4$Qk$$KM6',$,$,$,(#14105),#11746);
#14107=IFCCARTESIANPOINT((0.,0.,0.));
#14108=IFCDIRECTION((1.,0.,0.));
#14109=IFCDIRECTION((0.,1.,0.));
#14110=IFCDIRECTION((0.,0.,1.));
#14111=IFCCARTESIANTRANSFORMATIONOPERATOR3D(#14108,#14109,#14107,1.,#14110);
#14112=IFCMAPPEDITEM(#11749,#14111);
#14113=IFCSHAPEREPRESENTATION(#18,'Profile','MappedRepresentation',(#14112));
#14114=IFCPRODUCTDEFINITIONSHAPE($,$,(#14113,#14121,#14128));
#14115=IFCCARTESIANPOINT((0.,0.,0.));
#14116=IFCDIRECTION((1.,0.,0.));
#14117=IFCDIRECTION((0.,1.,0.));
#14118=IFCDIRECTION((0.,0.,1.));
#14119=IFCCARTESIANTRANSFORMATIONOPERATOR3D(#14116,#14117,#14115,1.,#14118);
#14120=IFCMAPPEDITEM(#11757,#14119);
#14121=IFCSHAPEREPRESENTATION(#11,'Body','MappedRepresentation',(#14120));
#14122=IFCCARTESIANPOINT((0.,0.,0.));
#14123=IFCDIRECTION((1.,0.,0.));
#14124=IFCDIRECTION((0.,1.,0.));
#14125=IFCDIRECTION((0.,0.,1.));
#14126=IFCCARTESIANTRANSFORMATIONOPERATOR3D(#14123,#14124,#14122,1.,#14125);
#14127=IFCMAPPEDITEM(#11835,#14126);
#14128=IFCSHAPEREPRESENTATION(#24,'Body','MappedRepresentation',(#14127));
#14129=IFCOPENINGELEMENT('3E1qMAuqjCpuziFRSplZaO',$,'Opening',$,$,#19714,#14157,$,.OPENING.);
#14145=IFCCARTESIANPOINT((0.,0.,0.));
#14146=IFCDIRECTION((1.,0.,0.));
#14147=IFCDIRECTION((0.,0.,1.));
#14148=IFCAXIS2PLACEMENT3D(#14145,#14147,#14146);
#14149=IFCREPRESENTATIONMAP(#14148,#19704);
#14150=IFCCARTESIANPOINT((0.,0.,0.));
#14151=IFCDIRECTION((1.,0.,0.));
#14152=IFCDIRECTION((0.,1.,0.));
#14153=IFCDIRECTION((0.,0.,1.));
#14154=IFCCARTESIANTRANSFORMATIONOPERATOR3D(#14151,#14152,#14150,1.,#14153);
#14155=IFCMAPPEDITEM(#14149,#14154);
#14156=IFCSHAPEREPRESENTATION(#11,'Body','MappedRepresentation',(#14155));
#14157=IFCPRODUCTDEFINITIONSHAPE($,$,(#14156));
#14158=IFCRELVOIDSELEMENT('3UxAI4yqX9Nw1kq7MiS0jS',$,$,$,#10384,#14129);
#14164=IFCRELFILLSELEMENT('1LEI2To_T31vlUW52o8EtH',$,$,$,#14129,#14105);
#14173=IFCCARTESIANPOINTLIST2D(((0.,0.),(0.,2.),(0.87366747856140137,2.),(0.87366747856140137,0.),(0.84866747818887234,0.),(0.84866747818887234,1.974999999627471),(0.02500000037252903,1.974999999627471),(0.02500000037252903,0.)));
#14174=IFCINDEXEDPOLYCURVE(#14173,(IFCLINEINDEX((1,2,3,4,5,6,7,8,1))),$);
#14175=IFCARBITRARYCLOSEDPROFILEDEF(.AREA.,$,#14174);
#14176=IFCCARTESIANPOINT((0.,0.02500000037252903,0.));
#14177=IFCDIRECTION((0.,-1.,0.));
#14178=IFCDIRECTION((1.,0.,0.));
#14179=IFCAXIS2PLACEMENT3D(#14176,#14177,#14178);
#14180=IFCDIRECTION((0.,0.,-1.));
#14181=IFCEXTRUDEDAREASOLID(#14175,#14179,#14180,0.015000006183981895);
#14182=IFCCARTESIANPOINTLIST2D(((0.,0.),(0.,2.),(0.87366747856140137,2.),(0.87366747856140137,0.),(0.79785948246717453,0.),(0.79785948246717453,1.9241920039057732),(0.075807996094226837,1.9241920039057732),(0.075807996094226837,0.)));
#14183=IFCINDEXEDPOLYCURVE(#14182,(IFCLINEINDEX((1,2,3,4,5,6,7,8,1))),$);
#14184=IFCARBITRARYCLOSEDPROFILEDEF(.AREA.,$,#14183);
#14185=IFCCARTESIANPOINT((0.,0.,0.));
#14186=IFCDIRECTION((0.,-1.,0.));
#14187=IFCDIRECTION((1.,0.,0.));
#14188=IFCAXIS2PLACEMENT3D(#14185,#14186,#14187);
#14189=IFCDIRECTION((0.,0.,-1.));
#14190=IFCEXTRUDEDAREASOLID(#14184,#14188,#14189,0.02500000037252903);
#14191=IFCCARTESIANPOINTLIST2D(((0.,0.),(0.72205148637294769,0.),(0.72205148637294769,0.10000000149011612),(0.,0.10000000149011612)));
#14192=IFCINDEXEDPOLYCURVE(#14191,(IFCLINEINDEX((1,2,3,4,1))),$);
#14193=IFCARBITRARYCLOSEDPROFILEDEF(.AREA.,$,#14192);
#14194=IFCCARTESIANPOINT((0.075807996094226837,0.,0.));
#14195=IFCDIRECTION((0.,0.,1.));
#14196=IFCDIRECTION((1.,0.,0.));
#14197=IFCAXIS2PLACEMENT3D(#14194,#14195,#14196);
#14198=IFCDIRECTION((0.,0.,1.));
#14199=IFCEXTRUDEDAREASOLID(#14193,#14197,#14198,0.02500000037252903);
#14200=IFCCARTESIANPOINTLIST2D(((0.,0.),(0.,2.),(0.87366747856140137,2.),(0.87366747856140137,0.),(0.80637483298778534,0.),(0.80637483298778534,1.932707354426384),(0.067292645573616028,1.932707354426384),(0.067292645573616028,0.)));
#14201=IFCINDEXEDPOLYCURVE(#14200,(IFCLINEINDEX((1,2,3,4,5,6,7,8,1))),$);
#14202=IFCARBITRARYCLOSEDPROFILEDEF(.AREA.,$,#14201);
#14203=IFCCARTESIANPOINT((0.,-0.0010000000474974513,0.));
#14204=IFCDIRECTION((0.,-1.,0.));
#14205=IFCDIRECTION((1.,0.,0.));
#14206=IFCAXIS2PLACEMENT3D(#14203,#14204,#14205);
#14207=IFCDIRECTION((0.,0.,-1.));
#14208=IFCEXTRUDEDAREASOLID(#14202,#14206,#14207,0.0010000000474974513);
#14209=IFCCARTESIANPOINTLIST2D(((0.,0.),(0.,2.),(0.87366747856140137,2.),(0.87366747856140137,0.),(0.85718282870948315,0.),(0.85718282870948315,1.9835153501480818),(0.016484649851918221,1.9835153501480818),(0.016484649851918221,0.)));
#14210=IFCINDEXEDPOLYCURVE(#14209,(IFCLINEINDEX((1,2,3,4,5,6,7,8,1))),$);
#14211=IFCARBITRARYCLOSEDPROFILEDEF(.AREA.,$,#14210);
#14212=IFCCARTESIANPOINT((0.,0.040000006556510925,0.));
#14213=IFCDIRECTION((0.,-1.,0.));
#14214=IFCDIRECTION((1.,0.,0.));
#14215=IFCAXIS2PLACEMENT3D(#14212,#14213,#14214);
#14216=IFCDIRECTION((0.,0.,-1.));
#14217=IFCEXTRUDEDAREASOLID(#14211,#14215,#14216,0.0010000000474974513);
#14218=IFCCARTESIANPOINTLIST2D(((0.,0.),(0.82366747781634331,0.),(0.82366747781634331,0.035000000149011612),(0.,0.035000000149011612)));
#14219=IFCINDEXEDPOLYCURVE(#14218,(IFCLINEINDEX((1,2,3,4,1))),$);
#14220=IFCARBITRARYCLOSEDPROFILEDEF(.AREA.,$,#14219);
#14221=IFCCARTESIANPOINT((0.02500000037252903,0.02500000037252903,0.02500000037252903));
#14222=IFCDIRECTION((0.,0.,1.));
#14223=IFCDIRECTION((1.,0.,0.));
#14224=IFCAXIS2PLACEMENT3D(#14221,#14222,#14223);
#14225=IFCDIRECTION((0.,0.,1.));
#14226=IFCEXTRUDEDAREASOLID(#14220,#14224,#14225,1.9499999992549419);
#14227=IFCCARTESIANPOINTLIST2D(((0.,0.),(0.,-0.040000000000000001),(-0.11999999999999988,-0.040000000000000001),(-0.11999999999999988,-0.02),(-0.020000000000000018,-0.02),(-0.020000000000000018,0.)));
#14228=IFCINDEXEDPOLYCURVE(#14227,(IFCLINEINDEX((1,2,3,4,5,6,1))),$);
#14229=IFCARBITRARYCLOSEDPROFILEDEF(.AREA.,$,#14228);
#14230=IFCCARTESIANPOINT((0.79866747818887229,0.02500000037252903,1.015000000372529));
#14231=IFCDIRECTION((0.,0.,1.));
#14232=IFCDIRECTION((1.,0.,0.));
#14233=IFCAXIS2PLACEMENT3D(#14230,#14231,#14232);
#14234=IFCDIRECTION((0.,0.,1.));
#14235=IFCEXTRUDEDAREASOLID(#14229,#14233,#14234,0.02);
#14236=IFCEXTRUDEDAREASOLID(#14237,#14240,#14244,0.02);
#14237=IFCARBITRARYCLOSEDPROFILEDEF(.AREA.,$,#14238);
#14238=IFCINDEXEDPOLYCURVE(#14239,(IFCLINEINDEX((1,2,3,4,5,6,1))),$);
#14239=IFCCARTESIANPOINTLIST2D(((0.,0.),(0.,0.040000000000000008),(-0.11999999999999988,0.040000000000000008),(-0.11999999999999988,0.020000000000000004),(-0.020000000000000018,0.020000000000000004),(-0.020000000000000018,0.)));
#14240=IFCAXIS2PLACEMENT3D(#14241,#14242,#14243);
#14241=IFCCARTESIANPOINT((0.79866747818887229,0.060000000521540642,1.015000000372529));
#14242=IFCDIRECTION((0.,0.,1.));
#14243=IFCDIRECTION((1.,0.,0.));
#14244=IFCDIRECTION((0.,0.,1.));
#14246=IFCSHAPEREPRESENTATION(#11,'Body','SweptSolid',(#14693,#14199,#14684,#14190,#19634,#14181,#19625,#19643,#19616,#14217,#14596,#14675,#14445,#14587,#14324,#14578,#14711,#14481,#14351,#14560,#14569,#14208,#14472,#14342,#14315,#14702,#19652,#14463,#14333,#14454));
#14247=IFCSHAPEASPECT((#14246),'Lining',$,.T.,#14114);
#14248=IFCSHAPEREPRESENTATION(#11,'Body','SweptSolid',(#14729,#14369,#14720,#14370,#14490,#14360,#14614,#19661,#19671,#14235,#14615,#14499,#14730,#14605,#14236,#14500,#19670,#14226));
#14249=IFCSHAPEASPECT((#14248),'Framing',$,.T.,#14114);
#14307=IFCCARTESIANPOINTLIST2D(((0.,0.),(0.,2.),(0.88309979438781738,2.),(0.88309979438781738,0.),(0.85809979401528835,0.),(0.85809979401528835,1.974999999627471),(0.02500000037252903,1.974999999627471),(0.02500000037252903,0.)));
#14308=IFCINDEXEDPOLYCURVE(#14307,(IFCLINEINDEX((1,2,3,4,5,6,7,8,1))),$);
#14309=IFCARBITRARYCLOSEDPROFILEDEF(.AREA.,$,#14308);
#14310=IFCCARTESIANPOINT((0.,0.02500000037252903,0.));
#14311=IFCDIRECTION((0.,-1.,0.));
#14312=IFCDIRECTION((1.,0.,0.));
#14313=IFCAXIS2PLACEMENT3D(#14310,#14311,#14312);
#14314=IFCDIRECTION((0.,0.,-1.));
#14315=IFCEXTRUDEDAREASOLID(#14309,#14313,#14314,0.015000006183981895);
#14316=IFCCARTESIANPOINTLIST2D(((0.,0.),(0.,2.),(0.88309979438781738,2.),(0.88309979438781738,0.),(0.80729179829359055,0.),(0.80729179829359055,1.9241920039057732),(0.075807996094226837,1.9241920039057732),(0.075807996094226837,0.)));
#14317=IFCINDEXEDPOLYCURVE(#14316,(IFCLINEINDEX((1,2,3,4,5,6,7,8,1))),$);
#14318=IFCARBITRARYCLOSEDPROFILEDEF(.AREA.,$,#14317);
#14319=IFCCARTESIANPOINT((0.,0.,0.));
#14320=IFCDIRECTION((0.,-1.,0.));
#14321=IFCDIRECTION((1.,0.,0.));
#14322=IFCAXIS2PLACEMENT3D(#14319,#14320,#14321);
#14323=IFCDIRECTION((0.,0.,-1.));
#14324=IFCEXTRUDEDAREASOLID(#14318,#14322,#14323,0.02500000037252903);
#14325=IFCCARTESIANPOINTLIST2D(((0.,0.),(0.73148380219936371,0.),(0.73148380219936371,0.10000000149011612),(0.,0.10000000149011612)));
#14326=IFCINDEXEDPOLYCURVE(#14325,(IFCLINEINDEX((1,2,3,4,1))),$);
#14327=IFCARBITRARYCLOSEDPROFILEDEF(.AREA.,$,#14326);
#14328=IFCCARTESIANPOINT((0.075807996094226837,0.,0.));
#14329=IFCDIRECTION((0.,0.,1.));
#14330=IFCDIRECTION((1.,0.,0.));
#14331=IFCAXIS2PLACEMENT3D(#14328,#14329,#14330);
#14332=IFCDIRECTION((0.,0.,1.));
#14333=IFCEXTRUDEDAREASOLID(#14327,#14331,#14332,0.02500000037252903);
#14334=IFCCARTESIANPOINTLIST2D(((0.,0.),(0.,2.),(0.88309979438781738,2.),(0.88309979438781738,0.),(0.81580714881420135,0.),(0.81580714881420135,1.932707354426384),(0.067292645573616028,1.932707354426384),(0.067292645573616028,0.)));
#14335=IFCINDEXEDPOLYCURVE(#14334,(IFCLINEINDEX((1,2,3,4,5,6,7,8,1))),$);
#14336=IFCARBITRARYCLOSEDPROFILEDEF(.AREA.,$,#14335);
#14337=IFCCARTESIANPOINT((0.,-0.0010000000474974513,0.));
#14338=IFCDIRECTION((0.,-1.,0.));
#14339=IFCDIRECTION((1.,0.,0.));
#14340=IFCAXIS2PLACEMENT3D(#14337,#14338,#14339);
#14341=IFCDIRECTION((0.,0.,-1.));
#14342=IFCEXTRUDEDAREASOLID(#14336,#14340,#14341,0.0010000000474974513);
#14343=IFCCARTESIANPOINTLIST2D(((0.,0.),(0.,2.),(0.88309979438781738,2.),(0.88309979438781738,0.),(0.86661514453589916,0.),(0.86661514453589916,1.9835153501480818),(0.016484649851918221,1.9835153501480818),(0.016484649851918221,0.)));
#14344=IFCINDEXEDPOLYCURVE(#14343,(IFCLINEINDEX((1,2,3,4,5,6,7,8,1))),$);
#14345=IFCARBITRARYCLOSEDPROFILEDEF(.AREA.,$,#14344);
#14346=IFCCARTESIANPOINT((0.,0.040000006556510925,0.));
#14347=IFCDIRECTION((0.,-1.,0.));
#14348=IFCDIRECTION((1.,0.,0.));
#14349=IFCAXIS2PLACEMENT3D(#14346,#14347,#14348);
#14350=IFCDIRECTION((0.,0.,-1.));
#14351=IFCEXTRUDEDAREASOLID(#14345,#14349,#14350,0.0010000000474974513);
#14352=IFCCARTESIANPOINTLIST2D(((0.,0.),(0.83309979364275932,0.),(0.83309979364275932,0.035000000149011612),(0.,0.035000000149011612)));
#14353=IFCINDEXEDPOLYCURVE(#14352,(IFCLINEINDEX((1,2,3,4,1))),$);
#14354=IFCARBITRARYCLOSEDPROFILEDEF(.AREA.,$,#14353);
#14355=IFCCARTESIANPOINT((0.02500000037252903,0.02500000037252903,0.02500000037252903));
#14356=IFCDIRECTION((0.,0.,1.));
#14357=IFCDIRECTION((1.,0.,0.));
#14358=IFCAXIS2PLACEMENT3D(#14355,#14356,#14357);
#14359=IFCDIRECTION((0.,0.,1.));
#14360=IFCEXTRUDEDAREASOLID(#14354,#14358,#14359,1.9499999992549419);
#14361=IFCCARTESIANPOINTLIST2D(((0.,0.),(0.,-0.040000000000000001),(-0.11999999999999988,-0.040000000000000001),(-0.11999999999999988,-0.02),(-0.020000000000000018,-0.02),(-0.020000000000000018,0.)));
#14362=IFCINDEXEDPOLYCURVE(#14361,(IFCLINEINDEX((1,2,3,4,5,6,1))),$);
#14363=IFCARBITRARYCLOSEDPROFILEDEF(.AREA.,$,#14362);
#14364=IFCCARTESIANPOINT((0.80809979401528831,0.02500000037252903,1.015000000372529));
#14365=IFCDIRECTION((0.,0.,1.));
#14366=IFCDIRECTION((1.,0.,0.));
#14367=IFCAXIS2PLACEMENT3D(#14364,#14365,#14366);
#14368=IFCDIRECTION((0.,0.,1.));
#14369=IFCEXTRUDEDAREASOLID(#14363,#14367,#14368,0.02);
#14370=IFCEXTRUDEDAREASOLID(#14371,#14374,#14378,0.02);
#14371=IFCARBITRARYCLOSEDPROFILEDEF(.AREA.,$,#14372);
#14372=IFCINDEXEDPOLYCURVE(#14373,(IFCLINEINDEX((1,2,3,4,5,6,1))),$);
#14373=IFCCARTESIANPOINTLIST2D(((0.,0.),(0.,0.040000000000000008),(-0.11999999999999988,0.040000000000000008),(-0.11999999999999988,0.020000000000000004),(-0.020000000000000018,0.020000000000000004),(-0.020000000000000018,0.)));
#14374=IFCAXIS2PLACEMENT3D(#14375,#14376,#14377);
#14375=IFCCARTESIANPOINT((0.80809979401528831,0.060000000521540642,1.015000000372529));
#14376=IFCDIRECTION((0.,0.,1.));
#14377=IFCDIRECTION((1.,0.,0.));
#14378=IFCDIRECTION((0.,0.,1.));
#14437=IFCCARTESIANPOINTLIST2D(((0.,0.),(0.,2.),(0.88309979438781738,2.),(0.88309979438781738,0.),(0.85809979401528835,0.),(0.85809979401528835,1.974999999627471),(0.02500000037252903,1.974999999627471),(0.02500000037252903,0.)));
#14438=IFCINDEXEDPOLYCURVE(#14437,(IFCLINEINDEX((1,2,3,4,5,6,7,8,1))),$);
#14439=IFCARBITRARYCLOSEDPROFILEDEF(.AREA.,$,#14438);
#14440=IFCCARTESIANPOINT((0.,0.02500000037252903,0.));
#14441=IFCDIRECTION((0.,-1.,0.));
#14442=IFCDIRECTION((1.,0.,0.));
#14443=IFCAXIS2PLACEMENT3D(#14440,#14441,#14442);
#14444=IFCDIRECTION((0.,0.,-1.));
#14445=IFCEXTRUDEDAREASOLID(#14439,#14443,#14444,0.015000006183981895);
#14446=IFCCARTESIANPOINTLIST2D(((0.,0.),(0.,2.),(0.88309979438781738,2.),(0.88309979438781738,0.),(0.80729179829359055,0.),(0.80729179829359055,1.9241920039057732),(0.075807996094226837,1.9241920039057732),(0.075807996094226837,0.)));
#14447=IFCINDEXEDPOLYCURVE(#14446,(IFCLINEINDEX((1,2,3,4,5,6,7,8,1))),$);
#14448=IFCARBITRARYCLOSEDPROFILEDEF(.AREA.,$,#14447);
#14449=IFCCARTESIANPOINT((0.,0.,0.));
#14450=IFCDIRECTION((0.,-1.,0.));
#14451=IFCDIRECTION((1.,0.,0.));
#14452=IFCAXIS2PLACEMENT3D(#14449,#14450,#14451);
#14453=IFCDIRECTION((0.,0.,-1.));
#14454=IFCEXTRUDEDAREASOLID(#14448,#14452,#14453,0.02500000037252903);
#14455=IFCCARTESIANPOINTLIST2D(((0.,0.),(0.73148380219936371,0.),(0.73148380219936371,0.10000000149011612),(0.,0.10000000149011612)));
#14456=IFCINDEXEDPOLYCURVE(#14455,(IFCLINEINDEX((1,2,3,4,1))),$);
#14457=IFCARBITRARYCLOSEDPROFILEDEF(.AREA.,$,#14456);
#14458=IFCCARTESIANPOINT((0.075807996094226837,0.,0.));
#14459=IFCDIRECTION((0.,0.,1.));
#14460=IFCDIRECTION((1.,0.,0.));
#14461=IFCAXIS2PLACEMENT3D(#14458,#14459,#14460);
#14462=IFCDIRECTION((0.,0.,1.));
#14463=IFCEXTRUDEDAREASOLID(#14457,#14461,#14462,0.02500000037252903);
#14464=IFCCARTESIANPOINTLIST2D(((0.,0.),(0.,2.),(0.88309979438781738,2.),(0.88309979438781738,0.),(0.81580714881420135,0.),(0.81580714881420135,1.932707354426384),(0.067292645573616028,1.932707354426384),(0.067292645573616028,0.)));
#14465=IFCINDEXEDPOLYCURVE(#14464,(IFCLINEINDEX((1,2,3,4,5,6,7,8,1))),$);
#14466=IFCARBITRARYCLOSEDPROFILEDEF(.AREA.,$,#14465);
#14467=IFCCARTESIANPOINT((0.,-0.0010000000474974513,0.));
#14468=IFCDIRECTION((0.,-1.,0.));
#14469=IFCDIRECTION((1.,0.,0.));
#14470=IFCAXIS2PLACEMENT3D(#14467,#14468,#14469);
#14471=IFCDIRECTION((0.,0.,-1.));
#14472=IFCEXTRUDEDAREASOLID(#14466,#14470,#14471,0.0010000000474974513);
#14473=IFCCARTESIANPOINTLIST2D(((0.,0.),(0.,2.),(0.88309979438781738,2.),(0.88309979438781738,0.),(0.86661514453589916,0.),(0.86661514453589916,1.9835153501480818),(0.016484649851918221,1.9835153501480818),(0.016484649851918221,0.)));
#14474=IFCINDEXEDPOLYCURVE(#14473,(IFCLINEINDEX((1,2,3,4,5,6,7,8,1))),$);
#14475=IFCARBITRARYCLOSEDPROFILEDEF(.AREA.,$,#14474);
#14476=IFCCARTESIANPOINT((0.,0.040000006556510925,0.));
#14477=IFCDIRECTION((0.,-1.,0.));
#14478=IFCDIRECTION((1.,0.,0.));
#14479=IFCAXIS2PLACEMENT3D(#14476,#14477,#14478);
#14480=IFCDIRECTION((0.,0.,-1.));
#14481=IFCEXTRUDEDAREASOLID(#14475,#14479,#14480,0.0010000000474974513);
#14482=IFCCARTESIANPOINTLIST2D(((0.,0.),(0.83309979364275932,0.),(0.83309979364275932,0.035000000149011612),(0.,0.035000000149011612)));
#14483=IFCINDEXEDPOLYCURVE(#14482,(IFCLINEINDEX((1,2,3,4,1))),$);
#14484=IFCARBITRARYCLOSEDPROFILEDEF(.AREA.,$,#14483);
#14485=IFCCARTESIANPOINT((0.02500000037252903,0.02500000037252903,0.02500000037252903));
#14486=IFCDIRECTION((0.,0.,1.));
#14487=IFCDIRECTION((1.,0.,0.));
#14488=IFCAXIS2PLACEMENT3D(#14485,#14486,#14487);
#14489=IFCDIRECTION((0.,0.,1.));
#14490=IFCEXTRUDEDAREASOLID(#14484,#14488,#14489,1.9499999992549419);
#14491=IFCCARTESIANPOINTLIST2D(((0.,0.),(0.,-0.040000000000000001),(-0.11999999999999988,-0.040000000000000001),(-0.11999999999999988,-0.02),(-0.020000000000000018,-0.02),(-0.020000000000000018,0.)));
#14492=IFCINDEXEDPOLYCURVE(#14491,(IFCLINEINDEX((1,2,3,4,5,6,1))),$);
#14493=IFCARBITRARYCLOSEDPROFILEDEF(.AREA.,$,#14492);
#14494=IFCCARTESIANPOINT((0.80809979401528831,0.02500000037252903,1.015000000372529));
#14495=IFCDIRECTION((0.,0.,1.));
#14496=IFCDIRECTION((1.,0.,0.));
#14497=IFCAXIS2PLACEMENT3D(#14494,#14495,#14496);
#14498=IFCDIRECTION((0.,0.,1.));
#14499=IFCEXTRUDEDAREASOLID(#14493,#14497,#14498,0.02);
#14500=IFCEXTRUDEDAREASOLID(#14501,#14504,#14508,0.02);
#14501=IFCARBITRARYCLOSEDPROFILEDEF(.AREA.,$,#14502);
#14502=IFCINDEXEDPOLYCURVE(#14503,(IFCLINEINDEX((1,2,3,4,5,6,1))),$);
#14503=IFCCARTESIANPOINTLIST2D(((0.,0.),(0.,0.040000000000000008),(-0.11999999999999988,0.040000000000000008),(-0.11999999999999988,0.020000000000000004),(-0.020000000000000018,0.020000000000000004),(-0.020000000000000018,0.)));
#14504=IFCAXIS2PLACEMENT3D(#14505,#14506,#14507);
#14505=IFCCARTESIANPOINT((0.80809979401528831,0.060000000521540642,1.015000000372529));
#14506=IFCDIRECTION((0.,0.,1.));
#14507=IFCDIRECTION((1.,0.,0.));
#14508=IFCDIRECTION((0.,0.,1.));
#14552=IFCCARTESIANPOINTLIST2D(((0.,0.),(0.,2.),(0.88309979438781738,2.),(0.88309979438781738,0.),(0.85809979401528835,0.),(0.85809979401528835,1.974999999627471),(0.02500000037252903,1.974999999627471),(0.02500000037252903,0.)));
#14553=IFCINDEXEDPOLYCURVE(#14552,(IFCLINEINDEX((1,2,3,4,5,6,7,8,1))),$);
#14554=IFCARBITRARYCLOSEDPROFILEDEF(.AREA.,$,#14553);
#14555=IFCCARTESIANPOINT((0.,0.02500000037252903,0.));
#14556=IFCDIRECTION((0.,-1.,0.));
#14557=IFCDIRECTION((1.,0.,0.));
#14558=IFCAXIS2PLACEMENT3D(#14555,#14556,#14557);
#14559=IFCDIRECTION((0.,0.,-1.));
#14560=IFCEXTRUDEDAREASOLID(#14554,#14558,#14559,0.015000006183981895);
#14561=IFCCARTESIANPOINTLIST2D(((0.,0.),(0.,2.),(0.88309979438781738,2.),(0.88309979438781738,0.),(0.80729179829359055,0.),(0.80729179829359055,1.9241920039057732),(0.075807996094226837,1.9241920039057732),(0.075807996094226837,0.)));
#14562=IFCINDEXEDPOLYCURVE(#14561,(IFCLINEINDEX((1,2,3,4,5,6,7,8,1))),$);
#14563=IFCARBITRARYCLOSEDPROFILEDEF(.AREA.,$,#14562);
#14564=IFCCARTESIANPOINT((0.,0.,0.));
#14565=IFCDIRECTION((0.,-1.,0.));
#14566=IFCDIRECTION((1.,0.,0.));
#14567=IFCAXIS2PLACEMENT3D(#14564,#14565,#14566);
#14568=IFCDIRECTION((0.,0.,-1.));
#14569=IFCEXTRUDEDAREASOLID(#14563,#14567,#14568,0.02500000037252903);
#14570=IFCCARTESIANPOINTLIST2D(((0.,0.),(0.73148380219936371,0.),(0.73148380219936371,0.10000000149011612),(0.,0.10000000149011612)));
#14571=IFCINDEXEDPOLYCURVE(#14570,(IFCLINEINDEX((1,2,3,4,1))),$);
#14572=IFCARBITRARYCLOSEDPROFILEDEF(.AREA.,$,#14571);
#14573=IFCCARTESIANPOINT((0.075807996094226837,0.,0.));
#14574=IFCDIRECTION((0.,0.,1.));
#14575=IFCDIRECTION((1.,0.,0.));
#14576=IFCAXIS2PLACEMENT3D(#14573,#14574,#14575);
#14577=IFCDIRECTION((0.,0.,1.));
#14578=IFCEXTRUDEDAREASOLID(#14572,#14576,#14577,0.02500000037252903);
#14579=IFCCARTESIANPOINTLIST2D(((0.,0.),(0.,2.),(0.88309979438781738,2.),(0.88309979438781738,0.),(0.81580714881420135,0.),(0.81580714881420135,1.932707354426384),(0.067292645573616028,1.932707354426384),(0.067292645573616028,0.)));
#14580=IFCINDEXEDPOLYCURVE(#14579,(IFCLINEINDEX((1,2,3,4,5,6,7,8,1))),$);
#14581=IFCARBITRARYCLOSEDPROFILEDEF(.AREA.,$,#14580);
#14582=IFCCARTESIANPOINT((0.,-0.0010000000474974513,0.));
#14583=IFCDIRECTION((0.,-1.,0.));
#14584=IFCDIRECTION((1.,0.,0.));
#14585=IFCAXIS2PLACEMENT3D(#14582,#14583,#14584);
#14586=IFCDIRECTION((0.,0.,-1.));
#14587=IFCEXTRUDEDAREASOLID(#14581,#14585,#14586,0.0010000000474974513);
#14588=IFCCARTESIANPOINTLIST2D(((0.,0.),(0.,2.),(0.88309979438781738,2.),(0.88309979438781738,0.),(0.86661514453589916,0.),(0.86661514453589916,1.9835153501480818),(0.016484649851918221,1.9835153501480818),(0.016484649851918221,0.)));
#14589=IFCINDEXEDPOLYCURVE(#14588,(IFCLINEINDEX((1,2,3,4,5,6,7,8,1))),$);
#14590=IFCARBITRARYCLOSEDPROFILEDEF(.AREA.,$,#14589);
#14591=IFCCARTESIANPOINT((0.,0.040000006556510925,0.));
#14592=IFCDIRECTION((0.,-1.,0.));
#14593=IFCDIRECTION((1.,0.,0.));
#14594=IFCAXIS2PLACEMENT3D(#14591,#14592,#14593);
#14595=IFCDIRECTION((0.,0.,-1.));
#14596=IFCEXTRUDEDAREASOLID(#14590,#14594,#14595,0.0010000000474974513);
#14597=IFCCARTESIANPOINTLIST2D(((0.,0.),(0.83309979364275932,0.),(0.83309979364275932,0.035000000149011612),(0.,0.035000000149011612)));
#14598=IFCINDEXEDPOLYCURVE(#14597,(IFCLINEINDEX((1,2,3,4,1))),$);
#14599=IFCARBITRARYCLOSEDPROFILEDEF(.AREA.,$,#14598);
#14600=IFCCARTESIANPOINT((0.02500000037252903,0.02500000037252903,0.02500000037252903));
#14601=IFCDIRECTION((0.,0.,1.));
#14602=IFCDIRECTION((1.,0.,0.));
#14603=IFCAXIS2PLACEMENT3D(#14600,#14601,#14602);
#14604=IFCDIRECTION((0.,0.,1.));
#14605=IFCEXTRUDEDAREASOLID(#14599,#14603,#14604,1.9499999992549419);
#14606=IFCCARTESIANPOINTLIST2D(((0.,0.),(0.,-0.040000000000000001),(-0.11999999999999988,-0.040000000000000001),(-0.11999999999999988,-0.02),(-0.020000000000000018,-0.02),(-0.020000000000000018,0.)));
#14607=IFCINDEXEDPOLYCURVE(#14606,(IFCLINEINDEX((1,2,3,4,5,6,1))),$);
#14608=IFCARBITRARYCLOSEDPROFILEDEF(.AREA.,$,#14607);
#14609=IFCCARTESIANPOINT((0.80809979401528831,0.02500000037252903,1.015000000372529));
#14610=IFCDIRECTION((0.,0.,1.));
#14611=IFCDIRECTION((1.,0.,0.));
#14612=IFCAXIS2PLACEMENT3D(#14609,#14610,#14611);
#14613=IFCDIRECTION((0.,0.,1.));
#14614=IFCEXTRUDEDAREASOLID(#14608,#14612,#14613,0.02);
#14615=IFCEXTRUDEDAREASOLID(#14616,#14619,#14623,0.02);
#14616=IFCARBITRARYCLOSEDPROFILEDEF(.AREA.,$,#14617);
#14617=IFCINDEXEDPOLYCURVE(#14618,(IFCLINEINDEX((1,2,3,4,5,6,1))),$);
#14618=IFCCARTESIANPOINTLIST2D(((0.,0.),(0.,0.040000000000000008),(-0.11999999999999988,0.040000000000000008),(-0.11999999999999988,0.020000000000000004),(-0.020000000000000018,0.020000000000000004),(-0.020000000000000018,0.)));
#14619=IFCAXIS2PLACEMENT3D(#14620,#14621,#14622);
#14620=IFCCARTESIANPOINT((0.80809979401528831,0.060000000521540642,1.015000000372529));
#14621=IFCDIRECTION((0.,0.,1.));
#14622=IFCDIRECTION((1.,0.,0.));
#14623=IFCDIRECTION((0.,0.,1.));
#14667=IFCCARTESIANPOINTLIST2D(((0.,0.),(0.,2.),(0.88309979438781738,2.),(0.88309979438781738,0.),(0.85809979401528835,0.),(0.85809979401528835,1.974999999627471),(0.02500000037252903,1.974999999627471),(0.02500000037252903,0.)));
#14668=IFCINDEXEDPOLYCURVE(#14667,(IFCLINEINDEX((1,2,3,4,5,6,7,8,1))),$);
#14669=IFCARBITRARYCLOSEDPROFILEDEF(.AREA.,$,#14668);
#14670=IFCCARTESIANPOINT((0.,0.02500000037252903,0.));
#14671=IFCDIRECTION((0.,-1.,0.));
#14672=IFCDIRECTION((1.,0.,0.));
#14673=IFCAXIS2PLACEMENT3D(#14670,#14671,#14672);
#14674=IFCDIRECTION((0.,0.,-1.));
#14675=IFCEXTRUDEDAREASOLID(#14669,#14673,#14674,0.015000006183981895);
#14676=IFCCARTESIANPOINTLIST2D(((0.,0.),(0.,2.),(0.88309979438781738,2.),(0.88309979438781738,0.),(0.80729179829359055,0.),(0.80729179829359055,1.9241920039057732),(0.075807996094226837,1.9241920039057732),(0.075807996094226837,0.)));
#14677=IFCINDEXEDPOLYCURVE(#14676,(IFCLINEINDEX((1,2,3,4,5,6,7,8,1))),$);
#14678=IFCARBITRARYCLOSEDPROFILEDEF(.AREA.,$,#14677);
#14679=IFCCARTESIANPOINT((0.,0.,0.));
#14680=IFCDIRECTION((0.,-1.,0.));
#14681=IFCDIRECTION((1.,0.,0.));
#14682=IFCAXIS2PLACEMENT3D(#14679,#14680,#14681);
#14683=IFCDIRECTION((0.,0.,-1.));
#14684=IFCEXTRUDEDAREASOLID(#14678,#14682,#14683,0.02500000037252903);
#14685=IFCCARTESIANPOINTLIST2D(((0.,0.),(0.73148380219936371,0.),(0.73148380219936371,0.10000000149011612),(0.,0.10000000149011612)));
#14686=IFCINDEXEDPOLYCURVE(#14685,(IFCLINEINDEX((1,2,3,4,1))),$);
#14687=IFCARBITRARYCLOSEDPROFILEDEF(.AREA.,$,#14686);
#14688=IFCCARTESIANPOINT((0.075807996094226837,0.,0.));
#14689=IFCDIRECTION((0.,0.,1.));
#14690=IFCDIRECTION((1.,0.,0.));
#14691=IFCAXIS2PLACEMENT3D(#14688,#14689,#14690);
#14692=IFCDIRECTION((0.,0.,1.));
#14693=IFCEXTRUDEDAREASOLID(#14687,#14691,#14692,0.02500000037252903);
#14694=IFCCARTESIANPOINTLIST2D(((0.,0.),(0.,2.),(0.88309979438781738,2.),(0.88309979438781738,0.),(0.81580714881420135,0.),(0.81580714881420135,1.932707354426384),(0.067292645573616028,1.932707354426384),(0.067292645573616028,0.)));
#14695=IFCINDEXEDPOLYCURVE(#14694,(IFCLINEINDEX((1,2,3,4,5,6,7,8,1))),$);
#14696=IFCARBITRARYCLOSEDPROFILEDEF(.AREA.,$,#14695);
#14697=IFCCARTESIANPOINT((0.,-0.0010000000474974513,0.));
#14698=IFCDIRECTION((0.,-1.,0.));
#14699=IFCDIRECTION((1.,0.,0.));
#14700=IFCAXIS2PLACEMENT3D(#14697,#14698,#14699);
#14701=IFCDIRECTION((0.,0.,-1.));
#14702=IFCEXTRUDEDAREASOLID(#14696,#14700,#14701,0.0010000000474974513);
#14703=IFCCARTESIANPOINTLIST2D(((0.,0.),(0.,2.),(0.88309979438781738,2.),(0.88309979438781738,0.),(0.86661514453589916,0.),(0.86661514453589916,1.9835153501480818),(0.016484649851918221,1.9835153501480818),(0.016484649851918221,0.)));
#14704=IFCINDEXEDPOLYCURVE(#14703,(IFCLINEINDEX((1,2,3,4,5,6,7,8,1))),$);
#14705=IFCARBITRARYCLOSEDPROFILEDEF(.AREA.,$,#14704);
#14706=IFCCARTESIANPOINT((0.,0.040000006556510925,0.));
#14707=IFCDIRECTION((0.,-1.,0.));
#14708=IFCDIRECTION((1.,0.,0.));
#14709=IFCAXIS2PLACEMENT3D(#14706,#14707,#14708);
#14710=IFCDIRECTION((0.,0.,-1.));
#14711=IFCEXTRUDEDAREASOLID(#14705,#14709,#14710,0.0010000000474974513);
#14712=IFCCARTESIANPOINTLIST2D(((0.,0.),(0.83309979364275932,0.),(0.83309979364275932,0.035000000149011612),(0.,0.035000000149011612)));
#14713=IFCINDEXEDPOLYCURVE(#14712,(IFCLINEINDEX((1,2,3,4,1))),$);
#14714=IFCARBITRARYCLOSEDPROFILEDEF(.AREA.,$,#14713);
#14715=IFCCARTESIANPOINT((0.02500000037252903,0.02500000037252903,0.02500000037252903));
#14716=IFCDIRECTION((0.,0.,1.));
#14717=IFCDIRECTION((1.,0.,0.));
#14718=IFCAXIS2PLACEMENT3D(#14715,#14716,#14717);
#14719=IFCDIRECTION((0.,0.,1.));
#14720=IFCEXTRUDEDAREASOLID(#14714,#14718,#14719,1.9499999992549419);
#14721=IFCCARTESIANPOINTLIST2D(((0.,0.),(0.,-0.040000000000000001),(-0.11999999999999988,-0.040000000000000001),(-0.11999999999999988,-0.02),(-0.020000000000000018,-0.02),(-0.020000000000000018,0.)));
#14722=IFCINDEXEDPOLYCURVE(#14721,(IFCLINEINDEX((1,2,3,4,5,6,1))),$);
#14723=IFCARBITRARYCLOSEDPROFILEDEF(.AREA.,$,#14722);
#14724=IFCCARTESIANPOINT((0.80809979401528831,0.02500000037252903,1.015000000372529));
#14725=IFCDIRECTION((0.,0.,1.));
#14726=IFCDIRECTION((1.,0.,0.));
#14727=IFCAXIS2PLACEMENT3D(#14724,#14725,#14726);
#14728=IFCDIRECTION((0.,0.,1.));
#14729=IFCEXTRUDEDAREASOLID(#14723,#14727,#14728,0.02);
#14730=IFCEXTRUDEDAREASOLID(#14731,#14734,#14738,0.02);
#14731=IFCARBITRARYCLOSEDPROFILEDEF(.AREA.,$,#14732);
#14732=IFCINDEXEDPOLYCURVE(#14733,(IFCLINEINDEX((1,2,3,4,5,6,1))),$);
#14733=IFCCARTESIANPOINTLIST2D(((0.,0.),(0.,0.040000000000000008),(-0.11999999999999988,0.040000000000000008),(-0.11999999999999988,0.020000000000000004),(-0.020000000000000018,0.020000000000000004),(-0.020000000000000018,0.)));
#14734=IFCAXIS2PLACEMENT3D(#14735,#14736,#14737);
#14735=IFCCARTESIANPOINT((0.80809979401528831,0.060000000521540642,1.015000000372529));
#14736=IFCDIRECTION((0.,0.,1.));
#14737=IFCDIRECTION((1.,0.,0.));
#14738=IFCDIRECTION((0.,0.,1.));
#14779=IFCWINDOWTYPE('3WbB7jvWj43wVjlZznuinc',$,'Bedroom 1 - 1 - 2F',$,$,(#14780),(#14782,#14790,#14876),$,$,.WINDOW.,.SINGLE_PANEL.,$,$);
#14780=IFCPROPERTYSET('2tu4py5rf2t9mRCdHajdb9',$,'BBIM_Window',$,(#14781));
#14781=IFCPROPERTYSINGLEVALUE('Data',$,IFCTEXT('{"window_type": "DOUBLE_PANEL_VERTICAL", "overall_height": 0.8999999761581421, "overall_width": 1.1912853717803955, "lining_properties": {"lining_depth": 0.05000000074505806, "lining_thickness": 0.05000000074505806, "lining_offset": 0.05000000074505806, "lining_to_panel_offset_x": 0.02500000037252903, "lining_to_panel_offset_y": 5.9604587931971764e-09, "mullion_thickness": 0.05000000074505806, "first_mullion_offset": 0.594801127910614}, "panel_properties": {"frame_depth": [0.03500000014901161, 0.03500000014901161, 0.03500000014901161], "frame_thickness": [0.03500000014901161, 0.03500000014901161, 0.03500000014901161]}}'),$);
#14782=IFCREPRESENTATIONMAP(#14783,#15316);
#14783=IFCAXIS2PLACEMENT3D(#14784,#14785,#14786);
#14784=IFCCARTESIANPOINT((0.,0.,0.));
#14785=IFCDIRECTION((0.,0.,1.));
#14786=IFCDIRECTION((1.,0.,0.));
#14790=IFCREPRESENTATIONMAP(#14791,#15397);
#14791=IFCAXIS2PLACEMENT3D(#14792,#14793,#14794);
#14792=IFCCARTESIANPOINT((0.,0.,0.));
#14793=IFCDIRECTION((0.,0.,1.));
#14794=IFCDIRECTION((1.,0.,0.));
#14876=IFCREPRESENTATIONMAP(#14877,#15430);
#14877=IFCAXIS2PLACEMENT3D(#14878,#14879,#14880);
#14878=IFCCARTESIANPOINT((0.,0.,0.));
#14879=IFCDIRECTION((0.,0.,1.));
#14880=IFCDIRECTION((1.,0.,0.));
#14914=IFCWINDOW('2UaGdk37z8bue6HAt2QzLT',$,'Window',$,$,#15455,#14923,$,0.89999997615814209,1.1912853717803955,$,.DOUBLE_PANEL_VERTICAL.,$);
#14915=IFCRELDEFINESBYTYPE('1ukt4pa_X0zgeM2L3qz_JK',$,$,$,(#14914),#14779);
#14916=IFCCARTESIANPOINT((0.,0.,0.));
#14917=IFCDIRECTION((1.,0.,0.));
#14918=IFCDIRECTION((0.,1.,0.));
#14919=IFCDIRECTION((0.,0.,1.));
#14920=IFCCARTESIANTRANSFORMATIONOPERATOR3D(#14917,#14918,#14916,1.,#14919);
#14921=IFCMAPPEDITEM(#14782,#14920);
#14922=IFCSHAPEREPRESENTATION(#18,'Profile','MappedRepresentation',(#14921));
#14923=IFCPRODUCTDEFINITIONSHAPE($,$,(#14922,#14930,#14937));
#14924=IFCCARTESIANPOINT((0.,0.,0.));
#14925=IFCDIRECTION((1.,0.,0.));
#14926=IFCDIRECTION((0.,1.,0.));
#14927=IFCDIRECTION((0.,0.,1.));
#14928=IFCCARTESIANTRANSFORMATIONOPERATOR3D(#14925,#14926,#14924,1.,#14927);
#14929=IFCMAPPEDITEM(#14790,#14928);
#14930=IFCSHAPEREPRESENTATION(#11,'Body','MappedRepresentation',(#14929));
#14931=IFCCARTESIANPOINT((0.,0.,0.));
#14932=IFCDIRECTION((1.,0.,0.));
#14933=IFCDIRECTION((0.,1.,0.));
#14934=IFCDIRECTION((0.,0.,1.));
#14935=IFCCARTESIANTRANSFORMATIONOPERATOR3D(#14932,#14933,#14931,1.,#14934);
#14936=IFCMAPPEDITEM(#14876,#14935);
#14937=IFCSHAPEREPRESENTATION(#24,'Body','MappedRepresentation',(#14936));
#14938=IFCOPENINGELEMENT('1hRiC5$YH9LR9QNi9frNga',$,'Opening',$,$,#17939,#14966,$,.OPENING.);
#14954=IFCCARTESIANPOINT((0.,0.,0.));
#14955=IFCDIRECTION((1.,0.,0.));
#14956=IFCDIRECTION((0.,0.,1.));
#14957=IFCAXIS2PLACEMENT3D(#14954,#14956,#14955);
#14958=IFCREPRESENTATIONMAP(#14957,#15440);
#14959=IFCCARTESIANPOINT((0.,0.,0.));
#14960=IFCDIRECTION((1.,0.,0.));
#14961=IFCDIRECTION((0.,1.,0.));
#14962=IFCDIRECTION((0.,0.,1.));
#14963=IFCCARTESIANTRANSFORMATIONOPERATOR3D(#14960,#14961,#14959,1.,#14962);
#14964=IFCMAPPEDITEM(#14958,#14963);
#14965=IFCSHAPEREPRESENTATION(#11,'Body','MappedRepresentation',(#14964));
#14966=IFCPRODUCTDEFINITIONSHAPE($,$,(#14965));
#14967=IFCRELVOIDSELEMENT('3h2EMPlYjFjeBQIGdhUyBn',$,$,$,#10096,#14938);
#14973=IFCRELFILLSELEMENT('0uL69vv_X1gh03B$ucxNUU',$,$,$,#14938,#14914);
#14997=IFCCARTESIANPOINTLIST2D(((0.60799998044967651,0.),(0.,0.),(0.,0.89999997615814209),(0.60799998044967651,0.89999997615814209),(0.60799998044967651,0.87499997578561306),(0.02500000037252903,0.87499997578561306),(0.02500000037252903,0.02500000037252903),(0.60799998044967651,0.02500000037252903)));
#14998=IFCINDEXEDPOLYCURVE(#14997,(IFCLINEINDEX((1,2,3,4,5,6,7,8,1))),$);
#14999=IFCARBITRARYCLOSEDPROFILEDEF(.AREA.,$,#14998);
#15000=IFCCARTESIANPOINT((0.,0.065000007301563301,0.));
#15001=IFCDIRECTION((0.,-1.,0.));
#15002=IFCDIRECTION((1.,0.,0.));
#15003=IFCAXIS2PLACEMENT3D(#15000,#15001,#15002);
#15004=IFCDIRECTION((0.,0.,-1.));
#15005=IFCEXTRUDEDAREASOLID(#14999,#15003,#15004,0.034999994188552819);
#15006=IFCCARTESIANPOINTLIST2D(((0.,0.),(0.60799998044967651,0.),(0.60799998044967651,0.89999997615814209),(0.,0.89999997615814209)));
#15007=IFCINDEXEDPOLYCURVE(#15006,(IFCLINEINDEX((1,2,3,4,1))),$);
#15008=IFCCARTESIANPOINTLIST2D(((0.05000000074505806,0.05000000074505806),(0.58299998007714748,0.05000000074505806),(0.58299998007714748,0.84999997541308403),(0.05000000074505806,0.84999997541308403)));
#15009=IFCINDEXEDPOLYCURVE(#15008,(IFCLINEINDEX((1,2,3,4,1))),$);
#15010=IFCARBITRARYPROFILEDEFWITHVOIDS(.AREA.,$,#15007,(#15009));
#15011=IFCCARTESIANPOINT((0.,0.05000000074505806,0.));
#15012=IFCDIRECTION((0.,-1.,0.));
#15013=IFCDIRECTION((1.,0.,0.));
#15014=IFCAXIS2PLACEMENT3D(#15011,#15012,#15013);
#15015=IFCDIRECTION((0.,0.,-1.));
#15016=IFCEXTRUDEDAREASOLID(#15010,#15014,#15015,0.015000006556505241);
#15017=IFCCARTESIANPOINTLIST2D(((0.,0.),(0.58299998007714748,0.),(0.58299998007714748,0.84999997541308403),(0.,0.84999997541308403)));
#15018=IFCINDEXEDPOLYCURVE(#15017,(IFCLINEINDEX((1,2,3,4,1))),$);
#15019=IFCCARTESIANPOINTLIST2D(((0.035000000149011612,0.035000000149011612),(0.54799997992813587,0.035000000149011612),(0.54799997992813587,0.81499997526407242),(0.035000000149011612,0.81499997526407242)));
#15020=IFCINDEXEDPOLYCURVE(#15019,(IFCLINEINDEX((1,2,3,4,1))),$);
#15021=IFCARBITRARYPROFILEDEFWITHVOIDS(.AREA.,$,#15018,(#15020));
#15022=IFCCARTESIANPOINT((0.02500000037252903,0.065000007301563301,0.02500000037252903));
#15023=IFCDIRECTION((0.,-1.,0.));
#15024=IFCDIRECTION((1.,0.,0.));
#15025=IFCAXIS2PLACEMENT3D(#15022,#15023,#15024);
#15026=IFCDIRECTION((0.,0.,-1.));
#15027=IFCEXTRUDEDAREASOLID(#15021,#15025,#15026,0.035000000149011612);
#15028=IFCINDEXEDPOLYCURVE(#15029,(IFCLINEINDEX((1,2,3,4,1))),$);
#15029=IFCCARTESIANPOINTLIST2D(((0.035000000149011612,0.035000000149011612),(0.54799997992813587,0.035000000149011612),(0.54799997992813587,0.81499997526407242),(0.035000000149011612,0.81499997526407242)));
#15030=IFCARBITRARYCLOSEDPROFILEDEF(.AREA.,$,#15028);
#15031=IFCCARTESIANPOINT((0.02500000037252903,0.077500007376069102,0.02500000037252903));
#15032=IFCDIRECTION((0.,-1.,0.));
#15033=IFCDIRECTION((1.,0.,0.));
#15034=IFCAXIS2PLACEMENT3D(#15031,#15032,#15033);
#15035=IFCDIRECTION((0.,0.,-1.));
#15036=IFCEXTRUDEDAREASOLID(#15030,#15034,#15035,0.01);
#15037=IFCCARTESIANPOINTLIST2D(((0.,0.89999997615814209),(0.59072250127792358,0.89999997615814209),(0.59072250127792358,0.),(0.,0.),(0.,0.02500000037252903),(0.56572250090539455,0.02500000037252903),(0.56572250090539455,0.87499997578561306),(0.,0.87499997578561306)));
#15038=IFCINDEXEDPOLYCURVE(#15037,(IFCLINEINDEX((1,2,3,4,5,6,7,8,1))),$);
#15039=IFCARBITRARYCLOSEDPROFILEDEF(.AREA.,$,#15038);
#15040=IFCCARTESIANPOINT((0.60799998044967651,0.065000007301563301,0.));
#15041=IFCDIRECTION((0.,-1.,0.));
#15042=IFCDIRECTION((1.,0.,0.));
#15043=IFCAXIS2PLACEMENT3D(#15040,#15041,#15042);
#15044=IFCDIRECTION((0.,0.,-1.));
#15045=IFCEXTRUDEDAREASOLID(#15039,#15043,#15044,0.034999994188552819);
#15046=IFCCARTESIANPOINTLIST2D(((0.,0.),(0.59072250127792358,0.),(0.59072250127792358,0.89999997615814209),(0.,0.89999997615814209)));
#15047=IFCINDEXEDPOLYCURVE(#15046,(IFCLINEINDEX((1,2,3,4,1))),$);
#15048=IFCCARTESIANPOINTLIST2D(((0.02500000037252903,0.05000000074505806),(0.54072250053286552,0.05000000074505806),(0.54072250053286552,0.84999997541308403),(0.02500000037252903,0.84999997541308403)));
#15049=IFCINDEXEDPOLYCURVE(#15048,(IFCLINEINDEX((1,2,3,4,1))),$);
#15050=IFCARBITRARYPROFILEDEFWITHVOIDS(.AREA.,$,#15047,(#15049));
#15051=IFCCARTESIANPOINT((0.60799998044967651,0.05000000074505806,0.));
#15052=IFCDIRECTION((0.,-1.,0.));
#15053=IFCDIRECTION((1.,0.,0.));
#15054=IFCAXIS2PLACEMENT3D(#15051,#15052,#15053);
#15055=IFCDIRECTION((0.,0.,-1.));
#15056=IFCEXTRUDEDAREASOLID(#15050,#15054,#15055,0.015000006556505241);
#15057=IFCCARTESIANPOINTLIST2D(((0.,0.),(0.56572250090539455,0.),(0.56572250090539455,0.84999997541308403),(0.,0.84999997541308403)));
#15058=IFCINDEXEDPOLYCURVE(#15057,(IFCLINEINDEX((1,2,3,4,1))),$);
#15059=IFCCARTESIANPOINTLIST2D(((0.035000000149011612,0.035000000149011612),(0.53072250075638294,0.035000000149011612),(0.53072250075638294,0.81499997526407242),(0.035000000149011612,0.81499997526407242)));
#15060=IFCINDEXEDPOLYCURVE(#15059,(IFCLINEINDEX((1,2,3,4,1))),$);
#15061=IFCARBITRARYPROFILEDEFWITHVOIDS(.AREA.,$,#15058,(#15060));
#15062=IFCCARTESIANPOINT((0.60799998044967651,0.065000007301563301,0.02500000037252903));
#15063=IFCDIRECTION((0.,-1.,0.));
#15064=IFCDIRECTION((1.,0.,0.));
#15065=IFCAXIS2PLACEMENT3D(#15062,#15063,#15064);
#15066=IFCDIRECTION((0.,0.,-1.));
#15067=IFCEXTRUDEDAREASOLID(#15061,#15065,#15066,0.035000000149011612);
#15068=IFCINDEXEDPOLYCURVE(#15069,(IFCLINEINDEX((1,2,3,4,1))),$);
#15069=IFCCARTESIANPOINTLIST2D(((0.035000000149011612,0.035000000149011612),(0.53072250075638294,0.035000000149011612),(0.53072250075638294,0.81499997526407242),(0.035000000149011612,0.81499997526407242)));
#15070=IFCARBITRARYCLOSEDPROFILEDEF(.AREA.,$,#15068);
#15071=IFCCARTESIANPOINT((0.60799998044967651,0.077500007376069102,0.02500000037252903));
#15072=IFCDIRECTION((0.,-1.,0.));
#15073=IFCDIRECTION((1.,0.,0.));
#15074=IFCAXIS2PLACEMENT3D(#15071,#15072,#15073);
#15075=IFCDIRECTION((0.,0.,-1.));
#15076=IFCEXTRUDEDAREASOLID(#15070,#15074,#15075,0.01);
#15078=IFCSHAPEREPRESENTATION(#11,'Body','SweptSolid',(#15179,#15376,#15208,#15005,#15168,#15016,#15056,#15045,#15336,#15325,#15365,#15219));
#15079=IFCSHAPEASPECT((#15078),'Lining',$,.T.,#14923);
#15080=IFCSHAPEREPRESENTATION(#11,'Body','SweptSolid',(#15067,#15230,#15190,#15347,#15387,#15027));
#15081=IFCSHAPEASPECT((#15080),'Framing',$,.T.,#14923);
#15082=IFCSHAPEREPRESENTATION(#11,'Body','SweptSolid',(#15199,#15396,#15036,#15356,#15239,#15076));
#15083=IFCSHAPEASPECT((#15082),'Glazing',$,.T.,#14923);
#15160=IFCCARTESIANPOINTLIST2D(((0.60799998044967651,0.),(0.,0.),(0.,0.89999997615814209),(0.60799998044967651,0.89999997615814209),(0.60799998044967651,0.87499997578561306),(0.02500000037252903,0.87499997578561306),(0.02500000037252903,0.02500000037252903),(0.60799998044967651,0.02500000037252903)));
#15161=IFCINDEXEDPOLYCURVE(#15160,(IFCLINEINDEX((1,2,3,4,5,6,7,8,1))),$);
#15162=IFCARBITRARYCLOSEDPROFILEDEF(.AREA.,$,#15161);
#15163=IFCCARTESIANPOINT((0.,0.065000007301563301,0.));
#15164=IFCDIRECTION((0.,-1.,0.));
#15165=IFCDIRECTION((1.,0.,0.));
#15166=IFCAXIS2PLACEMENT3D(#15163,#15164,#15165);
#15167=IFCDIRECTION((0.,0.,-1.));
#15168=IFCEXTRUDEDAREASOLID(#15162,#15166,#15167,0.034999994188552819);
#15169=IFCCARTESIANPOINTLIST2D(((0.,0.),(0.60799998044967651,0.),(0.60799998044967651,0.89999997615814209),(0.,0.89999997615814209)));
#15170=IFCINDEXEDPOLYCURVE(#15169,(IFCLINEINDEX((1,2,3,4,1))),$);
#15171=IFCCARTESIANPOINTLIST2D(((0.05000000074505806,0.05000000074505806),(0.58299998007714748,0.05000000074505806),(0.58299998007714748,0.84999997541308403),(0.05000000074505806,0.84999997541308403)));
#15172=IFCINDEXEDPOLYCURVE(#15171,(IFCLINEINDEX((1,2,3,4,1))),$);
#15173=IFCARBITRARYPROFILEDEFWITHVOIDS(.AREA.,$,#15170,(#15172));
#15174=IFCCARTESIANPOINT((0.,0.05000000074505806,0.));
#15175=IFCDIRECTION((0.,-1.,0.));
#15176=IFCDIRECTION((1.,0.,0.));
#15177=IFCAXIS2PLACEMENT3D(#15174,#15175,#15176);
#15178=IFCDIRECTION((0.,0.,-1.));
#15179=IFCEXTRUDEDAREASOLID(#15173,#15177,#15178,0.015000006556505241);
#15180=IFCCARTESIANPOINTLIST2D(((0.,0.),(0.58299998007714748,0.),(0.58299998007714748,0.84999997541308403),(0.,0.84999997541308403)));
#15181=IFCINDEXEDPOLYCURVE(#15180,(IFCLINEINDEX((1,2,3,4,1))),$);
#15182=IFCCARTESIANPOINTLIST2D(((0.035000000149011612,0.035000000149011612),(0.54799997992813587,0.035000000149011612),(0.54799997992813587,0.81499997526407242),(0.035000000149011612,0.81499997526407242)));
#15183=IFCINDEXEDPOLYCURVE(#15182,(IFCLINEINDEX((1,2,3,4,1))),$);
#15184=IFCARBITRARYPROFILEDEFWITHVOIDS(.AREA.,$,#15181,(#15183));
#15185=IFCCARTESIANPOINT((0.02500000037252903,0.065000007301563301,0.02500000037252903));
#15186=IFCDIRECTION((0.,-1.,0.));
#15187=IFCDIRECTION((1.,0.,0.));
#15188=IFCAXIS2PLACEMENT3D(#15185,#15186,#15187);
#15189=IFCDIRECTION((0.,0.,-1.));
#15190=IFCEXTRUDEDAREASOLID(#15184,#15188,#15189,0.035000000149011612);
#15191=IFCINDEXEDPOLYCURVE(#15192,(IFCLINEINDEX((1,2,3,4,1))),$);
#15192=IFCCARTESIANPOINTLIST2D(((0.035000000149011612,0.035000000149011612),(0.54799997992813587,0.035000000149011612),(0.54799997992813587,0.81499997526407242),(0.035000000149011612,0.81499997526407242)));
#15193=IFCARBITRARYCLOSEDPROFILEDEF(.AREA.,$,#15191);
#15194=IFCCARTESIANPOINT((0.02500000037252903,0.077500007376069102,0.02500000037252903));
#15195=IFCDIRECTION((0.,-1.,0.));
#15196=IFCDIRECTION((1.,0.,0.));
#15197=IFCAXIS2PLACEMENT3D(#15194,#15195,#15196);
#15198=IFCDIRECTION((0.,0.,-1.));
#15199=IFCEXTRUDEDAREASOLID(#15193,#15197,#15198,0.01);
#15200=IFCCARTESIANPOINTLIST2D(((0.,0.89999997615814209),(0.58328539133071899,0.89999997615814209),(0.58328539133071899,0.),(0.,0.),(0.,0.02500000037252903),(0.55828539095818996,0.02500000037252903),(0.55828539095818996,0.87499997578561306),(0.,0.87499997578561306)));
#15201=IFCINDEXEDPOLYCURVE(#15200,(IFCLINEINDEX((1,2,3,4,5,6,7,8,1))),$);
#15202=IFCARBITRARYCLOSEDPROFILEDEF(.AREA.,$,#15201);
#15203=IFCCARTESIANPOINT((0.60799998044967651,0.065000007301563301,0.));
#15204=IFCDIRECTION((0.,-1.,0.));
#15205=IFCDIRECTION((1.,0.,0.));
#15206=IFCAXIS2PLACEMENT3D(#15203,#15204,#15205);
#15207=IFCDIRECTION((0.,0.,-1.));
#15208=IFCEXTRUDEDAREASOLID(#15202,#15206,#15207,0.034999994188552819);
#15209=IFCCARTESIANPOINTLIST2D(((0.,0.),(0.58328539133071899,0.),(0.58328539133071899,0.89999997615814209),(0.,0.89999997615814209)));
#15210=IFCINDEXEDPOLYCURVE(#15209,(IFCLINEINDEX((1,2,3,4,1))),$);
#15211=IFCCARTESIANPOINTLIST2D(((0.02500000037252903,0.05000000074505806),(0.53328539058566093,0.05000000074505806),(0.53328539058566093,0.84999997541308403),(0.02500000037252903,0.84999997541308403)));
#15212=IFCINDEXEDPOLYCURVE(#15211,(IFCLINEINDEX((1,2,3,4,1))),$);
#15213=IFCARBITRARYPROFILEDEFWITHVOIDS(.AREA.,$,#15210,(#15212));
#15214=IFCCARTESIANPOINT((0.60799998044967651,0.05000000074505806,0.));
#15215=IFCDIRECTION((0.,-1.,0.));
#15216=IFCDIRECTION((1.,0.,0.));
#15217=IFCAXIS2PLACEMENT3D(#15214,#15215,#15216);
#15218=IFCDIRECTION((0.,0.,-1.));
#15219=IFCEXTRUDEDAREASOLID(#15213,#15217,#15218,0.015000006556505241);
#15220=IFCCARTESIANPOINTLIST2D(((0.,0.),(0.55828539095818996,0.),(0.55828539095818996,0.84999997541308403),(0.,0.84999997541308403)));
#15221=IFCINDEXEDPOLYCURVE(#15220,(IFCLINEINDEX((1,2,3,4,1))),$);
#15222=IFCCARTESIANPOINTLIST2D(((0.035000000149011612,0.035000000149011612),(0.52328539080917835,0.035000000149011612),(0.52328539080917835,0.81499997526407242),(0.035000000149011612,0.81499997526407242)));
#15223=IFCINDEXEDPOLYCURVE(#15222,(IFCLINEINDEX((1,2,3,4,1))),$);
#15224=IFCARBITRARYPROFILEDEFWITHVOIDS(.AREA.,$,#15221,(#15223));
#15225=IFCCARTESIANPOINT((0.60799998044967651,0.065000007301563301,0.02500000037252903));
#15226=IFCDIRECTION((0.,-1.,0.));
#15227=IFCDIRECTION((1.,0.,0.));
#15228=IFCAXIS2PLACEMENT3D(#15225,#15226,#15227);
#15229=IFCDIRECTION((0.,0.,-1.));
#15230=IFCEXTRUDEDAREASOLID(#15224,#15228,#15229,0.035000000149011612);
#15231=IFCINDEXEDPOLYCURVE(#15232,(IFCLINEINDEX((1,2,3,4,1))),$);
#15232=IFCCARTESIANPOINTLIST2D(((0.035000000149011612,0.035000000149011612),(0.52328539080917835,0.035000000149011612),(0.52328539080917835,0.81499997526407242),(0.035000000149011612,0.81499997526407242)));
#15233=IFCARBITRARYCLOSEDPROFILEDEF(.AREA.,$,#15231);
#15234=IFCCARTESIANPOINT((0.60799998044967651,0.077500007376069102,0.02500000037252903));
#15235=IFCDIRECTION((0.,-1.,0.));
#15236=IFCDIRECTION((1.,0.,0.));
#15237=IFCAXIS2PLACEMENT3D(#15234,#15235,#15236);
#15238=IFCDIRECTION((0.,0.,-1.));
#15239=IFCEXTRUDEDAREASOLID(#15233,#15237,#15238,0.01);
#15314=IFCCARTESIANPOINTLIST3D(((0.,0.,0.),(1.1912853717803955,0.,0.),(1.1912853717803955,0.,0.89999997615814209),(0.,0.,0.89999997615814209)));
#15315=IFCINDEXEDPOLYCURVE(#15314,(IFCLINEINDEX((1,2,3,4,1))),$);
#15316=IFCSHAPEREPRESENTATION(#18,'Profile','Curve3D',(#15315));
#15317=IFCCARTESIANPOINTLIST2D(((0.59480112791061401,0.),(0.,0.),(0.,0.89999997615814209),(0.59480112791061401,0.89999997615814209),(0.59480112791061401,0.87499997578561306),(0.02500000037252903,0.87499997578561306),(0.02500000037252903,0.02500000037252903),(0.59480112791061401,0.02500000037252903)));
#15318=IFCINDEXEDPOLYCURVE(#15317,(IFCLINEINDEX((1,2,3,4,5,6,7,8,1))),$);
#15319=IFCARBITRARYCLOSEDPROFILEDEF(.AREA.,$,#15318);
#15320=IFCCARTESIANPOINT((0.,0.065000007301563301,0.));
#15321=IFCDIRECTION((0.,-1.,0.));
#15322=IFCDIRECTION((1.,0.,0.));
#15323=IFCAXIS2PLACEMENT3D(#15320,#15321,#15322);
#15324=IFCDIRECTION((0.,0.,-1.));
#15325=IFCEXTRUDEDAREASOLID(#15319,#15323,#15324,0.034999994188552819);
#15326=IFCCARTESIANPOINTLIST2D(((0.,0.),(0.59480112791061401,0.),(0.59480112791061401,0.89999997615814209),(0.,0.89999997615814209)));
#15327=IFCINDEXEDPOLYCURVE(#15326,(IFCLINEINDEX((1,2,3,4,1))),$);
#15328=IFCCARTESIANPOINTLIST2D(((0.05000000074505806,0.05000000074505806),(0.56980112753808498,0.05000000074505806),(0.56980112753808498,0.84999997541308403),(0.05000000074505806,0.84999997541308403)));
#15329=IFCINDEXEDPOLYCURVE(#15328,(IFCLINEINDEX((1,2,3,4,1))),$);
#15330=IFCARBITRARYPROFILEDEFWITHVOIDS(.AREA.,$,#15327,(#15329));
#15331=IFCCARTESIANPOINT((0.,0.05000000074505806,0.));
#15332=IFCDIRECTION((0.,-1.,0.));
#15333=IFCDIRECTION((1.,0.,0.));
#15334=IFCAXIS2PLACEMENT3D(#15331,#15332,#15333);
#15335=IFCDIRECTION((0.,0.,-1.));
#15336=IFCEXTRUDEDAREASOLID(#15330,#15334,#15335,0.015000006556505241);
#15337=IFCCARTESIANPOINTLIST2D(((0.,0.),(0.56980112753808498,0.),(0.56980112753808498,0.84999997541308403),(0.,0.84999997541308403)));
#15338=IFCINDEXEDPOLYCURVE(#15337,(IFCLINEINDEX((1,2,3,4,1))),$);
#15339=IFCCARTESIANPOINTLIST2D(((0.035000000149011612,0.035000000149011612),(0.53480112738907337,0.035000000149011612),(0.53480112738907337,0.81499997526407242),(0.035000000149011612,0.81499997526407242)));
#15340=IFCINDEXEDPOLYCURVE(#15339,(IFCLINEINDEX((1,2,3,4,1))),$);
#15341=IFCARBITRARYPROFILEDEFWITHVOIDS(.AREA.,$,#15338,(#15340));
#15342=IFCCARTESIANPOINT((0.02500000037252903,0.065000007301563301,0.02500000037252903));
#15343=IFCDIRECTION((0.,-1.,0.));
#15344=IFCDIRECTION((1.,0.,0.));
#15345=IFCAXIS2PLACEMENT3D(#15342,#15343,#15344);
#15346=IFCDIRECTION((0.,0.,-1.));
#15347=IFCEXTRUDEDAREASOLID(#15341,#15345,#15346,0.035000000149011612);
#15348=IFCINDEXEDPOLYCURVE(#15349,(IFCLINEINDEX((1,2,3,4,1))),$);
#15349=IFCCARTESIANPOINTLIST2D(((0.035000000149011612,0.035000000149011612),(0.53480112738907337,0.035000000149011612),(0.53480112738907337,0.81499997526407242),(0.035000000149011612,0.81499997526407242)));
#15350=IFCARBITRARYCLOSEDPROFILEDEF(.AREA.,$,#15348);
#15351=IFCCARTESIANPOINT((0.02500000037252903,0.077500007376069102,0.02500000037252903));
#15352=IFCDIRECTION((0.,-1.,0.));
#15353=IFCDIRECTION((1.,0.,0.));
#15354=IFCAXIS2PLACEMENT3D(#15351,#15352,#15353);
#15355=IFCDIRECTION((0.,0.,-1.));
#15356=IFCEXTRUDEDAREASOLID(#15350,#15354,#15355,0.01);
#15357=IFCCARTESIANPOINTLIST2D(((0.,0.89999997615814209),(0.59648424386978149,0.89999997615814209),(0.59648424386978149,0.),(0.,0.),(0.,0.02500000037252903),(0.57148424349725246,0.02500000037252903),(0.57148424349725246,0.87499997578561306),(0.,0.87499997578561306)));
#15358=IFCINDEXEDPOLYCURVE(#15357,(IFCLINEINDEX((1,2,3,4,5,6,7,8,1))),$);
#15359=IFCARBITRARYCLOSEDPROFILEDEF(.AREA.,$,#15358);
#15360=IFCCARTESIANPOINT((0.59480112791061401,0.065000007301563301,0.));
#15361=IFCDIRECTION((0.,-1.,0.));
#15362=IFCDIRECTION((1.,0.,0.));
#15363=IFCAXIS2PLACEMENT3D(#15360,#15361,#15362);
#15364=IFCDIRECTION((0.,0.,-1.));
#15365=IFCEXTRUDEDAREASOLID(#15359,#15363,#15364,0.034999994188552819);
#15366=IFCCARTESIANPOINTLIST2D(((0.,0.),(0.59648424386978149,0.),(0.59648424386978149,0.89999997615814209),(0.,0.89999997615814209)));
#15367=IFCINDEXEDPOLYCURVE(#15366,(IFCLINEINDEX((1,2,3,4,1))),$);
#15368=IFCCARTESIANPOINTLIST2D(((0.02500000037252903,0.05000000074505806),(0.54648424312472343,0.05000000074505806),(0.54648424312472343,0.84999997541308403),(0.02500000037252903,0.84999997541308403)));
#15369=IFCINDEXEDPOLYCURVE(#15368,(IFCLINEINDEX((1,2,3,4,1))),$);
#15370=IFCARBITRARYPROFILEDEFWITHVOIDS(.AREA.,$,#15367,(#15369));
#15371=IFCCARTESIANPOINT((0.59480112791061401,0.05000000074505806,0.));
#15372=IFCDIRECTION((0.,-1.,0.));
#15373=IFCDIRECTION((1.,0.,0.));
#15374=IFCAXIS2PLACEMENT3D(#15371,#15372,#15373);
#15375=IFCDIRECTION((0.,0.,-1.));
#15376=IFCEXTRUDEDAREASOLID(#15370,#15374,#15375,0.015000006556505241);
#15377=IFCCARTESIANPOINTLIST2D(((0.,0.),(0.57148424349725246,0.),(0.57148424349725246,0.84999997541308403),(0.,0.84999997541308403)));
#15378=IFCINDEXEDPOLYCURVE(#15377,(IFCLINEINDEX((1,2,3,4,1))),$);
#15379=IFCCARTESIANPOINTLIST2D(((0.035000000149011612,0.035000000149011612),(0.53648424334824085,0.035000000149011612),(0.53648424334824085,0.81499997526407242),(0.035000000149011612,0.81499997526407242)));
#15380=IFCINDEXEDPOLYCURVE(#15379,(IFCLINEINDEX((1,2,3,4,1))),$);
#15381=IFCARBITRARYPROFILEDEFWITHVOIDS(.AREA.,$,#15378,(#15380));
#15382=IFCCARTESIANPOINT((0.59480112791061401,0.065000007301563301,0.02500000037252903));
#15383=IFCDIRECTION((0.,-1.,0.));
#15384=IFCDIRECTION((1.,0.,0.));
#15385=IFCAXIS2PLACEMENT3D(#15382,#15383,#15384);
#15386=IFCDIRECTION((0.,0.,-1.));
#15387=IFCEXTRUDEDAREASOLID(#15381,#15385,#15386,0.035000000149011612);
#15388=IFCINDEXEDPOLYCURVE(#15389,(IFCLINEINDEX((1,2,3,4,1))),$);
#15389=IFCCARTESIANPOINTLIST2D(((0.035000000149011612,0.035000000149011612),(0.53648424334824085,0.035000000149011612),(0.53648424334824085,0.81499997526407242),(0.035000000149011612,0.81499997526407242)));
#15390=IFCARBITRARYCLOSEDPROFILEDEF(.AREA.,$,#15388);
#15391=IFCCARTESIANPOINT((0.59480112791061401,0.077500007376069102,0.02500000037252903));
#15392=IFCDIRECTION((0.,-1.,0.));
#15393=IFCDIRECTION((1.,0.,0.));
#15394=IFCAXIS2PLACEMENT3D(#15391,#15392,#15393);
#15395=IFCDIRECTION((0.,0.,-1.));
#15396=IFCEXTRUDEDAREASOLID(#15390,#15394,#15395,0.01);
#15397=IFCSHAPEREPRESENTATION(#11,'Body','SweptSolid',(#15325,#15336,#15347,#15356,#15365,#15376,#15387,#15396));
#15398=IFCCARTESIANPOINTLIST2D(((0.05000000074505806,0.05000000074505806),(0.56980112753808498,0.05000000074505806)));
#15399=IFCINDEXEDPOLYCURVE(#15398,$,$);
#15400=IFCCARTESIANPOINTLIST2D(((0.,0.10000000149011612),(0.02500000037252903,0.10000000149011612),(0.02500000037252903,0.065000007301563301),(0.05000000074505806,0.065000007301563301),(0.05000000074505806,0.05000000074505806),(0.,0.05000000074505806)));
#15401=IFCINDEXEDPOLYCURVE(#15400,(IFCLINEINDEX((1,2,3,4,5,6,1))),$);
#15402=IFCCARTESIANPOINTLIST2D(((0.59480112791061401,0.10000000149011612),(0.59480112791061401,0.10000000149011612),(0.59480112791061401,0.065000007301563301),(0.56980112753808498,0.065000007301563301),(0.56980112753808498,0.05000000074505806),(0.59480112791061401,0.05000000074505806)));
#15403=IFCINDEXEDPOLYCURVE(#15402,$,$);
#15404=IFCCARTESIANPOINTLIST2D(((0.02500000037252903,0.065000007301563301),(0.060000000521540642,0.065000007301563301),(0.060000000521540642,0.10000000745057491),(0.02500000037252903,0.10000000745057491)));
#15405=IFCINDEXEDPOLYCURVE(#15404,(IFCLINEINDEX((1,2,3,4,1))),$);
#15406=IFCINDEXEDPOLYCURVE(#15407,(IFCLINEINDEX((1,2,3,4,1))),$);
#15407=IFCCARTESIANPOINTLIST2D(((0.59480112791061401,0.065000007301563301),(0.5598011277616024,0.065000007301563301),(0.5598011277616024,0.10000000745057491),(0.59480112791061401,0.10000000745057491)));
#15408=IFCCARTESIANPOINTLIST2D(((0.060000000521540642,0.065000007301563301),(0.5598011277616024,0.065000007301563301)));
#15409=IFCINDEXEDPOLYCURVE(#15408,$,$);
#15410=IFCINDEXEDPOLYCURVE(#15411,$,$);
#15411=IFCCARTESIANPOINTLIST2D(((0.060000000521540642,0.10000000745057491),(0.5598011277616024,0.10000000745057491)));
#15412=IFCINDEXEDPOLYCURVE(#15413,$,$);
#15413=IFCCARTESIANPOINTLIST2D(((0.060000000521540642,0.082500007376069107),(0.5598011277616024,0.082500007376069107)));
#15414=IFCCARTESIANPOINTLIST2D(((0.61980112828314304,0.05000000074505806),(1.1412853710353374,0.05000000074505806)));
#15415=IFCINDEXEDPOLYCURVE(#15414,$,$);
#15416=IFCCARTESIANPOINTLIST2D(((0.59480112791061401,0.10000000149011612),(0.59480112791061401,0.10000000149011612),(0.59480112791061401,0.065000007301563301),(0.61980112828314304,0.065000007301563301),(0.61980112828314304,0.05000000074505806),(0.59480112791061401,0.05000000074505806)));
#15417=IFCINDEXEDPOLYCURVE(#15416,$,$);
#15418=IFCCARTESIANPOINTLIST2D(((1.1912853717803955,0.10000000149011612),(1.1662853714078665,0.10000000149011612),(1.1662853714078665,0.065000007301563301),(1.1412853710353374,0.065000007301563301),(1.1412853710353374,0.05000000074505806),(1.1912853717803955,0.05000000074505806)));
#15419=IFCINDEXEDPOLYCURVE(#15418,(IFCLINEINDEX((1,2,3,4,5,6,1))),$);
#15420=IFCCARTESIANPOINTLIST2D(((0.59480112791061401,0.065000007301563301),(0.62980112805962563,0.065000007301563301),(0.62980112805962563,0.10000000745057491),(0.59480112791061401,0.10000000745057491)));
#15421=IFCINDEXEDPOLYCURVE(#15420,(IFCLINEINDEX((1,2,3,4,1))),$);
#15422=IFCINDEXEDPOLYCURVE(#15423,(IFCLINEINDEX((1,2,3,4,1))),$);
#15423=IFCCARTESIANPOINTLIST2D(((1.1662853714078665,0.065000007301563301),(1.1312853712588549,0.065000007301563301),(1.1312853712588549,0.10000000745057491),(1.1662853714078665,0.10000000745057491)));
#15424=IFCCARTESIANPOINTLIST2D(((0.62980112805962563,0.065000007301563301),(1.1312853712588549,0.065000007301563301)));
#15425=IFCINDEXEDPOLYCURVE(#15424,$,$);
#15426=IFCINDEXEDPOLYCURVE(#15427,$,$);
#15427=IFCCARTESIANPOINTLIST2D(((0.62980112805962563,0.10000000745057491),(1.1312853712588549,0.10000000745057491)));
#15428=IFCINDEXEDPOLYCURVE(#15429,$,$);
#15429=IFCCARTESIANPOINTLIST2D(((0.62980112805962563,0.082500007376069107),(1.1312853712588549,0.082500007376069107)));
#15430=IFCSHAPEREPRESENTATION(#24,'Body','Curve2D',(#15399,#15401,#15403,#15405,#15406,#15409,#15410,#15412,#15415,#15417,#15419,#15421,#15422,#15425,#15426,#15428));
#15431=IFCCARTESIANPOINTLIST2D(((0.,0.),(1.1912853717803955,0.),(1.1912853717803955,0.89999997615814209),(0.,0.89999997615814209)));
#15432=IFCINDEXEDPOLYCURVE(#15431,(IFCLINEINDEX((1,2,3,4,1))),$);
#15433=IFCARBITRARYCLOSEDPROFILEDEF(.AREA.,$,#15432);
#15434=IFCCARTESIANPOINT((0.,-0.60000002384185791,0.));
#15435=IFCDIRECTION((0.,-1.,0.));
#15436=IFCDIRECTION((1.,0.,0.));
#15437=IFCAXIS2PLACEMENT3D(#15434,#15435,#15436);
#15438=IFCDIRECTION((0.,0.,-1.));
#15439=IFCEXTRUDEDAREASOLID(#15433,#15437,#15438,1.2);
#15440=IFCSHAPEREPRESENTATION(#11,'Body','SweptSolid',(#15439));
#15451=IFCCARTESIANPOINT((0.,0.,0.));
#15452=IFCDIRECTION((0.,0.,1.));
#15453=IFCDIRECTION((1.,3.1763735522036263E-22,0.));
#15454=IFCAXIS2PLACEMENT3D(#15451,#15452,#15453);
#15455=IFCLOCALPLACEMENT(#17939,#15454);
#15456=IFCWINDOWTYPE('0CUDrORBf7p9PnumWtNk8t',$,'Bedroom 1 - 2 - 2F',$,$,(#15457),(#15459,#15467,#15515),$,$,.WINDOW.,.SINGLE_PANEL.,$,$);
#15457=IFCPROPERTYSET('0ZxnM9slnDdfI5OC14mxoE',$,'BBIM_Window',$,(#15458));
#15458=IFCPROPERTYSINGLEVALUE('Data',$,IFCTEXT('{"window_type": "SINGLE_PANEL", "overall_height": 0.8999999761581421, "overall_width": 0.768947184085846, "lining_properties": {"lining_depth": 0.05000000074505806, "lining_thickness": 0.05000000074505806, "lining_offset": 0.05000000074505806, "lining_to_panel_offset_x": 0.02500000037252903, "lining_to_panel_offset_y": 0.02500000037252903}, "panel_properties": {"frame_depth": [0.03500000014901161, 0.03500000014901161, 0.03500000014901161], "frame_thickness": [0.03500000014901161, 0.03500000014901161, 0.03500000014901161]}}'),$);
#15459=IFCREPRESENTATIONMAP(#15460,#15713);
#15460=IFCAXIS2PLACEMENT3D(#15461,#15462,#15463);
#15461=IFCCARTESIANPOINT((0.,0.,0.));
#15462=IFCDIRECTION((0.,0.,1.));
#15463=IFCDIRECTION((1.,0.,0.));
#15467=IFCREPRESENTATIONMAP(#15468,#15756);
#15468=IFCAXIS2PLACEMENT3D(#15469,#15470,#15471);
#15469=IFCCARTESIANPOINT((0.,0.,0.));
#15470=IFCDIRECTION((0.,0.,1.));
#15471=IFCDIRECTION((1.,0.,0.));
#15515=IFCREPRESENTATIONMAP(#15516,#15773);
#15516=IFCAXIS2PLACEMENT3D(#15517,#15518,#15519);
#15517=IFCCARTESIANPOINT((0.,0.,0.));
#15518=IFCDIRECTION((0.,0.,1.));
#15519=IFCDIRECTION((1.,0.,0.));
#15537=IFCWINDOW('0cpRh7qzzCDOgogndmMre7',$,'Window',$,$,#15798,#15546,$,0.89999997615814209,0.76894718408584595,$,.SINGLE_PANEL.,$);
#15538=IFCRELDEFINESBYTYPE('38shhoeZzBqeXyRSvcu9S3',$,$,$,(#15537),#15456);
#15539=IFCCARTESIANPOINT((0.,0.,0.));
#15540=IFCDIRECTION((1.,0.,0.));
#15541=IFCDIRECTION((0.,1.,0.));
#15542=IFCDIRECTION((0.,0.,1.));
#15543=IFCCARTESIANTRANSFORMATIONOPERATOR3D(#15540,#15541,#15539,1.,#15542);
#15544=IFCMAPPEDITEM(#15459,#15543);
#15545=IFCSHAPEREPRESENTATION(#18,'Profile','MappedRepresentation',(#15544));
#15546=IFCPRODUCTDEFINITIONSHAPE($,$,(#15545,#15553,#15560));
#15547=IFCCARTESIANPOINT((0.,0.,0.));
#15548=IFCDIRECTION((1.,0.,0.));
#15549=IFCDIRECTION((0.,1.,0.));
#15550=IFCDIRECTION((0.,0.,1.));
#15551=IFCCARTESIANTRANSFORMATIONOPERATOR3D(#15548,#15549,#15547,1.,#15550);
#15552=IFCMAPPEDITEM(#15467,#15551);
#15553=IFCSHAPEREPRESENTATION(#11,'Body','MappedRepresentation',(#15552));
#15554=IFCCARTESIANPOINT((0.,0.,0.));
#15555=IFCDIRECTION((1.,0.,0.));
#15556=IFCDIRECTION((0.,1.,0.));
#15557=IFCDIRECTION((0.,0.,1.));
#15558=IFCCARTESIANTRANSFORMATIONOPERATOR3D(#15555,#15556,#15554,1.,#15557);
#15559=IFCMAPPEDITEM(#15515,#15558);
#15560=IFCSHAPEREPRESENTATION(#24,'Body','MappedRepresentation',(#15559));
#15561=IFCOPENINGELEMENT('1R6h2wZnj6TQ7Kl2u8Bd8A',$,'Opening',$,$,#15793,#15589,$,.OPENING.);
#15577=IFCCARTESIANPOINT((0.,0.,0.));
#15578=IFCDIRECTION((1.,0.,0.));
#15579=IFCDIRECTION((0.,0.,1.));
#15580=IFCAXIS2PLACEMENT3D(#15577,#15579,#15578);
#15581=IFCREPRESENTATIONMAP(#15580,#15783);
#15582=IFCCARTESIANPOINT((0.,0.,0.));
#15583=IFCDIRECTION((1.,0.,0.));
#15584=IFCDIRECTION((0.,1.,0.));
#15585=IFCDIRECTION((0.,0.,1.));
#15586=IFCCARTESIANTRANSFORMATIONOPERATOR3D(#15583,#15584,#15582,1.,#15585);
#15587=IFCMAPPEDITEM(#15581,#15586);
#15588=IFCSHAPEREPRESENTATION(#11,'Body','MappedRepresentation',(#15587));
#15589=IFCPRODUCTDEFINITIONSHAPE($,$,(#15588));
#15590=IFCRELVOIDSELEMENT('2$VNiohcXAnRWUjlOGq_1O',$,$,$,#10121,#15561);
#15596=IFCRELFILLSELEMENT('3scP98FrrE4gflhDyjYwy0',$,$,$,#15561,#15537);
#15605=IFCCARTESIANPOINTLIST2D(((0.,0.),(0.76894724369049072,0.),(0.76894724369049072,0.89999997615814209),(0.,0.89999997615814209)));
#15606=IFCINDEXEDPOLYCURVE(#15605,(IFCLINEINDEX((1,2,3,4,1))),$);
#15607=IFCCARTESIANPOINTLIST2D(((0.02500000037252903,0.02500000037252903),(0.74394724331796169,0.02500000037252903),(0.74394724331796169,0.87499997578561306),(0.02500000037252903,0.87499997578561306)));
#15608=IFCINDEXEDPOLYCURVE(#15607,(IFCLINEINDEX((1,2,3,4,1))),$);
#15609=IFCARBITRARYPROFILEDEFWITHVOIDS(.AREA.,$,#15606,(#15608));
#15610=IFCCARTESIANPOINT((0.,0.090000001713633537,0.));
#15611=IFCDIRECTION((0.,-1.,0.));
#15612=IFCDIRECTION((1.,0.,0.));
#15613=IFCAXIS2PLACEMENT3D(#15610,#15611,#15612);
#15614=IFCDIRECTION((0.,0.,-1.));
#15615=IFCEXTRUDEDAREASOLID(#15609,#15613,#15614,0.0099999997764825821);
#15616=IFCCARTESIANPOINTLIST2D(((0.,0.),(0.76894724369049072,0.),(0.76894724369049072,0.89999997615814209),(0.,0.89999997615814209)));
#15617=IFCINDEXEDPOLYCURVE(#15616,(IFCLINEINDEX((1,2,3,4,1))),$);
#15618=IFCCARTESIANPOINTLIST2D(((0.05000000074505806,0.05000000074505806),(0.71894724294543266,0.05000000074505806),(0.71894724294543266,0.84999997541308403),(0.05000000074505806,0.84999997541308403)));
#15619=IFCINDEXEDPOLYCURVE(#15618,(IFCLINEINDEX((1,2,3,4,1))),$);
#15620=IFCARBITRARYPROFILEDEFWITHVOIDS(.AREA.,$,#15617,(#15619));
#15621=IFCCARTESIANPOINT((0.,0.05000000074505806,0.));
#15622=IFCDIRECTION((0.,-1.,0.));
#15623=IFCDIRECTION((1.,0.,0.));
#15624=IFCAXIS2PLACEMENT3D(#15621,#15622,#15623);
#15625=IFCDIRECTION((0.,0.,-1.));
#15626=IFCEXTRUDEDAREASOLID(#15620,#15624,#15625,0.040000000968575478);
#15627=IFCCARTESIANPOINTLIST2D(((0.,0.),(0.71894724294543266,0.),(0.71894724294543266,0.84999997541308403),(0.,0.84999997541308403)));
#15628=IFCINDEXEDPOLYCURVE(#15627,(IFCLINEINDEX((1,2,3,4,1))),$);
#15629=IFCCARTESIANPOINTLIST2D(((0.035000000149011612,0.035000000149011612),(0.68394724279642105,0.035000000149011612),(0.68394724279642105,0.81499997526407242),(0.035000000149011612,0.81499997526407242)));
#15630=IFCINDEXEDPOLYCURVE(#15629,(IFCLINEINDEX((1,2,3,4,1))),$);
#15631=IFCARBITRARYPROFILEDEFWITHVOIDS(.AREA.,$,#15628,(#15630));
#15632=IFCCARTESIANPOINT((0.02500000037252903,0.090000001713633537,0.02500000037252903));
#15633=IFCDIRECTION((0.,-1.,0.));
#15634=IFCDIRECTION((1.,0.,0.));
#15635=IFCAXIS2PLACEMENT3D(#15632,#15633,#15634);
#15636=IFCDIRECTION((0.,0.,-1.));
#15637=IFCEXTRUDEDAREASOLID(#15631,#15635,#15636,0.035000000149011612);
#15638=IFCINDEXEDPOLYCURVE(#15639,(IFCLINEINDEX((1,2,3,4,1))),$);
#15639=IFCCARTESIANPOINTLIST2D(((0.035000000149011612,0.035000000149011612),(0.68394724279642105,0.035000000149011612),(0.68394724279642105,0.81499997526407242),(0.035000000149011612,0.81499997526407242)));
#15640=IFCARBITRARYCLOSEDPROFILEDEF(.AREA.,$,#15638);
#15641=IFCCARTESIANPOINT((0.02500000037252903,0.10250000178813934,0.02500000037252903));
#15642=IFCDIRECTION((0.,-1.,0.));
#15643=IFCDIRECTION((1.,0.,0.));
#15644=IFCAXIS2PLACEMENT3D(#15641,#15642,#15643);
#15645=IFCDIRECTION((0.,0.,-1.));
#15646=IFCEXTRUDEDAREASOLID(#15640,#15644,#15645,0.01);
#15648=IFCSHAPEREPRESENTATION(#11,'Body','SweptSolid',(#15615,#15626,#15724,#15735));
#15649=IFCSHAPEASPECT((#15648),'Lining',$,.T.,#15546);
#15650=IFCSHAPEREPRESENTATION(#11,'Body','SweptSolid',(#15637,#15746));
#15651=IFCSHAPEASPECT((#15650),'Framing',$,.T.,#15546);
#15652=IFCSHAPEREPRESENTATION(#11,'Body','SweptSolid',(#15646,#15755));
#15653=IFCSHAPEASPECT((#15652),'Glazing',$,.T.,#15546);
#15711=IFCCARTESIANPOINTLIST3D(((0.,0.,0.),(0.76894718408584595,0.,0.),(0.76894718408584595,0.,0.89999997615814209),(0.,0.,0.89999997615814209)));
#15712=IFCINDEXEDPOLYCURVE(#15711,(IFCLINEINDEX((1,2,3,4,1))),$);
#15713=IFCSHAPEREPRESENTATION(#18,'Profile','Curve3D',(#15712));
#15714=IFCCARTESIANPOINTLIST2D(((0.,0.),(0.76894718408584595,0.),(0.76894718408584595,0.89999997615814209),(0.,0.89999997615814209)));
#15715=IFCINDEXEDPOLYCURVE(#15714,(IFCLINEINDEX((1,2,3,4,1))),$);
#15716=IFCCARTESIANPOINTLIST2D(((0.02500000037252903,0.02500000037252903),(0.74394718371331692,0.02500000037252903),(0.74394718371331692,0.87499997578561306),(0.02500000037252903,0.87499997578561306)));
#15717=IFCINDEXEDPOLYCURVE(#15716,(IFCLINEINDEX((1,2,3,4,1))),$);
#15718=IFCARBITRARYPROFILEDEFWITHVOIDS(.AREA.,$,#15715,(#15717));
#15719=IFCCARTESIANPOINT((0.,0.090000001713633537,0.));
#15720=IFCDIRECTION((0.,-1.,0.));
#15721=IFCDIRECTION((1.,0.,0.));
#15722=IFCAXIS2PLACEMENT3D(#15719,#15720,#15721);
#15723=IFCDIRECTION((0.,0.,-1.));
#15724=IFCEXTRUDEDAREASOLID(#15718,#15722,#15723,0.0099999997764825821);
#15725=IFCCARTESIANPOINTLIST2D(((0.,0.),(0.76894718408584595,0.),(0.76894718408584595,0.89999997615814209),(0.,0.89999997615814209)));
#15726=IFCINDEXEDPOLYCURVE(#15725,(IFCLINEINDEX((1,2,3,4,1))),$);
#15727=IFCCARTESIANPOINTLIST2D(((0.05000000074505806,0.05000000074505806),(0.71894718334078789,0.05000000074505806),(0.71894718334078789,0.84999997541308403),(0.05000000074505806,0.84999997541308403)));
#15728=IFCINDEXEDPOLYCURVE(#15727,(IFCLINEINDEX((1,2,3,4,1))),$);
#15729=IFCARBITRARYPROFILEDEFWITHVOIDS(.AREA.,$,#15726,(#15728));
#15730=IFCCARTESIANPOINT((0.,0.05000000074505806,0.));
#15731=IFCDIRECTION((0.,-1.,0.));
#15732=IFCDIRECTION((1.,0.,0.));
#15733=IFCAXIS2PLACEMENT3D(#15730,#15731,#15732);
#15734=IFCDIRECTION((0.,0.,-1.));
#15735=IFCEXTRUDEDAREASOLID(#15729,#15733,#15734,0.040000000968575478);
#15736=IFCCARTESIANPOINTLIST2D(((0.,0.),(0.71894718334078789,0.),(0.71894718334078789,0.84999997541308403),(0.,0.84999997541308403)));
#15737=IFCINDEXEDPOLYCURVE(#15736,(IFCLINEINDEX((1,2,3,4,1))),$);
#15738=IFCCARTESIANPOINTLIST2D(((0.035000000149011612,0.035000000149011612),(0.68394718319177628,0.035000000149011612),(0.68394718319177628,0.81499997526407242),(0.035000000149011612,0.81499997526407242)));
#15739=IFCINDEXEDPOLYCURVE(#15738,(IFCLINEINDEX((1,2,3,4,1))),$);
#15740=IFCARBITRARYPROFILEDEFWITHVOIDS(.AREA.,$,#15737,(#15739));
#15741=IFCCARTESIANPOINT((0.02500000037252903,0.090000001713633537,0.02500000037252903));
#15742=IFCDIRECTION((0.,-1.,0.));
#15743=IFCDIRECTION((1.,0.,0.));
#15744=IFCAXIS2PLACEMENT3D(#15741,#15742,#15743);
#15745=IFCDIRECTION((0.,0.,-1.));
#15746=IFCEXTRUDEDAREASOLID(#15740,#15744,#15745,0.035000000149011612);
#15747=IFCINDEXEDPOLYCURVE(#15748,(IFCLINEINDEX((1,2,3,4,1))),$);
#15748=IFCCARTESIANPOINTLIST2D(((0.035000000149011612,0.035000000149011612),(0.68394718319177628,0.035000000149011612),(0.68394718319177628,0.81499997526407242),(0.035000000149011612,0.81499997526407242)));
#15749=IFCARBITRARYCLOSEDPROFILEDEF(.AREA.,$,#15747);
#15750=IFCCARTESIANPOINT((0.02500000037252903,0.10250000178813934,0.02500000037252903));
#15751=IFCDIRECTION((0.,-1.,0.));
#15752=IFCDIRECTION((1.,0.,0.));
#15753=IFCAXIS2PLACEMENT3D(#15750,#15751,#15752);
#15754=IFCDIRECTION((0.,0.,-1.));
#15755=IFCEXTRUDEDAREASOLID(#15749,#15753,#15754,0.01);
#15756=IFCSHAPEREPRESENTATION(#11,'Body','SweptSolid',(#15724,#15735,#15746,#15755));
#15757=IFCCARTESIANPOINTLIST2D(((0.05000000074505806,0.05000000074505806),(0.71894718334078789,0.05000000074505806)));
#15758=IFCINDEXEDPOLYCURVE(#15757,$,$);
#15759=IFCCARTESIANPOINTLIST2D(((0.,0.10000000149011612),(0.02500000037252903,0.10000000149011612),(0.02500000037252903,0.090000001713633537),(0.05000000074505806,0.090000001713633537),(0.05000000074505806,0.05000000074505806),(0.,0.05000000074505806)));
#15760=IFCINDEXEDPOLYCURVE(#15759,(IFCLINEINDEX((1,2,3,4,5,6,1))),$);
#15761=IFCCARTESIANPOINTLIST2D(((0.76894718408584595,0.10000000149011612),(0.74394718371331692,0.10000000149011612),(0.74394718371331692,0.090000001713633537),(0.71894718334078789,0.090000001713633537),(0.71894718334078789,0.05000000074505806),(0.76894718408584595,0.05000000074505806)));
#15762=IFCINDEXEDPOLYCURVE(#15761,(IFCLINEINDEX((1,2,3,4,5,6,1))),$);
#15763=IFCCARTESIANPOINTLIST2D(((0.02500000037252903,0.090000001713633537),(0.060000000521540642,0.090000001713633537),(0.060000000521540642,0.12500000186264515),(0.02500000037252903,0.12500000186264515)));
#15764=IFCINDEXEDPOLYCURVE(#15763,(IFCLINEINDEX((1,2,3,4,1))),$);
#15765=IFCINDEXEDPOLYCURVE(#15766,(IFCLINEINDEX((1,2,3,4,1))),$);
#15766=IFCCARTESIANPOINTLIST2D(((0.74394718371331692,0.090000001713633537),(0.70894718356430531,0.090000001713633537),(0.70894718356430531,0.12500000186264515),(0.74394718371331692,0.12500000186264515)));
#15767=IFCCARTESIANPOINTLIST2D(((0.060000000521540642,0.090000001713633537),(0.70894718356430531,0.090000001713633537)));
#15768=IFCINDEXEDPOLYCURVE(#15767,$,$);
#15769=IFCINDEXEDPOLYCURVE(#15770,$,$);
#15770=IFCCARTESIANPOINTLIST2D(((0.060000000521540642,0.12500000186264515),(0.70894718356430531,0.12500000186264515)));
#15771=IFCINDEXEDPOLYCURVE(#15772,$,$);
#15772=IFCCARTESIANPOINTLIST2D(((0.060000000521540642,0.10750000178813934),(0.70894718356430531,0.10750000178813934)));
#15773=IFCSHAPEREPRESENTATION(#24,'Body','Curve2D',(#15758,#15760,#15762,#15764,#15765,#15768,#15769,#15771));
#15774=IFCCARTESIANPOINTLIST2D(((0.,0.),(0.76894718408584595,0.),(0.76894718408584595,0.89999997615814209),(0.,0.89999997615814209)));
#15775=IFCINDEXEDPOLYCURVE(#15774,(IFCLINEINDEX((1,2,3,4,1))),$);
#15776=IFCARBITRARYCLOSEDPROFILEDEF(.AREA.,$,#15775);
#15777=IFCCARTESIANPOINT((0.,-0.60000002384185791,0.));
#15778=IFCDIRECTION((0.,-1.,0.));
#15779=IFCDIRECTION((1.,0.,0.));
#15780=IFCAXIS2PLACEMENT3D(#15777,#15778,#15779);
#15781=IFCDIRECTION((0.,0.,-1.));
#15782=IFCEXTRUDEDAREASOLID(#15776,#15780,#15781,1.2);
#15783=IFCSHAPEREPRESENTATION(#11,'Body','SweptSolid',(#15782));
#15789=IFCCARTESIANPOINT((1.5864602843828415,3.5706280332448159E-07,1.));
#15790=IFCDIRECTION((0.,0.,1.));
#15791=IFCDIRECTION((0.99999999999999289,1.1920928244535129E-07,0.));
#15792=IFCAXIS2PLACEMENT3D(#15789,#15790,#15791);
#15793=IFCLOCALPLACEMENT(#10313,#15792);
#15794=IFCCARTESIANPOINT((0.,0.,0.));
#15795=IFCDIRECTION((0.,0.,1.));
#15796=IFCDIRECTION((1.,0.,0.));
#15797=IFCAXIS2PLACEMENT3D(#15794,#15795,#15796);
#15798=IFCLOCALPLACEMENT(#15793,#15797);
#15799=IFCWINDOWTYPE('3i$vNXlf553g1EEXaGTdHg',$,'Masters - 1 - 2F',$,$,(#15800),(#15802,#15810,#15858),$,$,.WINDOW.,.SINGLE_PANEL.,$,$);
#15800=IFCPROPERTYSET('1ZF59b8e550eEx8Dr1OUK$',$,'BBIM_Window',$,(#15801));
#15801=IFCPROPERTYSINGLEVALUE('Data',$,IFCTEXT('{"window_type": "SINGLE_PANEL", "overall_height": 0.8999999761581421, "overall_width": 0.771426260471344, "lining_properties": {"lining_depth": 0.05000000074505806, "lining_thickness": 0.05000000074505806, "lining_offset": 0.05000000074505806, "lining_to_panel_offset_x": 0.02500000037252903, "lining_to_panel_offset_y": 0.02500000037252903}, "panel_properties": {"frame_depth": [0.03500000014901161, 0.03500000014901161, 0.03500000014901161], "frame_thickness": [0.03500000014901161, 0.03500000014901161, 0.03500000014901161]}}'),$);
#15802=IFCREPRESENTATIONMAP(#15803,#16056);
#15803=IFCAXIS2PLACEMENT3D(#15804,#15805,#15806);
#15804=IFCCARTESIANPOINT((0.,0.,0.));
#15805=IFCDIRECTION((0.,0.,1.));
#15806=IFCDIRECTION((1.,0.,0.));
#15810=IFCREPRESENTATIONMAP(#15811,#16099);
#15811=IFCAXIS2PLACEMENT3D(#15812,#15813,#15814);
#15812=IFCCARTESIANPOINT((0.,0.,0.));
#15813=IFCDIRECTION((0.,0.,1.));
#15814=IFCDIRECTION((1.,0.,0.));
#15858=IFCREPRESENTATIONMAP(#15859,#16116);
#15859=IFCAXIS2PLACEMENT3D(#15860,#15861,#15862);
#15860=IFCCARTESIANPOINT((0.,0.,0.));
#15861=IFCDIRECTION((0.,0.,1.));
#15862=IFCDIRECTION((1.,0.,0.));
#15880=IFCWINDOW('1Wagg6uZnD2fyrttM66q0c',$,'Window',$,$,#16141,#15889,$,0.89999997615814209,0.77142626047134399,$,.SINGLE_PANEL.,$);
#15881=IFCRELDEFINESBYTYPE('35O$Fgga17_BBIt1m$aIRu',$,$,$,(#15880),#15799);
#15882=IFCCARTESIANPOINT((0.,0.,0.));
#15883=IFCDIRECTION((1.,0.,0.));
#15884=IFCDIRECTION((0.,1.,0.));
#15885=IFCDIRECTION((0.,0.,1.));
#15886=IFCCARTESIANTRANSFORMATIONOPERATOR3D(#15883,#15884,#15882,1.,#15885);
#15887=IFCMAPPEDITEM(#15802,#15886);
#15888=IFCSHAPEREPRESENTATION(#18,'Profile','MappedRepresentation',(#15887));
#15889=IFCPRODUCTDEFINITIONSHAPE($,$,(#15888,#15896,#15903));
#15890=IFCCARTESIANPOINT((0.,0.,0.));
#15891=IFCDIRECTION((1.,0.,0.));
#15892=IFCDIRECTION((0.,1.,0.));
#15893=IFCDIRECTION((0.,0.,1.));
#15894=IFCCARTESIANTRANSFORMATIONOPERATOR3D(#15891,#15892,#15890,1.,#15893);
#15895=IFCMAPPEDITEM(#15810,#15894);
#15896=IFCSHAPEREPRESENTATION(#11,'Body','MappedRepresentation',(#15895));
#15897=IFCCARTESIANPOINT((0.,0.,0.));
#15898=IFCDIRECTION((1.,0.,0.));
#15899=IFCDIRECTION((0.,1.,0.));
#15900=IFCDIRECTION((0.,0.,1.));
#15901=IFCCARTESIANTRANSFORMATIONOPERATOR3D(#15898,#15899,#15897,1.,#15900);
#15902=IFCMAPPEDITEM(#15858,#15901);
#15903=IFCSHAPEREPRESENTATION(#24,'Body','MappedRepresentation',(#15902));
#15904=IFCOPENINGELEMENT('0PKhonaPLCAxuFxgrIE13V',$,'Opening',$,$,#16136,#15932,$,.OPENING.);
#15920=IFCCARTESIANPOINT((0.,0.,0.));
#15921=IFCDIRECTION((1.,0.,0.));
#15922=IFCDIRECTION((0.,0.,1.));
#15923=IFCAXIS2PLACEMENT3D(#15920,#15922,#15921);
#15924=IFCREPRESENTATIONMAP(#15923,#16126);
#15925=IFCCARTESIANPOINT((0.,0.,0.));
#15926=IFCDIRECTION((1.,0.,0.));
#15927=IFCDIRECTION((0.,1.,0.));
#15928=IFCDIRECTION((0.,0.,1.));
#15929=IFCCARTESIANTRANSFORMATIONOPERATOR3D(#15926,#15927,#15925,1.,#15928);
#15930=IFCMAPPEDITEM(#15924,#15929);
#15931=IFCSHAPEREPRESENTATION(#11,'Body','MappedRepresentation',(#15930));
#15932=IFCPRODUCTDEFINITIONSHAPE($,$,(#15931));
#15933=IFCRELVOIDSELEMENT('1Wf5U_2i19ighhaPAvGeOL',$,$,$,#10121,#15904);
#15939=IFCRELFILLSELEMENT('3r6P6G9Br0Nu35cUWfLyJj',$,$,$,#15904,#15880);
#15948=IFCCARTESIANPOINTLIST2D(((0.,0.),(0.77142614126205444,0.),(0.77142614126205444,0.89999997615814209),(0.,0.89999997615814209)));
#15949=IFCINDEXEDPOLYCURVE(#15948,(IFCLINEINDEX((1,2,3,4,1))),$);
#15950=IFCCARTESIANPOINTLIST2D(((0.02500000037252903,0.02500000037252903),(0.74642614088952541,0.02500000037252903),(0.74642614088952541,0.87499997578561306),(0.02500000037252903,0.87499997578561306)));
#15951=IFCINDEXEDPOLYCURVE(#15950,(IFCLINEINDEX((1,2,3,4,1))),$);
#15952=IFCARBITRARYPROFILEDEFWITHVOIDS(.AREA.,$,#15949,(#15951));
#15953=IFCCARTESIANPOINT((0.,0.090000001713633537,0.));
#15954=IFCDIRECTION((0.,-1.,0.));
#15955=IFCDIRECTION((1.,0.,0.));
#15956=IFCAXIS2PLACEMENT3D(#15953,#15954,#15955);
#15957=IFCDIRECTION((0.,0.,-1.));
#15958=IFCEXTRUDEDAREASOLID(#15952,#15956,#15957,0.0099999997764825821);
#15959=IFCCARTESIANPOINTLIST2D(((0.,0.),(0.77142614126205444,0.),(0.77142614126205444,0.89999997615814209),(0.,0.89999997615814209)));
#15960=IFCINDEXEDPOLYCURVE(#15959,(IFCLINEINDEX((1,2,3,4,1))),$);
#15961=IFCCARTESIANPOINTLIST2D(((0.05000000074505806,0.05000000074505806),(0.72142614051699638,0.05000000074505806),(0.72142614051699638,0.84999997541308403),(0.05000000074505806,0.84999997541308403)));
#15962=IFCINDEXEDPOLYCURVE(#15961,(IFCLINEINDEX((1,2,3,4,1))),$);
#15963=IFCARBITRARYPROFILEDEFWITHVOIDS(.AREA.,$,#15960,(#15962));
#15964=IFCCARTESIANPOINT((0.,0.05000000074505806,0.));
#15965=IFCDIRECTION((0.,-1.,0.));
#15966=IFCDIRECTION((1.,0.,0.));
#15967=IFCAXIS2PLACEMENT3D(#15964,#15965,#15966);
#15968=IFCDIRECTION((0.,0.,-1.));
#15969=IFCEXTRUDEDAREASOLID(#15963,#15967,#15968,0.040000000968575478);
#15970=IFCCARTESIANPOINTLIST2D(((0.,0.),(0.72142614051699638,0.),(0.72142614051699638,0.84999997541308403),(0.,0.84999997541308403)));
#15971=IFCINDEXEDPOLYCURVE(#15970,(IFCLINEINDEX((1,2,3,4,1))),$);
#15972=IFCCARTESIANPOINTLIST2D(((0.035000000149011612,0.035000000149011612),(0.68642614036798477,0.035000000149011612),(0.68642614036798477,0.81499997526407242),(0.035000000149011612,0.81499997526407242)));
#15973=IFCINDEXEDPOLYCURVE(#15972,(IFCLINEINDEX((1,2,3,4,1))),$);
#15974=IFCARBITRARYPROFILEDEFWITHVOIDS(.AREA.,$,#15971,(#15973));
#15975=IFCCARTESIANPOINT((0.02500000037252903,0.090000001713633537,0.02500000037252903));
#15976=IFCDIRECTION((0.,-1.,0.));
#15977=IFCDIRECTION((1.,0.,0.));
#15978=IFCAXIS2PLACEMENT3D(#15975,#15976,#15977);
#15979=IFCDIRECTION((0.,0.,-1.));
#15980=IFCEXTRUDEDAREASOLID(#15974,#15978,#15979,0.035000000149011612);
#15981=IFCINDEXEDPOLYCURVE(#15982,(IFCLINEINDEX((1,2,3,4,1))),$);
#15982=IFCCARTESIANPOINTLIST2D(((0.035000000149011612,0.035000000149011612),(0.68642614036798477,0.035000000149011612),(0.68642614036798477,0.81499997526407242),(0.035000000149011612,0.81499997526407242)));
#15983=IFCARBITRARYCLOSEDPROFILEDEF(.AREA.,$,#15981);
#15984=IFCCARTESIANPOINT((0.02500000037252903,0.10250000178813934,0.02500000037252903));
#15985=IFCDIRECTION((0.,-1.,0.));
#15986=IFCDIRECTION((1.,0.,0.));
#15987=IFCAXIS2PLACEMENT3D(#15984,#15985,#15986);
#15988=IFCDIRECTION((0.,0.,-1.));
#15989=IFCEXTRUDEDAREASOLID(#15983,#15987,#15988,0.01);
#15991=IFCSHAPEREPRESENTATION(#11,'Body','SweptSolid',(#15958,#15969,#16067,#16078));
#15992=IFCSHAPEASPECT((#15991),'Lining',$,.T.,#15889);
#15993=IFCSHAPEREPRESENTATION(#11,'Body','SweptSolid',(#15980,#16089));
#15994=IFCSHAPEASPECT((#15993),'Framing',$,.T.,#15889);
#15995=IFCSHAPEREPRESENTATION(#11,'Body','SweptSolid',(#15989,#16098));
#15996=IFCSHAPEASPECT((#15995),'Glazing',$,.T.,#15889);
#16054=IFCCARTESIANPOINTLIST3D(((0.,0.,0.),(0.77142626047134399,0.,0.),(0.77142626047134399,0.,0.89999997615814209),(0.,0.,0.89999997615814209)));
#16055=IFCINDEXEDPOLYCURVE(#16054,(IFCLINEINDEX((1,2,3,4,1))),$);
#16056=IFCSHAPEREPRESENTATION(#18,'Profile','Curve3D',(#16055));
#16057=IFCCARTESIANPOINTLIST2D(((0.,0.),(0.77142626047134399,0.),(0.77142626047134399,0.89999997615814209),(0.,0.89999997615814209)));
#16058=IFCINDEXEDPOLYCURVE(#16057,(IFCLINEINDEX((1,2,3,4,1))),$);
#16059=IFCCARTESIANPOINTLIST2D(((0.02500000037252903,0.02500000037252903),(0.74642626009881496,0.02500000037252903),(0.74642626009881496,0.87499997578561306),(0.02500000037252903,0.87499997578561306)));
#16060=IFCINDEXEDPOLYCURVE(#16059,(IFCLINEINDEX((1,2,3,4,1))),$);
#16061=IFCARBITRARYPROFILEDEFWITHVOIDS(.AREA.,$,#16058,(#16060));
#16062=IFCCARTESIANPOINT((0.,0.090000001713633537,0.));
#16063=IFCDIRECTION((0.,-1.,0.));
#16064=IFCDIRECTION((1.,0.,0.));
#16065=IFCAXIS2PLACEMENT3D(#16062,#16063,#16064);
#16066=IFCDIRECTION((0.,0.,-1.));
#16067=IFCEXTRUDEDAREASOLID(#16061,#16065,#16066,0.0099999997764825821);
#16068=IFCCARTESIANPOINTLIST2D(((0.,0.),(0.77142626047134399,0.),(0.77142626047134399,0.89999997615814209),(0.,0.89999997615814209)));
#16069=IFCINDEXEDPOLYCURVE(#16068,(IFCLINEINDEX((1,2,3,4,1))),$);
#16070=IFCCARTESIANPOINTLIST2D(((0.05000000074505806,0.05000000074505806),(0.72142625972628593,0.05000000074505806),(0.72142625972628593,0.84999997541308403),(0.05000000074505806,0.84999997541308403)));
#16071=IFCINDEXEDPOLYCURVE(#16070,(IFCLINEINDEX((1,2,3,4,1))),$);
#16072=IFCARBITRARYPROFILEDEFWITHVOIDS(.AREA.,$,#16069,(#16071));
#16073=IFCCARTESIANPOINT((0.,0.05000000074505806,0.));
#16074=IFCDIRECTION((0.,-1.,0.));
#16075=IFCDIRECTION((1.,0.,0.));
#16076=IFCAXIS2PLACEMENT3D(#16073,#16074,#16075);
#16077=IFCDIRECTION((0.,0.,-1.));
#16078=IFCEXTRUDEDAREASOLID(#16072,#16076,#16077,0.040000000968575478);
#16079=IFCCARTESIANPOINTLIST2D(((0.,0.),(0.72142625972628593,0.),(0.72142625972628593,0.84999997541308403),(0.,0.84999997541308403)));
#16080=IFCINDEXEDPOLYCURVE(#16079,(IFCLINEINDEX((1,2,3,4,1))),$);
#16081=IFCCARTESIANPOINTLIST2D(((0.035000000149011612,0.035000000149011612),(0.68642625957727432,0.035000000149011612),(0.68642625957727432,0.81499997526407242),(0.035000000149011612,0.81499997526407242)));
#16082=IFCINDEXEDPOLYCURVE(#16081,(IFCLINEINDEX((1,2,3,4,1))),$);
#16083=IFCARBITRARYPROFILEDEFWITHVOIDS(.AREA.,$,#16080,(#16082));
#16084=IFCCARTESIANPOINT((0.02500000037252903,0.090000001713633537,0.02500000037252903));
#16085=IFCDIRECTION((0.,-1.,0.));
#16086=IFCDIRECTION((1.,0.,0.));
#16087=IFCAXIS2PLACEMENT3D(#16084,#16085,#16086);
#16088=IFCDIRECTION((0.,0.,-1.));
#16089=IFCEXTRUDEDAREASOLID(#16083,#16087,#16088,0.035000000149011612);
#16090=IFCINDEXEDPOLYCURVE(#16091,(IFCLINEINDEX((1,2,3,4,1))),$);
#16091=IFCCARTESIANPOINTLIST2D(((0.035000000149011612,0.035000000149011612),(0.68642625957727432,0.035000000149011612),(0.68642625957727432,0.81499997526407242),(0.035000000149011612,0.81499997526407242)));
#16092=IFCARBITRARYCLOSEDPROFILEDEF(.AREA.,$,#16090);
#16093=IFCCARTESIANPOINT((0.02500000037252903,0.10250000178813934,0.02500000037252903));
#16094=IFCDIRECTION((0.,-1.,0.));
#16095=IFCDIRECTION((1.,0.,0.));
#16096=IFCAXIS2PLACEMENT3D(#16093,#16094,#16095);
#16097=IFCDIRECTION((0.,0.,-1.));
#16098=IFCEXTRUDEDAREASOLID(#16092,#16096,#16097,0.01);
#16099=IFCSHAPEREPRESENTATION(#11,'Body','SweptSolid',(#16067,#16078,#16089,#16098));
#16100=IFCCARTESIANPOINTLIST2D(((0.05000000074505806,0.05000000074505806),(0.72142625972628593,0.05000000074505806)));
#16101=IFCINDEXEDPOLYCURVE(#16100,$,$);
#16102=IFCCARTESIANPOINTLIST2D(((0.,0.10000000149011612),(0.02500000037252903,0.10000000149011612),(0.02500000037252903,0.090000001713633537),(0.05000000074505806,0.090000001713633537),(0.05000000074505806,0.05000000074505806),(0.,0.05000000074505806)));
#16103=IFCINDEXEDPOLYCURVE(#16102,(IFCLINEINDEX((1,2,3,4,5,6,1))),$);
#16104=IFCCARTESIANPOINTLIST2D(((0.77142626047134399,0.10000000149011612),(0.74642626009881496,0.10000000149011612),(0.74642626009881496,0.090000001713633537),(0.72142625972628593,0.090000001713633537),(0.72142625972628593,0.05000000074505806),(0.77142626047134399,0.05000000074505806)));
#16105=IFCINDEXEDPOLYCURVE(#16104,(IFCLINEINDEX((1,2,3,4,5,6,1))),$);
#16106=IFCCARTESIANPOINTLIST2D(((0.02500000037252903,0.090000001713633537),(0.060000000521540642,0.090000001713633537),(0.060000000521540642,0.12500000186264515),(0.02500000037252903,0.12500000186264515)));
#16107=IFCINDEXEDPOLYCURVE(#16106,(IFCLINEINDEX((1,2,3,4,1))),$);
#16108=IFCINDEXEDPOLYCURVE(#16109,(IFCLINEINDEX((1,2,3,4,1))),$);
#16109=IFCCARTESIANPOINTLIST2D(((0.74642626009881496,0.090000001713633537),(0.71142625994980335,0.090000001713633537),(0.71142625994980335,0.12500000186264515),(0.74642626009881496,0.12500000186264515)));
#16110=IFCCARTESIANPOINTLIST2D(((0.060000000521540642,0.090000001713633537),(0.71142625994980335,0.090000001713633537)));
#16111=IFCINDEXEDPOLYCURVE(#16110,$,$);
#16112=IFCINDEXEDPOLYCURVE(#16113,$,$);
#16113=IFCCARTESIANPOINTLIST2D(((0.060000000521540642,0.12500000186264515),(0.71142625994980335,0.12500000186264515)));
#16114=IFCINDEXEDPOLYCURVE(#16115,$,$);
#16115=IFCCARTESIANPOINTLIST2D(((0.060000000521540642,0.10750000178813934),(0.71142625994980335,0.10750000178813934)));
#16116=IFCSHAPEREPRESENTATION(#24,'Body','Curve2D',(#16101,#16103,#16105,#16107,#16108,#16111,#16112,#16114));
#16117=IFCCARTESIANPOINTLIST2D(((0.,0.),(0.77142626047134399,0.),(0.77142626047134399,0.89999997615814209),(0.,0.89999997615814209)));
#16118=IFCINDEXEDPOLYCURVE(#16117,(IFCLINEINDEX((1,2,3,4,1))),$);
#16119=IFCARBITRARYCLOSEDPROFILEDEF(.AREA.,$,#16118);
#16120=IFCCARTESIANPOINT((0.,-0.60000002384185791,0.));
#16121=IFCDIRECTION((0.,-1.,0.));
#16122=IFCDIRECTION((1.,0.,0.));
#16123=IFCAXIS2PLACEMENT3D(#16120,#16121,#16122);
#16124=IFCDIRECTION((0.,0.,-1.));
#16125=IFCEXTRUDEDAREASOLID(#16119,#16123,#16124,1.2);
#16126=IFCSHAPEREPRESENTATION(#11,'Body','SweptSolid',(#16125));
#16132=IFCCARTESIANPOINT((3.610384396702818,6.8109793893711412E-07,1.));
#16133=IFCDIRECTION((0.,0.,1.));
#16134=IFCDIRECTION((0.99999999999999289,1.1920928244535129E-07,0.));
#16135=IFCAXIS2PLACEMENT3D(#16132,#16133,#16134);
#16136=IFCLOCALPLACEMENT(#10313,#16135);
#16137=IFCCARTESIANPOINT((4.4408920985006262E-16,0.,0.));
#16138=IFCDIRECTION((0.,0.,1.));
#16139=IFCDIRECTION((1.,0.,0.));
#16140=IFCAXIS2PLACEMENT3D(#16137,#16138,#16139);
#16141=IFCLOCALPLACEMENT(#16136,#16140);
#16142=IFCWINDOWTYPE('0JxRaMY_PClebCYOhH4Hhi',$,'Masters - 2 - 2F',$,$,(#16143),(#16145,#16153,#16201),$,$,.WINDOW.,.SINGLE_PANEL.,$,$);
#16143=IFCPROPERTYSET('3_dOCP9nT7URaRVeB8NG9k',$,'BBIM_Window',$,(#16144));
#16144=IFCPROPERTYSINGLEVALUE('Data',$,IFCTEXT('{"window_type": "SINGLE_PANEL", "overall_height": 0.8999999761581421, "overall_width": 0.7973242998123169, "lining_properties": {"lining_depth": 0.05000000074505806, "lining_thickness": 0.05000000074505806, "lining_offset": 0.05000000074505806, "lining_to_panel_offset_x": 0.02500000037252903, "lining_to_panel_offset_y": 0.02500000037252903}, "panel_properties": {"frame_depth": [0.03500000014901161, 0.03500000014901161, 0.03500000014901161], "frame_thickness": [0.03500000014901161, 0.03500000014901161, 0.03500000014901161]}}'),$);
#16145=IFCREPRESENTATIONMAP(#16146,#16399);
#16146=IFCAXIS2PLACEMENT3D(#16147,#16148,#16149);
#16147=IFCCARTESIANPOINT((0.,0.,0.));
#16148=IFCDIRECTION((0.,0.,1.));
#16149=IFCDIRECTION((1.,0.,0.));
#16153=IFCREPRESENTATIONMAP(#16154,#16442);
#16154=IFCAXIS2PLACEMENT3D(#16155,#16156,#16157);
#16155=IFCCARTESIANPOINT((0.,0.,0.));
#16156=IFCDIRECTION((0.,0.,1.));
#16157=IFCDIRECTION((1.,0.,0.));
#16201=IFCREPRESENTATIONMAP(#16202,#16459);
#16202=IFCAXIS2PLACEMENT3D(#16203,#16204,#16205);
#16203=IFCCARTESIANPOINT((0.,0.,0.));
#16204=IFCDIRECTION((0.,0.,1.));
#16205=IFCDIRECTION((1.,0.,0.));
#16223=IFCWINDOW('2_IgfTnYP7kBPvph9uVeX2',$,'Window',$,$,#16484,#16232,$,0.89999997615814209,0.79732429981231689,$,.SINGLE_PANEL.,$);
#16224=IFCRELDEFINESBYTYPE('3eYWuQx858cuWyMFSBBmUP',$,$,$,(#16223),#16142);
#16225=IFCCARTESIANPOINT((0.,0.,0.));
#16226=IFCDIRECTION((1.,0.,0.));
#16227=IFCDIRECTION((0.,1.,0.));
#16228=IFCDIRECTION((0.,0.,1.));
#16229=IFCCARTESIANTRANSFORMATIONOPERATOR3D(#16226,#16227,#16225,1.,#16228);
#16230=IFCMAPPEDITEM(#16145,#16229);
#16231=IFCSHAPEREPRESENTATION(#18,'Profile','MappedRepresentation',(#16230));
#16232=IFCPRODUCTDEFINITIONSHAPE($,$,(#16231,#16239,#16246));
#16233=IFCCARTESIANPOINT((0.,0.,0.));
#16234=IFCDIRECTION((1.,0.,0.));
#16235=IFCDIRECTION((0.,1.,0.));
#16236=IFCDIRECTION((0.,0.,1.));
#16237=IFCCARTESIANTRANSFORMATIONOPERATOR3D(#16234,#16235,#16233,1.,#16236);
#16238=IFCMAPPEDITEM(#16153,#16237);
#16239=IFCSHAPEREPRESENTATION(#11,'Body','MappedRepresentation',(#16238));
#16240=IFCCARTESIANPOINT((0.,0.,0.));
#16241=IFCDIRECTION((1.,0.,0.));
#16242=IFCDIRECTION((0.,1.,0.));
#16243=IFCDIRECTION((0.,0.,1.));
#16244=IFCCARTESIANTRANSFORMATIONOPERATOR3D(#16241,#16242,#16240,1.,#16243);
#16245=IFCMAPPEDITEM(#16201,#16244);
#16246=IFCSHAPEREPRESENTATION(#24,'Body','MappedRepresentation',(#16245));
#16247=IFCOPENINGELEMENT('2wSyYF351FLeUtLhxZqGXF',$,'Opening',$,$,#16479,#16275,$,.OPENING.);
#16263=IFCCARTESIANPOINT((0.,0.,0.));
#16264=IFCDIRECTION((1.,0.,0.));
#16265=IFCDIRECTION((0.,0.,1.));
#16266=IFCAXIS2PLACEMENT3D(#16263,#16265,#16264);
#16267=IFCREPRESENTATIONMAP(#16266,#16469);
#16268=IFCCARTESIANPOINT((0.,0.,0.));
#16269=IFCDIRECTION((1.,0.,0.));
#16270=IFCDIRECTION((0.,1.,0.));
#16271=IFCDIRECTION((0.,0.,1.));
#16272=IFCCARTESIANTRANSFORMATIONOPERATOR3D(#16269,#16270,#16268,1.,#16271);
#16273=IFCMAPPEDITEM(#16267,#16272);
#16274=IFCSHAPEREPRESENTATION(#11,'Body','MappedRepresentation',(#16273));
#16275=IFCPRODUCTDEFINITIONSHAPE($,$,(#16274));
#16276=IFCRELVOIDSELEMENT('3$3Z1T6TT2deIwUksBlJmp',$,$,$,#10121,#16247);
#16282=IFCRELFILLSELEMENT('3e$NrL3SL2LBA$D$k4gdNS',$,$,$,#16247,#16223);
#16291=IFCCARTESIANPOINTLIST2D(((0.,0.),(0.77886343002319336,0.),(0.77886343002319336,0.89999997615814209),(0.,0.89999997615814209)));
#16292=IFCINDEXEDPOLYCURVE(#16291,(IFCLINEINDEX((1,2,3,4,1))),$);
#16293=IFCCARTESIANPOINTLIST2D(((0.02500000037252903,0.02500000037252903),(0.75386342965066433,0.02500000037252903),(0.75386342965066433,0.87499997578561306),(0.02500000037252903,0.87499997578561306)));
#16294=IFCINDEXEDPOLYCURVE(#16293,(IFCLINEINDEX((1,2,3,4,1))),$);
#16295=IFCARBITRARYPROFILEDEFWITHVOIDS(.AREA.,$,#16292,(#16294));
#16296=IFCCARTESIANPOINT((0.,0.090000001713633537,0.));
#16297=IFCDIRECTION((0.,-1.,0.));
#16298=IFCDIRECTION((1.,0.,0.));
#16299=IFCAXIS2PLACEMENT3D(#16296,#16297,#16298);
#16300=IFCDIRECTION((0.,0.,-1.));
#16301=IFCEXTRUDEDAREASOLID(#16295,#16299,#16300,0.0099999997764825821);
#16302=IFCCARTESIANPOINTLIST2D(((0.,0.),(0.77886343002319336,0.),(0.77886343002319336,0.89999997615814209),(0.,0.89999997615814209)));
#16303=IFCINDEXEDPOLYCURVE(#16302,(IFCLINEINDEX((1,2,3,4,1))),$);
#16304=IFCCARTESIANPOINTLIST2D(((0.05000000074505806,0.05000000074505806),(0.7288634292781353,0.05000000074505806),(0.7288634292781353,0.84999997541308403),(0.05000000074505806,0.84999997541308403)));
#16305=IFCINDEXEDPOLYCURVE(#16304,(IFCLINEINDEX((1,2,3,4,1))),$);
#16306=IFCARBITRARYPROFILEDEFWITHVOIDS(.AREA.,$,#16303,(#16305));
#16307=IFCCARTESIANPOINT((0.,0.05000000074505806,0.));
#16308=IFCDIRECTION((0.,-1.,0.));
#16309=IFCDIRECTION((1.,0.,0.));
#16310=IFCAXIS2PLACEMENT3D(#16307,#16308,#16309);
#16311=IFCDIRECTION((0.,0.,-1.));
#16312=IFCEXTRUDEDAREASOLID(#16306,#16310,#16311,0.040000000968575478);
#16313=IFCCARTESIANPOINTLIST2D(((0.,0.),(0.7288634292781353,0.),(0.7288634292781353,0.84999997541308403),(0.,0.84999997541308403)));
#16314=IFCINDEXEDPOLYCURVE(#16313,(IFCLINEINDEX((1,2,3,4,1))),$);
#16315=IFCCARTESIANPOINTLIST2D(((0.035000000149011612,0.035000000149011612),(0.69386342912912369,0.035000000149011612),(0.69386342912912369,0.81499997526407242),(0.035000000149011612,0.81499997526407242)));
#16316=IFCINDEXEDPOLYCURVE(#16315,(IFCLINEINDEX((1,2,3,4,1))),$);
#16317=IFCARBITRARYPROFILEDEFWITHVOIDS(.AREA.,$,#16314,(#16316));
#16318=IFCCARTESIANPOINT((0.02500000037252903,0.090000001713633537,0.02500000037252903));
#16319=IFCDIRECTION((0.,-1.,0.));
#16320=IFCDIRECTION((1.,0.,0.));
#16321=IFCAXIS2PLACEMENT3D(#16318,#16319,#16320);
#16322=IFCDIRECTION((0.,0.,-1.));
#16323=IFCEXTRUDEDAREASOLID(#16317,#16321,#16322,0.035000000149011612);
#16324=IFCINDEXEDPOLYCURVE(#16325,(IFCLINEINDEX((1,2,3,4,1))),$);
#16325=IFCCARTESIANPOINTLIST2D(((0.035000000149011612,0.035000000149011612),(0.69386342912912369,0.035000000149011612),(0.69386342912912369,0.81499997526407242),(0.035000000149011612,0.81499997526407242)));
#16326=IFCARBITRARYCLOSEDPROFILEDEF(.AREA.,$,#16324);
#16327=IFCCARTESIANPOINT((0.02500000037252903,0.10250000178813934,0.02500000037252903));
#16328=IFCDIRECTION((0.,-1.,0.));
#16329=IFCDIRECTION((1.,0.,0.));
#16330=IFCAXIS2PLACEMENT3D(#16327,#16328,#16329);
#16331=IFCDIRECTION((0.,0.,-1.));
#16332=IFCEXTRUDEDAREASOLID(#16326,#16330,#16331,0.01);
#16334=IFCSHAPEREPRESENTATION(#11,'Body','SweptSolid',(#16312,#16410,#16421,#16301));
#16335=IFCSHAPEASPECT((#16334),'Lining',$,.T.,#16232);
#16336=IFCSHAPEREPRESENTATION(#11,'Body','SweptSolid',(#16323,#16432));
#16337=IFCSHAPEASPECT((#16336),'Framing',$,.T.,#16232);
#16338=IFCSHAPEREPRESENTATION(#11,'Body','SweptSolid',(#16332,#16441));
#16339=IFCSHAPEASPECT((#16338),'Glazing',$,.T.,#16232);
#16397=IFCCARTESIANPOINTLIST3D(((0.,0.,0.),(0.79732429981231689,0.,0.),(0.79732429981231689,0.,0.89999997615814209),(0.,0.,0.89999997615814209)));
#16398=IFCINDEXEDPOLYCURVE(#16397,(IFCLINEINDEX((1,2,3,4,1))),$);
#16399=IFCSHAPEREPRESENTATION(#18,'Profile','Curve3D',(#16398));
#16400=IFCCARTESIANPOINTLIST2D(((0.,0.),(0.79732429981231689,0.),(0.79732429981231689,0.89999997615814209),(0.,0.89999997615814209)));
#16401=IFCINDEXEDPOLYCURVE(#16400,(IFCLINEINDEX((1,2,3,4,1))),$);
#16402=IFCCARTESIANPOINTLIST2D(((0.02500000037252903,0.02500000037252903),(0.77232429943978786,0.02500000037252903),(0.77232429943978786,0.87499997578561306),(0.02500000037252903,0.87499997578561306)));
#16403=IFCINDEXEDPOLYCURVE(#16402,(IFCLINEINDEX((1,2,3,4,1))),$);
#16404=IFCARBITRARYPROFILEDEFWITHVOIDS(.AREA.,$,#16401,(#16403));
#16405=IFCCARTESIANPOINT((0.,0.090000001713633537,0.));
#16406=IFCDIRECTION((0.,-1.,0.));
#16407=IFCDIRECTION((1.,0.,0.));
#16408=IFCAXIS2PLACEMENT3D(#16405,#16406,#16407);
#16409=IFCDIRECTION((0.,0.,-1.));
#16410=IFCEXTRUDEDAREASOLID(#16404,#16408,#16409,0.0099999997764825821);
#16411=IFCCARTESIANPOINTLIST2D(((0.,0.),(0.79732429981231689,0.),(0.79732429981231689,0.89999997615814209),(0.,0.89999997615814209)));
#16412=IFCINDEXEDPOLYCURVE(#16411,(IFCLINEINDEX((1,2,3,4,1))),$);
#16413=IFCCARTESIANPOINTLIST2D(((0.05000000074505806,0.05000000074505806),(0.74732429906725883,0.05000000074505806),(0.74732429906725883,0.84999997541308403),(0.05000000074505806,0.84999997541308403)));
#16414=IFCINDEXEDPOLYCURVE(#16413,(IFCLINEINDEX((1,2,3,4,1))),$);
#16415=IFCARBITRARYPROFILEDEFWITHVOIDS(.AREA.,$,#16412,(#16414));
#16416=IFCCARTESIANPOINT((0.,0.05000000074505806,0.));
#16417=IFCDIRECTION((0.,-1.,0.));
#16418=IFCDIRECTION((1.,0.,0.));
#16419=IFCAXIS2PLACEMENT3D(#16416,#16417,#16418);
#16420=IFCDIRECTION((0.,0.,-1.));
#16421=IFCEXTRUDEDAREASOLID(#16415,#16419,#16420,0.040000000968575478);
#16422=IFCCARTESIANPOINTLIST2D(((0.,0.),(0.74732429906725883,0.),(0.74732429906725883,0.84999997541308403),(0.,0.84999997541308403)));
#16423=IFCINDEXEDPOLYCURVE(#16422,(IFCLINEINDEX((1,2,3,4,1))),$);
#16424=IFCCARTESIANPOINTLIST2D(((0.035000000149011612,0.035000000149011612),(0.71232429891824722,0.035000000149011612),(0.71232429891824722,0.81499997526407242),(0.035000000149011612,0.81499997526407242)));
#16425=IFCINDEXEDPOLYCURVE(#16424,(IFCLINEINDEX((1,2,3,4,1))),$);
#16426=IFCARBITRARYPROFILEDEFWITHVOIDS(.AREA.,$,#16423,(#16425));
#16427=IFCCARTESIANPOINT((0.02500000037252903,0.090000001713633537,0.02500000037252903));
#16428=IFCDIRECTION((0.,-1.,0.));
#16429=IFCDIRECTION((1.,0.,0.));
#16430=IFCAXIS2PLACEMENT3D(#16427,#16428,#16429);
#16431=IFCDIRECTION((0.,0.,-1.));
#16432=IFCEXTRUDEDAREASOLID(#16426,#16430,#16431,0.035000000149011612);
#16433=IFCINDEXEDPOLYCURVE(#16434,(IFCLINEINDEX((1,2,3,4,1))),$);
#16434=IFCCARTESIANPOINTLIST2D(((0.035000000149011612,0.035000000149011612),(0.71232429891824722,0.035000000149011612),(0.71232429891824722,0.81499997526407242),(0.035000000149011612,0.81499997526407242)));
#16435=IFCARBITRARYCLOSEDPROFILEDEF(.AREA.,$,#16433);
#16436=IFCCARTESIANPOINT((0.02500000037252903,0.10250000178813934,0.02500000037252903));
#16437=IFCDIRECTION((0.,-1.,0.));
#16438=IFCDIRECTION((1.,0.,0.));
#16439=IFCAXIS2PLACEMENT3D(#16436,#16437,#16438);
#16440=IFCDIRECTION((0.,0.,-1.));
#16441=IFCEXTRUDEDAREASOLID(#16435,#16439,#16440,0.01);
#16442=IFCSHAPEREPRESENTATION(#11,'Body','SweptSolid',(#16410,#16421,#16432,#16441));
#16443=IFCCARTESIANPOINTLIST2D(((0.05000000074505806,0.05000000074505806),(0.74732429906725883,0.05000000074505806)));
#16444=IFCINDEXEDPOLYCURVE(#16443,$,$);
#16445=IFCCARTESIANPOINTLIST2D(((0.,0.10000000149011612),(0.02500000037252903,0.10000000149011612),(0.02500000037252903,0.090000001713633537),(0.05000000074505806,0.090000001713633537),(0.05000000074505806,0.05000000074505806),(0.,0.05000000074505806)));
#16446=IFCINDEXEDPOLYCURVE(#16445,(IFCLINEINDEX((1,2,3,4,5,6,1))),$);
#16447=IFCCARTESIANPOINTLIST2D(((0.79732429981231689,0.10000000149011612),(0.77232429943978786,0.10000000149011612),(0.77232429943978786,0.090000001713633537),(0.74732429906725883,0.090000001713633537),(0.74732429906725883,0.05000000074505806),(0.79732429981231689,0.05000000074505806)));
#16448=IFCINDEXEDPOLYCURVE(#16447,(IFCLINEINDEX((1,2,3,4,5,6,1))),$);
#16449=IFCCARTESIANPOINTLIST2D(((0.02500000037252903,0.090000001713633537),(0.060000000521540642,0.090000001713633537),(0.060000000521540642,0.12500000186264515),(0.02500000037252903,0.12500000186264515)));
#16450=IFCINDEXEDPOLYCURVE(#16449,(IFCLINEINDEX((1,2,3,4,1))),$);
#16451=IFCINDEXEDPOLYCURVE(#16452,(IFCLINEINDEX((1,2,3,4,1))),$);
#16452=IFCCARTESIANPOINTLIST2D(((0.77232429943978786,0.090000001713633537),(0.73732429929077625,0.090000001713633537),(0.73732429929077625,0.12500000186264515),(0.77232429943978786,0.12500000186264515)));
#16453=IFCCARTESIANPOINTLIST2D(((0.060000000521540642,0.090000001713633537),(0.73732429929077625,0.090000001713633537)));
#16454=IFCINDEXEDPOLYCURVE(#16453,$,$);
#16455=IFCINDEXEDPOLYCURVE(#16456,$,$);
#16456=IFCCARTESIANPOINTLIST2D(((0.060000000521540642,0.12500000186264515),(0.73732429929077625,0.12500000186264515)));
#16457=IFCINDEXEDPOLYCURVE(#16458,$,$);
#16458=IFCCARTESIANPOINTLIST2D(((0.060000000521540642,0.10750000178813934),(0.73732429929077625,0.10750000178813934)));
#16459=IFCSHAPEREPRESENTATION(#24,'Body','Curve2D',(#16444,#16446,#16448,#16450,#16451,#16454,#16455,#16457));
#16460=IFCCARTESIANPOINTLIST2D(((0.,0.),(0.79732429981231689,0.),(0.79732429981231689,0.89999997615814209),(0.,0.89999997615814209)));
#16461=IFCINDEXEDPOLYCURVE(#16460,(IFCLINEINDEX((1,2,3,4,1))),$);
#16462=IFCARBITRARYCLOSEDPROFILEDEF(.AREA.,$,#16461);
#16463=IFCCARTESIANPOINT((0.,-0.60000002384185791,0.));
#16464=IFCDIRECTION((0.,-1.,0.));
#16465=IFCDIRECTION((1.,0.,0.));
#16466=IFCAXIS2PLACEMENT3D(#16463,#16464,#16465);
#16467=IFCDIRECTION((0.,0.,-1.));
#16468=IFCEXTRUDEDAREASOLID(#16462,#16466,#16467,1.2);
#16469=IFCSHAPEREPRESENTATION(#11,'Body','SweptSolid',(#16468));
#16475=IFCCARTESIANPOINT((6.163357190281948,9.651910093388949E-07,1.));
#16476=IFCDIRECTION((0.,0.,1.));
#16477=IFCDIRECTION((0.99999999999999289,1.1920928244535129E-07,0.));
#16478=IFCAXIS2PLACEMENT3D(#16475,#16476,#16477);
#16479=IFCLOCALPLACEMENT(#10313,#16478);
#16480=IFCCARTESIANPOINT((2.2204460492503131E-16,-4.4408920985006262E-16,0.));
#16481=IFCDIRECTION((0.,0.,1.));
#16482=IFCDIRECTION((1.,0.,0.));
#16483=IFCAXIS2PLACEMENT3D(#16480,#16481,#16482);
#16484=IFCLOCALPLACEMENT(#16479,#16483);
#16569=IFCWINDOWTYPE('1w_GC8hnX7sBglmMWiFX2w',$,'Bedroom 2 - 2F',$,$,(#16570),(#16572,#16580,#16666),$,$,.WINDOW.,.SINGLE_PANEL.,$,$);
#16570=IFCPROPERTYSET('19_zw46RbEIgQV1vGMJx7g',$,'BBIM_Window',$,(#16571));
#16571=IFCPROPERTYSINGLEVALUE('Data',$,IFCTEXT('{"window_type": "DOUBLE_PANEL_VERTICAL", "overall_height": 0.8999999761581421, "overall_width": 1.1888062953948975, "lining_properties": {"lining_depth": 0.05000000074505806, "lining_thickness": 0.05000000074505806, "lining_offset": 0.05000000074505806, "lining_to_panel_offset_x": 0.02500000037252903, "lining_to_panel_offset_y": 5.9604587931971764e-09, "mullion_thickness": 0.05000000074505806, "first_mullion_offset": 0.594801127910614}, "panel_properties": {"frame_depth": [0.03500000014901161, 0.03500000014901161, 0.03500000014901161], "frame_thickness": [0.03500000014901161, 0.03500000014901161, 0.03500000014901161]}}'),$);
#16572=IFCREPRESENTATIONMAP(#16573,#16934);
#16573=IFCAXIS2PLACEMENT3D(#16574,#16575,#16576);
#16574=IFCCARTESIANPOINT((0.,0.,0.));
#16575=IFCDIRECTION((0.,0.,1.));
#16576=IFCDIRECTION((1.,0.,0.));
#16580=IFCREPRESENTATIONMAP(#16581,#17015);
#16581=IFCAXIS2PLACEMENT3D(#16582,#16583,#16584);
#16582=IFCCARTESIANPOINT((0.,0.,0.));
#16583=IFCDIRECTION((0.,0.,1.));
#16584=IFCDIRECTION((1.,0.,0.));
#16666=IFCREPRESENTATIONMAP(#16667,#17048);
#16667=IFCAXIS2PLACEMENT3D(#16668,#16669,#16670);
#16668=IFCCARTESIANPOINT((0.,0.,0.));
#16669=IFCDIRECTION((0.,0.,1.));
#16670=IFCDIRECTION((1.,0.,0.));
#16704=IFCWINDOW('1qUY_hrLTEz97Tv5XKEdwN',$,'Window',$,$,#17073,#16713,$,0.89999997615814209,1.1888062953948975,$,.DOUBLE_PANEL_VERTICAL.,$);
#16705=IFCRELDEFINESBYTYPE('2lxMt4sPv9JPm6trWzmEbP',$,$,$,(#16704),#16569);
#16706=IFCCARTESIANPOINT((0.,0.,0.));
#16707=IFCDIRECTION((1.,0.,0.));
#16708=IFCDIRECTION((0.,1.,0.));
#16709=IFCDIRECTION((0.,0.,1.));
#16710=IFCCARTESIANTRANSFORMATIONOPERATOR3D(#16707,#16708,#16706,1.,#16709);
#16711=IFCMAPPEDITEM(#16572,#16710);
#16712=IFCSHAPEREPRESENTATION(#18,'Profile','MappedRepresentation',(#16711));
#16713=IFCPRODUCTDEFINITIONSHAPE($,$,(#16712,#16720,#16727));
#16714=IFCCARTESIANPOINT((0.,0.,0.));
#16715=IFCDIRECTION((1.,0.,0.));
#16716=IFCDIRECTION((0.,1.,0.));
#16717=IFCDIRECTION((0.,0.,1.));
#16718=IFCCARTESIANTRANSFORMATIONOPERATOR3D(#16715,#16716,#16714,1.,#16717);
#16719=IFCMAPPEDITEM(#16580,#16718);
#16720=IFCSHAPEREPRESENTATION(#11,'Body','MappedRepresentation',(#16719));
#16721=IFCCARTESIANPOINT((0.,0.,0.));
#16722=IFCDIRECTION((1.,0.,0.));
#16723=IFCDIRECTION((0.,1.,0.));
#16724=IFCDIRECTION((0.,0.,1.));
#16725=IFCCARTESIANTRANSFORMATIONOPERATOR3D(#16722,#16723,#16721,1.,#16724);
#16726=IFCMAPPEDITEM(#16666,#16725);
#16727=IFCSHAPEREPRESENTATION(#24,'Body','MappedRepresentation',(#16726));
#16728=IFCOPENINGELEMENT('12BqytqNzBhe9xFScIprwm',$,'Opening',$,$,#17068,#16756,$,.OPENING.);
#16744=IFCCARTESIANPOINT((0.,0.,0.));
#16745=IFCDIRECTION((1.,0.,0.));
#16746=IFCDIRECTION((0.,0.,1.));
#16747=IFCAXIS2PLACEMENT3D(#16744,#16746,#16745);
#16748=IFCREPRESENTATIONMAP(#16747,#17058);
#16749=IFCCARTESIANPOINT((0.,0.,0.));
#16750=IFCDIRECTION((1.,0.,0.));
#16751=IFCDIRECTION((0.,1.,0.));
#16752=IFCDIRECTION((0.,0.,1.));
#16753=IFCCARTESIANTRANSFORMATIONOPERATOR3D(#16750,#16751,#16749,1.,#16752);
#16754=IFCMAPPEDITEM(#16748,#16753);
#16755=IFCSHAPEREPRESENTATION(#11,'Body','MappedRepresentation',(#16754));
#16756=IFCPRODUCTDEFINITIONSHAPE($,$,(#16755));
#16757=IFCRELVOIDSELEMENT('2eIr89hnL1KPxb4FP4qjJk',$,$,$,#10434,#16728);
#16763=IFCRELFILLSELEMENT('3WbX5bFvTFnBWWrbPqlAnj',$,$,$,#16728,#16704);
#16772=IFCCARTESIANPOINTLIST2D(((0.59480112791061401,0.),(0.,0.),(0.,0.89999997615814209),(0.59480112791061401,0.89999997615814209),(0.59480112791061401,0.87499997578561306),(0.02500000037252903,0.87499997578561306),(0.02500000037252903,0.02500000037252903),(0.59480112791061401,0.02500000037252903)));
#16773=IFCINDEXEDPOLYCURVE(#16772,(IFCLINEINDEX((1,2,3,4,5,6,7,8,1))),$);
#16774=IFCARBITRARYCLOSEDPROFILEDEF(.AREA.,$,#16773);
#16775=IFCCARTESIANPOINT((0.,0.065000007301563301,0.));
#16776=IFCDIRECTION((0.,-1.,0.));
#16777=IFCDIRECTION((1.,0.,0.));
#16778=IFCAXIS2PLACEMENT3D(#16775,#16776,#16777);
#16779=IFCDIRECTION((0.,0.,-1.));
#16780=IFCEXTRUDEDAREASOLID(#16774,#16778,#16779,0.034999994188552819);
#16781=IFCCARTESIANPOINTLIST2D(((0.,0.),(0.59480112791061401,0.),(0.59480112791061401,0.89999997615814209),(0.,0.89999997615814209)));
#16782=IFCINDEXEDPOLYCURVE(#16781,(IFCLINEINDEX((1,2,3,4,1))),$);
#16783=IFCCARTESIANPOINTLIST2D(((0.05000000074505806,0.05000000074505806),(0.56980112753808498,0.05000000074505806),(0.56980112753808498,0.84999997541308403),(0.05000000074505806,0.84999997541308403)));
#16784=IFCINDEXEDPOLYCURVE(#16783,(IFCLINEINDEX((1,2,3,4,1))),$);
#16785=IFCARBITRARYPROFILEDEFWITHVOIDS(.AREA.,$,#16782,(#16784));
#16786=IFCCARTESIANPOINT((0.,0.05000000074505806,0.));
#16787=IFCDIRECTION((0.,-1.,0.));
#16788=IFCDIRECTION((1.,0.,0.));
#16789=IFCAXIS2PLACEMENT3D(#16786,#16787,#16788);
#16790=IFCDIRECTION((0.,0.,-1.));
#16791=IFCEXTRUDEDAREASOLID(#16785,#16789,#16790,0.015000006556505241);
#16792=IFCCARTESIANPOINTLIST2D(((0.,0.),(0.56980112753808498,0.),(0.56980112753808498,0.84999997541308403),(0.,0.84999997541308403)));
#16793=IFCINDEXEDPOLYCURVE(#16792,(IFCLINEINDEX((1,2,3,4,1))),$);
#16794=IFCCARTESIANPOINTLIST2D(((0.035000000149011612,0.035000000149011612),(0.53480112738907337,0.035000000149011612),(0.53480112738907337,0.81499997526407242),(0.035000000149011612,0.81499997526407242)));
#16795=IFCINDEXEDPOLYCURVE(#16794,(IFCLINEINDEX((1,2,3,4,1))),$);
#16796=IFCARBITRARYPROFILEDEFWITHVOIDS(.AREA.,$,#16793,(#16795));
#16797=IFCCARTESIANPOINT((0.02500000037252903,0.065000007301563301,0.02500000037252903));
#16798=IFCDIRECTION((0.,-1.,0.));
#16799=IFCDIRECTION((1.,0.,0.));
#16800=IFCAXIS2PLACEMENT3D(#16797,#16798,#16799);
#16801=IFCDIRECTION((0.,0.,-1.));
#16802=IFCEXTRUDEDAREASOLID(#16796,#16800,#16801,0.035000000149011612);
#16803=IFCINDEXEDPOLYCURVE(#16804,(IFCLINEINDEX((1,2,3,4,1))),$);
#16804=IFCCARTESIANPOINTLIST2D(((0.035000000149011612,0.035000000149011612),(0.53480112738907337,0.035000000149011612),(0.53480112738907337,0.81499997526407242),(0.035000000149011612,0.81499997526407242)));
#16805=IFCARBITRARYCLOSEDPROFILEDEF(.AREA.,$,#16803);
#16806=IFCCARTESIANPOINT((0.02500000037252903,0.077500007376069102,0.02500000037252903));
#16807=IFCDIRECTION((0.,-1.,0.));
#16808=IFCDIRECTION((1.,0.,0.));
#16809=IFCAXIS2PLACEMENT3D(#16806,#16807,#16808);
#16810=IFCDIRECTION((0.,0.,-1.));
#16811=IFCEXTRUDEDAREASOLID(#16805,#16809,#16810,0.01);
#16812=IFCCARTESIANPOINTLIST2D(((0.,0.89999997615814209),(0.59400516748428345,0.89999997615814209),(0.59400516748428345,0.),(0.,0.),(0.,0.02500000037252903),(0.56900516711175442,0.02500000037252903),(0.56900516711175442,0.87499997578561306),(0.,0.87499997578561306)));
#16813=IFCINDEXEDPOLYCURVE(#16812,(IFCLINEINDEX((1,2,3,4,5,6,7,8,1))),$);
#16814=IFCARBITRARYCLOSEDPROFILEDEF(.AREA.,$,#16813);
#16815=IFCCARTESIANPOINT((0.59480112791061401,0.065000007301563301,0.));
#16816=IFCDIRECTION((0.,-1.,0.));
#16817=IFCDIRECTION((1.,0.,0.));
#16818=IFCAXIS2PLACEMENT3D(#16815,#16816,#16817);
#16819=IFCDIRECTION((0.,0.,-1.));
#16820=IFCEXTRUDEDAREASOLID(#16814,#16818,#16819,0.034999994188552819);
#16821=IFCCARTESIANPOINTLIST2D(((0.,0.),(0.59400516748428345,0.),(0.59400516748428345,0.89999997615814209),(0.,0.89999997615814209)));
#16822=IFCINDEXEDPOLYCURVE(#16821,(IFCLINEINDEX((1,2,3,4,1))),$);
#16823=IFCCARTESIANPOINTLIST2D(((0.02500000037252903,0.05000000074505806),(0.54400516673922539,0.05000000074505806),(0.54400516673922539,0.84999997541308403),(0.02500000037252903,0.84999997541308403)));
#16824=IFCINDEXEDPOLYCURVE(#16823,(IFCLINEINDEX((1,2,3,4,1))),$);
#16825=IFCARBITRARYPROFILEDEFWITHVOIDS(.AREA.,$,#16822,(#16824));
#16826=IFCCARTESIANPOINT((0.59480112791061401,0.05000000074505806,0.));
#16827=IFCDIRECTION((0.,-1.,0.));
#16828=IFCDIRECTION((1.,0.,0.));
#16829=IFCAXIS2PLACEMENT3D(#16826,#16827,#16828);
#16830=IFCDIRECTION((0.,0.,-1.));
#16831=IFCEXTRUDEDAREASOLID(#16825,#16829,#16830,0.015000006556505241);
#16832=IFCCARTESIANPOINTLIST2D(((0.,0.),(0.56900516711175442,0.),(0.56900516711175442,0.84999997541308403),(0.,0.84999997541308403)));
#16833=IFCINDEXEDPOLYCURVE(#16832,(IFCLINEINDEX((1,2,3,4,1))),$);
#16834=IFCCARTESIANPOINTLIST2D(((0.035000000149011612,0.035000000149011612),(0.53400516696274281,0.035000000149011612),(0.53400516696274281,0.81499997526407242),(0.035000000149011612,0.81499997526407242)));
#16835=IFCINDEXEDPOLYCURVE(#16834,(IFCLINEINDEX((1,2,3,4,1))),$);
#16836=IFCARBITRARYPROFILEDEFWITHVOIDS(.AREA.,$,#16833,(#16835));
#16837=IFCCARTESIANPOINT((0.59480112791061401,0.065000007301563301,0.02500000037252903));
#16838=IFCDIRECTION((0.,-1.,0.));
#16839=IFCDIRECTION((1.,0.,0.));
#16840=IFCAXIS2PLACEMENT3D(#16837,#16838,#16839);
#16841=IFCDIRECTION((0.,0.,-1.));
#16842=IFCEXTRUDEDAREASOLID(#16836,#16840,#16841,0.035000000149011612);
#16843=IFCINDEXEDPOLYCURVE(#16844,(IFCLINEINDEX((1,2,3,4,1))),$);
#16844=IFCCARTESIANPOINTLIST2D(((0.035000000149011612,0.035000000149011612),(0.53400516696274281,0.035000000149011612),(0.53400516696274281,0.81499997526407242),(0.035000000149011612,0.81499997526407242)));
#16845=IFCARBITRARYCLOSEDPROFILEDEF(.AREA.,$,#16843);
#16846=IFCCARTESIANPOINT((0.59480112791061401,0.077500007376069102,0.02500000037252903));
#16847=IFCDIRECTION((0.,-1.,0.));
#16848=IFCDIRECTION((1.,0.,0.));
#16849=IFCAXIS2PLACEMENT3D(#16846,#16847,#16848);
#16850=IFCDIRECTION((0.,0.,-1.));
#16851=IFCEXTRUDEDAREASOLID(#16845,#16849,#16850,0.01);
#16853=IFCSHAPEREPRESENTATION(#11,'Body','SweptSolid',(#16954,#16831,#16780,#16791,#16983,#16994,#16820,#16943));
#16854=IFCSHAPEASPECT((#16853),'Lining',$,.T.,#16713);
#16855=IFCSHAPEREPRESENTATION(#11,'Body','SweptSolid',(#16842,#16802,#17005,#16965));
#16856=IFCSHAPEASPECT((#16855),'Framing',$,.T.,#16713);
#16857=IFCSHAPEREPRESENTATION(#11,'Body','SweptSolid',(#17014,#16851,#16811,#16974));
#16858=IFCSHAPEASPECT((#16857),'Glazing',$,.T.,#16713);
#16932=IFCCARTESIANPOINTLIST3D(((0.,0.,0.),(1.1888062953948975,0.,0.),(1.1888062953948975,0.,0.89999997615814209),(0.,0.,0.89999997615814209)));
#16933=IFCINDEXEDPOLYCURVE(#16932,(IFCLINEINDEX((1,2,3,4,1))),$);
#16934=IFCSHAPEREPRESENTATION(#18,'Profile','Curve3D',(#16933));
#16935=IFCCARTESIANPOINTLIST2D(((0.59480112791061401,0.),(0.,0.),(0.,0.89999997615814209),(0.59480112791061401,0.89999997615814209),(0.59480112791061401,0.87499997578561306),(0.02500000037252903,0.87499997578561306),(0.02500000037252903,0.02500000037252903),(0.59480112791061401,0.02500000037252903)));
#16936=IFCINDEXEDPOLYCURVE(#16935,(IFCLINEINDEX((1,2,3,4,5,6,7,8,1))),$);
#16937=IFCARBITRARYCLOSEDPROFILEDEF(.AREA.,$,#16936);
#16938=IFCCARTESIANPOINT((0.,0.065000007301563301,0.));
#16939=IFCDIRECTION((0.,-1.,0.));
#16940=IFCDIRECTION((1.,0.,0.));
#16941=IFCAXIS2PLACEMENT3D(#16938,#16939,#16940);
#16942=IFCDIRECTION((0.,0.,-1.));
#16943=IFCEXTRUDEDAREASOLID(#16937,#16941,#16942,0.034999994188552819);
#16944=IFCCARTESIANPOINTLIST2D(((0.,0.),(0.59480112791061401,0.),(0.59480112791061401,0.89999997615814209),(0.,0.89999997615814209)));
#16945=IFCINDEXEDPOLYCURVE(#16944,(IFCLINEINDEX((1,2,3,4,1))),$);
#16946=IFCCARTESIANPOINTLIST2D(((0.05000000074505806,0.05000000074505806),(0.56980112753808498,0.05000000074505806),(0.56980112753808498,0.84999997541308403),(0.05000000074505806,0.84999997541308403)));
#16947=IFCINDEXEDPOLYCURVE(#16946,(IFCLINEINDEX((1,2,3,4,1))),$);
#16948=IFCARBITRARYPROFILEDEFWITHVOIDS(.AREA.,$,#16945,(#16947));
#16949=IFCCARTESIANPOINT((0.,0.05000000074505806,0.));
#16950=IFCDIRECTION((0.,-1.,0.));
#16951=IFCDIRECTION((1.,0.,0.));
#16952=IFCAXIS2PLACEMENT3D(#16949,#16950,#16951);
#16953=IFCDIRECTION((0.,0.,-1.));
#16954=IFCEXTRUDEDAREASOLID(#16948,#16952,#16953,0.015000006556505241);
#16955=IFCCARTESIANPOINTLIST2D(((0.,0.),(0.56980112753808498,0.),(0.56980112753808498,0.84999997541308403),(0.,0.84999997541308403)));
#16956=IFCINDEXEDPOLYCURVE(#16955,(IFCLINEINDEX((1,2,3,4,1))),$);
#16957=IFCCARTESIANPOINTLIST2D(((0.035000000149011612,0.035000000149011612),(0.53480112738907337,0.035000000149011612),(0.53480112738907337,0.81499997526407242),(0.035000000149011612,0.81499997526407242)));
#16958=IFCINDEXEDPOLYCURVE(#16957,(IFCLINEINDEX((1,2,3,4,1))),$);
#16959=IFCARBITRARYPROFILEDEFWITHVOIDS(.AREA.,$,#16956,(#16958));
#16960=IFCCARTESIANPOINT((0.02500000037252903,0.065000007301563301,0.02500000037252903));
#16961=IFCDIRECTION((0.,-1.,0.));
#16962=IFCDIRECTION((1.,0.,0.));
#16963=IFCAXIS2PLACEMENT3D(#16960,#16961,#16962);
#16964=IFCDIRECTION((0.,0.,-1.));
#16965=IFCEXTRUDEDAREASOLID(#16959,#16963,#16964,0.035000000149011612);
#16966=IFCINDEXEDPOLYCURVE(#16967,(IFCLINEINDEX((1,2,3,4,1))),$);
#16967=IFCCARTESIANPOINTLIST2D(((0.035000000149011612,0.035000000149011612),(0.53480112738907337,0.035000000149011612),(0.53480112738907337,0.81499997526407242),(0.035000000149011612,0.81499997526407242)));
#16968=IFCARBITRARYCLOSEDPROFILEDEF(.AREA.,$,#16966);
#16969=IFCCARTESIANPOINT((0.02500000037252903,0.077500007376069102,0.02500000037252903));
#16970=IFCDIRECTION((0.,-1.,0.));
#16971=IFCDIRECTION((1.,0.,0.));
#16972=IFCAXIS2PLACEMENT3D(#16969,#16970,#16971);
#16973=IFCDIRECTION((0.,0.,-1.));
#16974=IFCEXTRUDEDAREASOLID(#16968,#16972,#16973,0.01);
#16975=IFCCARTESIANPOINTLIST2D(((0.,0.89999997615814209),(0.59400516748428345,0.89999997615814209),(0.59400516748428345,0.),(0.,0.),(0.,0.02500000037252903),(0.56900516711175442,0.02500000037252903),(0.56900516711175442,0.87499997578561306),(0.,0.87499997578561306)));
#16976=IFCINDEXEDPOLYCURVE(#16975,(IFCLINEINDEX((1,2,3,4,5,6,7,8,1))),$);
#16977=IFCARBITRARYCLOSEDPROFILEDEF(.AREA.,$,#16976);
#16978=IFCCARTESIANPOINT((0.59480112791061401,0.065000007301563301,0.));
#16979=IFCDIRECTION((0.,-1.,0.));
#16980=IFCDIRECTION((1.,0.,0.));
#16981=IFCAXIS2PLACEMENT3D(#16978,#16979,#16980);
#16982=IFCDIRECTION((0.,0.,-1.));
#16983=IFCEXTRUDEDAREASOLID(#16977,#16981,#16982,0.034999994188552819);
#16984=IFCCARTESIANPOINTLIST2D(((0.,0.),(0.59400516748428345,0.),(0.59400516748428345,0.89999997615814209),(0.,0.89999997615814209)));
#16985=IFCINDEXEDPOLYCURVE(#16984,(IFCLINEINDEX((1,2,3,4,1))),$);
#16986=IFCCARTESIANPOINTLIST2D(((0.02500000037252903,0.05000000074505806),(0.54400516673922539,0.05000000074505806),(0.54400516673922539,0.84999997541308403),(0.02500000037252903,0.84999997541308403)));
#16987=IFCINDEXEDPOLYCURVE(#16986,(IFCLINEINDEX((1,2,3,4,1))),$);
#16988=IFCARBITRARYPROFILEDEFWITHVOIDS(.AREA.,$,#16985,(#16987));
#16989=IFCCARTESIANPOINT((0.59480112791061401,0.05000000074505806,0.));
#16990=IFCDIRECTION((0.,-1.,0.));
#16991=IFCDIRECTION((1.,0.,0.));
#16992=IFCAXIS2PLACEMENT3D(#16989,#16990,#16991);
#16993=IFCDIRECTION((0.,0.,-1.));
#16994=IFCEXTRUDEDAREASOLID(#16988,#16992,#16993,0.015000006556505241);
#16995=IFCCARTESIANPOINTLIST2D(((0.,0.),(0.56900516711175442,0.),(0.56900516711175442,0.84999997541308403),(0.,0.84999997541308403)));
#16996=IFCINDEXEDPOLYCURVE(#16995,(IFCLINEINDEX((1,2,3,4,1))),$);
#16997=IFCCARTESIANPOINTLIST2D(((0.035000000149011612,0.035000000149011612),(0.53400516696274281,0.035000000149011612),(0.53400516696274281,0.81499997526407242),(0.035000000149011612,0.81499997526407242)));
#16998=IFCINDEXEDPOLYCURVE(#16997,(IFCLINEINDEX((1,2,3,4,1))),$);
#16999=IFCARBITRARYPROFILEDEFWITHVOIDS(.AREA.,$,#16996,(#16998));
#17000=IFCCARTESIANPOINT((0.59480112791061401,0.065000007301563301,0.02500000037252903));
#17001=IFCDIRECTION((0.,-1.,0.));
#17002=IFCDIRECTION((1.,0.,0.));
#17003=IFCAXIS2PLACEMENT3D(#17000,#17001,#17002);
#17004=IFCDIRECTION((0.,0.,-1.));
#17005=IFCEXTRUDEDAREASOLID(#16999,#17003,#17004,0.035000000149011612);
#17006=IFCINDEXEDPOLYCURVE(#17007,(IFCLINEINDEX((1,2,3,4,1))),$);
#17007=IFCCARTESIANPOINTLIST2D(((0.035000000149011612,0.035000000149011612),(0.53400516696274281,0.035000000149011612),(0.53400516696274281,0.81499997526407242),(0.035000000149011612,0.81499997526407242)));
#17008=IFCARBITRARYCLOSEDPROFILEDEF(.AREA.,$,#17006);
#17009=IFCCARTESIANPOINT((0.59480112791061401,0.077500007376069102,0.02500000037252903));
#17010=IFCDIRECTION((0.,-1.,0.));
#17011=IFCDIRECTION((1.,0.,0.));
#17012=IFCAXIS2PLACEMENT3D(#17009,#17010,#17011);
#17013=IFCDIRECTION((0.,0.,-1.));
#17014=IFCEXTRUDEDAREASOLID(#17008,#17012,#17013,0.01);
#17015=IFCSHAPEREPRESENTATION(#11,'Body','SweptSolid',(#16943,#16954,#16965,#16974,#16983,#16994,#17005,#17014));
#17016=IFCCARTESIANPOINTLIST2D(((0.05000000074505806,0.05000000074505806),(0.56980112753808498,0.05000000074505806)));
#17017=IFCINDEXEDPOLYCURVE(#17016,$,$);
#17018=IFCCARTESIANPOINTLIST2D(((0.,0.10000000149011612),(0.02500000037252903,0.10000000149011612),(0.02500000037252903,0.065000007301563301),(0.05000000074505806,0.065000007301563301),(0.05000000074505806,0.05000000074505806),(0.,0.05000000074505806)));
#17019=IFCINDEXEDPOLYCURVE(#17018,(IFCLINEINDEX((1,2,3,4,5,6,1))),$);
#17020=IFCCARTESIANPOINTLIST2D(((0.59480112791061401,0.10000000149011612),(0.59480112791061401,0.10000000149011612),(0.59480112791061401,0.065000007301563301),(0.56980112753808498,0.065000007301563301),(0.56980112753808498,0.05000000074505806),(0.59480112791061401,0.05000000074505806)));
#17021=IFCINDEXEDPOLYCURVE(#17020,$,$);
#17022=IFCCARTESIANPOINTLIST2D(((0.02500000037252903,0.065000007301563301),(0.060000000521540642,0.065000007301563301),(0.060000000521540642,0.10000000745057491),(0.02500000037252903,0.10000000745057491)));
#17023=IFCINDEXEDPOLYCURVE(#17022,(IFCLINEINDEX((1,2,3,4,1))),$);
#17024=IFCINDEXEDPOLYCURVE(#17025,(IFCLINEINDEX((1,2,3,4,1))),$);
#17025=IFCCARTESIANPOINTLIST2D(((0.59480112791061401,0.065000007301563301),(0.5598011277616024,0.065000007301563301),(0.5598011277616024,0.10000000745057491),(0.59480112791061401,0.10000000745057491)));
#17026=IFCCARTESIANPOINTLIST2D(((0.060000000521540642,0.065000007301563301),(0.5598011277616024,0.065000007301563301)));
#17027=IFCINDEXEDPOLYCURVE(#17026,$,$);
#17028=IFCINDEXEDPOLYCURVE(#17029,$,$);
#17029=IFCCARTESIANPOINTLIST2D(((0.060000000521540642,0.10000000745057491),(0.5598011277616024,0.10000000745057491)));
#17030=IFCINDEXEDPOLYCURVE(#17031,$,$);
#17031=IFCCARTESIANPOINTLIST2D(((0.060000000521540642,0.082500007376069107),(0.5598011277616024,0.082500007376069107)));
#17032=IFCCARTESIANPOINTLIST2D(((0.61980112828314304,0.05000000074505806),(1.1388062946498394,0.05000000074505806)));
#17033=IFCINDEXEDPOLYCURVE(#17032,$,$);
#17034=IFCCARTESIANPOINTLIST2D(((0.59480112791061401,0.10000000149011612),(0.59480112791061401,0.10000000149011612),(0.59480112791061401,0.065000007301563301),(0.61980112828314304,0.065000007301563301),(0.61980112828314304,0.05000000074505806),(0.59480112791061401,0.05000000074505806)));
#17035=IFCINDEXEDPOLYCURVE(#17034,$,$);
#17036=IFCCARTESIANPOINTLIST2D(((1.1888062953948975,0.10000000149011612),(1.1638062950223684,0.10000000149011612),(1.1638062950223684,0.065000007301563301),(1.1388062946498394,0.065000007301563301),(1.1388062946498394,0.05000000074505806),(1.1888062953948975,0.05000000074505806)));
#17037=IFCINDEXEDPOLYCURVE(#17036,(IFCLINEINDEX((1,2,3,4,5,6,1))),$);
#17038=IFCCARTESIANPOINTLIST2D(((0.59480112791061401,0.065000007301563301),(0.62980112805962563,0.065000007301563301),(0.62980112805962563,0.10000000745057491),(0.59480112791061401,0.10000000745057491)));
#17039=IFCINDEXEDPOLYCURVE(#17038,(IFCLINEINDEX((1,2,3,4,1))),$);
#17040=IFCINDEXEDPOLYCURVE(#17041,(IFCLINEINDEX((1,2,3,4,1))),$);
#17041=IFCCARTESIANPOINTLIST2D(((1.1638062950223684,0.065000007301563301),(1.1288062948733568,0.065000007301563301),(1.1288062948733568,0.10000000745057491),(1.1638062950223684,0.10000000745057491)));
#17042=IFCCARTESIANPOINTLIST2D(((0.62980112805962563,0.065000007301563301),(1.1288062948733568,0.065000007301563301)));
#17043=IFCINDEXEDPOLYCURVE(#17042,$,$);
#17044=IFCINDEXEDPOLYCURVE(#17045,$,$);
#17045=IFCCARTESIANPOINTLIST2D(((0.62980112805962563,0.10000000745057491),(1.1288062948733568,0.10000000745057491)));
#17046=IFCINDEXEDPOLYCURVE(#17047,$,$);
#17047=IFCCARTESIANPOINTLIST2D(((0.62980112805962563,0.082500007376069107),(1.1288062948733568,0.082500007376069107)));
#17048=IFCSHAPEREPRESENTATION(#24,'Body','Curve2D',(#17017,#17019,#17021,#17023,#17024,#17027,#17028,#17030,#17033,#17035,#17037,#17039,#17040,#17043,#17044,#17046));
#17049=IFCCARTESIANPOINTLIST2D(((0.,0.),(1.1888062953948975,0.),(1.1888062953948975,0.89999997615814209),(0.,0.89999997615814209)));
#17050=IFCINDEXEDPOLYCURVE(#17049,(IFCLINEINDEX((1,2,3,4,1))),$);
#17051=IFCARBITRARYCLOSEDPROFILEDEF(.AREA.,$,#17050);
#17052=IFCCARTESIANPOINT((0.,-0.60000002384185791,0.));
#17053=IFCDIRECTION((0.,-1.,0.));
#17054=IFCDIRECTION((1.,0.,0.));
#17055=IFCAXIS2PLACEMENT3D(#17052,#17053,#17054);
#17056=IFCDIRECTION((0.,0.,-1.));
#17057=IFCEXTRUDEDAREASOLID(#17051,#17055,#17056,1.2);
#17058=IFCSHAPEREPRESENTATION(#11,'Body','SweptSolid',(#17057));
#17064=IFCCARTESIANPOINT((0.30537238641701681,2.384185791015625E-07,1.));
#17065=IFCDIRECTION((0.,0.,1.));
#17066=IFCDIRECTION((0.99999999999997158,-2.3841857910155572E-07,0.));
#17067=IFCAXIS2PLACEMENT3D(#17064,#17065,#17066);
#17068=IFCLOCALPLACEMENT(#10631,#17067);
#17069=IFCCARTESIANPOINT((-8.8817841970012523E-16,0.,0.));
#17070=IFCDIRECTION((0.,0.,1.));
#17071=IFCDIRECTION((1.,0.,0.));
#17072=IFCAXIS2PLACEMENT3D(#17069,#17070,#17071);
#17073=IFCLOCALPLACEMENT(#17068,#17072);
#17077=IFCCARTESIANPOINTLIST3D(((0.,0.,0.),(0.89999997615814209,0.,0.),(0.89999997615814209,0.,2.),(0.,0.,2.)));
#17078=IFCINDEXEDPOLYCURVE(#17077,(IFCLINEINDEX((1,2,3,4,1))),$);
#17079=IFCSHAPEREPRESENTATION(#18,'Profile','Curve3D',(#17078));
#17080=IFCCARTESIANPOINTLIST3D(((0.,0.,0.),(0.89999997615814209,0.,0.),(0.89999997615814209,0.,2.),(0.,0.,2.)));
#17081=IFCINDEXEDPOLYCURVE(#17080,(IFCLINEINDEX((1,2,3,4,1))),$);
#17082=IFCSHAPEREPRESENTATION(#18,'Profile','Curve3D',(#17081));
#17083=IFCDOORTYPE('0CZVudBUDBe97l2nRbA22j',$,'Masters Balcony - 2F',$,$,(#17084),(#17086,#17094,#17172,#17307),$,$,.DOOR.,.SINGLE_SWING_LEFT.,$,$);
#17084=IFCPROPERTYSET('1vOZYnBbb7SRo1gIewpR0m',$,'BBIM_Door',$,(#17085));
#17085=IFCPROPERTYSINGLEVALUE('Data',$,IFCTEXT('{"door_type": "SLIDING_TO_LEFT", "overall_height": 2.0, "overall_width": 1.9977182149887085, "lining_properties": {"lining_depth": 0.040000006556510925, "lining_thickness": 0.07580799609422684, "lining_offset": 0.0, "transom_thickness": 0.0, "casing_thickness": 0.06729264557361603, "casing_depth": 0.0010000000474974513, "threshold_thickness": 0.02500000037252903, "threshold_depth": 0.10000000149011612, "threshold_offset": 0.0}, "panel_properties": {"panel_depth": 0.03500000014901161, "panel_width_ratio": 1.0}}'),$);
#17086=IFCREPRESENTATIONMAP(#17087,#19722);
#17087=IFCAXIS2PLACEMENT3D(#17088,#17089,#17090);
#17088=IFCCARTESIANPOINT((0.,0.,0.));
#17089=IFCDIRECTION((0.,0.,1.));
#17090=IFCDIRECTION((1.,0.,0.));
#17094=IFCREPRESENTATIONMAP(#17095,#19786);
#17095=IFCAXIS2PLACEMENT3D(#17096,#17097,#17098);
#17096=IFCCARTESIANPOINT((0.,0.,0.));
#17097=IFCDIRECTION((0.,0.,1.));
#17098=IFCDIRECTION((1.,0.,0.));
#17172=IFCREPRESENTATIONMAP(#17173,#19793);
#17173=IFCAXIS2PLACEMENT3D(#17174,#17175,#17176);
#17174=IFCCARTESIANPOINT((0.,0.,0.));
#17175=IFCDIRECTION((0.,0.,1.));
#17176=IFCDIRECTION((1.,0.,0.));
#17303=IFCCARTESIANPOINT((0.,0.,0.));
#17304=IFCDIRECTION((1.,0.,0.));
#17305=IFCDIRECTION((0.,0.,1.));
#17306=IFCAXIS2PLACEMENT3D(#17303,#17305,#17304);
#17307=IFCREPRESENTATIONMAP(#17306,#19798);
#17631=IFCBUILDING('1VrJn09bj8ZeEfgra3As0U',$,'Roof',$,$,#17652,$,$,$,$,$,$);
#17648=IFCCARTESIANPOINT((0.,0.,6.));
#17649=IFCDIRECTION((0.,0.,1.));
#17650=IFCDIRECTION((1.,0.,0.));
#17651=IFCAXIS2PLACEMENT3D(#17648,#17649,#17650);
#17652=IFCLOCALPLACEMENT(#56,#17651);
#17707=IFCBUILDINGSTOREY('0gfnQlorn0hxX8qkxgc07$',$,'Roof',$,$,#17751,$,$,$,$);
#17747=IFCCARTESIANPOINT((0.,0.,6.));
#17748=IFCDIRECTION((0.,0.,1.));
#17749=IFCDIRECTION((1.,0.,0.));
#17750=IFCAXIS2PLACEMENT3D(#17747,#17748,#17749);
#17751=IFCLOCALPLACEMENT(#56,#17750);
#17752=IFCSLAB('0pK7m_FTz0zv4Rgi0h6AUc',$,'Slab',$,$,#17760,#17767,$,$);
#17753=IFCRELCONTAINEDINSPATIALSTRUCTURE('0Uvw2qIxb5YOCh2SD0vFdB',$,$,$,(#17752,#17775),#17707);
#17754=IFCMATERIALLAYERSETUSAGE(#1453,.AXIS3.,.POSITIVE.,-0.10000000149011612,$);
#17755=IFCRELASSOCIATESMATERIAL('3C0jM1idfCpR61Io4I6MgO',$,$,$,(#17752),#17754);
#17756=IFCCARTESIANPOINT((4.2110552787780762,6.5098943710327148,0.));
#17757=IFCDIRECTION((0.,0.,1.));
#17758=IFCDIRECTION((1.,0.,0.));
#17759=IFCAXIS2PLACEMENT3D(#17756,#17757,#17758);
#17760=IFCLOCALPLACEMENT(#17751,#17759);
#17761=IFCCARTESIANPOINTLIST2D(((0.,0.),(-3.9495325088500977,4.76837158203125E-07),(-3.9495327472686768,-0.94999980926513672),(-7.5344486236572266,-0.94999837875366211),(-7.5344481468200684,-8.0999994277954102),(-3.9495663642883301,-8.0988779067993164),(-3.9497683048248291,-8.7106351852416992),(-2.3800005912780762,-8.7106342315673828),(-2.3800005912780762,-9.6206340789794922),(-9.5367431640625E-07,-9.6206340789794922),(0.,0.)));
#17762=IFCINDEXEDPOLYCURVE(#17761,$,$);
#17763=IFCDIRECTION((0.,0.,1.));
#17764=IFCARBITRARYCLOSEDPROFILEDEF(.AREA.,$,#17762);
#17765=IFCEXTRUDEDAREASOLID(#17764,#17774,#17763,0.10000000000000001);
#17766=IFCSHAPEREPRESENTATION(#11,'Body','SweptSolid',(#17765));
#17767=IFCPRODUCTDEFINITIONSHAPE($,$,(#17766));
#17768=IFCPROPERTYSET('0dsS0Xnu9EOubURPMxYRlU',$,'EPset_Parametric',$,(#17770));
#17769=IFCRELDEFINESBYPROPERTIES('3n2Y_PVjb8ORL0POaZGu4t',$,$,$,(#17752),#17768);
#17770=IFCPROPERTYSINGLEVALUE('Engine',$,IFCLABEL('Bonsai.DumbLayer3'),$);
#17771=IFCCARTESIANPOINT((-0.,-0.,-0.10000000149011612));
#17772=IFCDIRECTION((0.,0.,1.));
#17773=IFCDIRECTION((1.,0.,0.));
#17774=IFCAXIS2PLACEMENT3D(#17771,#17772,#17773);
#17775=IFCROOF('071rn4MQH62BN3FrP0Mqje',$,'Roof',$,$,#17800,#17783,$,$);
#17776=IFCCARTESIANPOINT((0.,0.,0.));
#17777=IFCDIRECTION((1.,0.,0.));
#17778=IFCDIRECTION((0.,1.,0.));
#17779=IFCDIRECTION((0.,0.,1.));
#17780=IFCCARTESIANTRANSFORMATIONOPERATOR3D(#17777,#17778,#17776,1.,#17779);
#17781=IFCMAPPEDITEM(#9968,#17780);
#17782=IFCSHAPEREPRESENTATION(#11,'Body','MappedRepresentation',(#17781));
#17783=IFCPRODUCTDEFINITIONSHAPE($,$,(#17782,#17790));
#17784=IFCCARTESIANPOINT((0.,0.,0.));
#17785=IFCDIRECTION((1.,0.,0.));
#17786=IFCDIRECTION((0.,1.,0.));
#17787=IFCDIRECTION((0.,0.,1.));
#17788=IFCCARTESIANTRANSFORMATIONOPERATOR3D(#17785,#17786,#17784,1.,#17787);
#17789=IFCMAPPEDITEM(#9996,#17788);
#17790=IFCSHAPEREPRESENTATION(#13,'Box','MappedRepresentation',(#17789));
#17796=IFCCARTESIANPOINT((0.51466822624206543,1.6594510078430176,0.10154247283935547));
#17797=IFCDIRECTION((0.,0.,1.));
#17798=IFCDIRECTION((1.,0.,0.));
#17799=IFCAXIS2PLACEMENT3D(#17796,#17797,#17798);
#17800=IFCLOCALPLACEMENT(#17751,#17799);
#17801=IFCWALL('2Sx0tKZb5FYgtjHDLvHqcQ',$,'Wall',$,$,#17889,#17807,$,$);
#17802=IFCMATERIALLAYERSETUSAGE(#82,.AXIS2.,.POSITIVE.,0.,$);
#17803=IFCRELASSOCIATESMATERIAL('1e$9OLoUbBGgboByY5Ffny',$,$,$,(#17801),#17802);
#17807=IFCPRODUCTDEFINITIONSHAPE($,$,(#17916,#17913));
#17823=IFCPROPERTYSET('2yft6E3Er58vi4y2gVybuE',$,'EPset_Parametric',$,(#17825));
#17824=IFCRELDEFINESBYPROPERTIES('3_4qqCha52svx5r14BBkIl',$,$,$,(#17801),#17823);
#17825=IFCPROPERTYSINGLEVALUE('Engine',$,IFCLABEL('Bonsai.DumbLayer2'),$);
#17871=IFCRELCONNECTSPATHELEMENTS('10gjvPD4rEFAN24LGuFklN',$,$,$,$,#17801,#10046,(),(),.ATEND.,.ATSTART.);
#17885=IFCCARTESIANPOINT((0.26152276992794177,6.509894717671374,0.));
#17886=IFCDIRECTION((0.,0.,1.));
#17887=IFCDIRECTION((-2.8212997449371656E-07,-0.99999999999996025,0.));
#17888=IFCAXIS2PLACEMENT3D(#17885,#17886,#17887);
#17889=IFCLOCALPLACEMENT(#9890,#17888);
#17890=IFCCARTESIANPOINTLIST2D(((0.,0.),(0.09999999880751248,0.10000000000000001),(3.8495323009842508,0.10000000000000001),(3.949532281513533,0.)));
#17891=IFCINDEXEDPOLYCURVE(#17890,(IFCLINEINDEX((1,2,3,4,1))),$);
#17892=IFCARBITRARYCLOSEDPROFILEDEF(.AREA.,$,#17891);
#17893=IFCCARTESIANPOINT((0.,0.,0.));
#17894=IFCDIRECTION((0.,0.,1.));
#17895=IFCDIRECTION((1.,0.,0.));
#17896=IFCAXIS2PLACEMENT3D(#17893,#17894,#17895);
#17897=IFCDIRECTION((0.,0.,1.));
#17898=IFCEXTRUDEDAREASOLID(#17892,#17896,#17897,3.);
#17899=IFCSHAPEREPRESENTATION(#11,'Body','SweptSolid',(#17898));
#17900=IFCCARTESIANPOINTLIST2D(((0.,0.),(3.949532281513533,0.)));
#17901=IFCINDEXEDPOLYCURVE(#17900,$,$);
#17902=IFCSHAPEREPRESENTATION(#23,'Axis','Curve2D',(#17901));
#17903=IFCRELCONNECTSPATHELEMENTS('0iPCCwXhj5H9hUgDBlNjjL',$,$,$,$,#17801,#10096,(),(),.ATSTART.,.ATEND.);
#17904=IFCCARTESIANPOINTLIST2D(((0.,0.),(0.099999980529282106,0.10000000000000001),(1.0500001996996955,0.10000000000000001),(0.9500001889712556,0.)));
#17905=IFCINDEXEDPOLYCURVE(#17904,(IFCLINEINDEX((1,2,3,4,1))),$);
#17906=IFCARBITRARYCLOSEDPROFILEDEF(.AREA.,$,#17905);
#17907=IFCCARTESIANPOINT((0.,0.,0.));
#17908=IFCDIRECTION((0.,0.,1.));
#17909=IFCDIRECTION((1.,0.,0.));
#17910=IFCAXIS2PLACEMENT3D(#17907,#17908,#17909);
#17911=IFCDIRECTION((0.,0.,1.));
#17912=IFCEXTRUDEDAREASOLID(#17906,#17910,#17911,3.);
#17913=IFCSHAPEREPRESENTATION(#11,'Body','SweptSolid',(#17912));
#17914=IFCCARTESIANPOINTLIST2D(((0.,0.),(0.9500001889712556,0.)));
#17915=IFCINDEXEDPOLYCURVE(#17914,$,$);
#17916=IFCSHAPEREPRESENTATION(#23,'Axis','Curve2D',(#17915));
#17930=IFCCARTESIANPOINT((0.26152250190441262,5.5598945287001564,0.));
#17931=IFCDIRECTION((0.,0.,1.));
#17932=IFCDIRECTION((-0.99999999999992428,3.8941436741876494E-07,0.));
#17933=IFCAXIS2PLACEMENT3D(#17930,#17931,#17932);
#17934=IFCLOCALPLACEMENT(#9890,#17933);
#17935=IFCCARTESIANPOINT((0.52578064819021064,6.4851627445960958E-07,1.));
#17936=IFCDIRECTION((0.,0.,1.));
#17937=IFCDIRECTION((0.9999999999998862,-4.7683715820291007E-07,0.));
#17938=IFCAXIS2PLACEMENT3D(#17935,#17936,#17937);
#17939=IFCLOCALPLACEMENT(#17934,#17938);
#17940=IFCWALL('2n3AOveL13YANsSU_uBdze',$,'Wall',$,$,#18028,#17946,$,$);
#17941=IFCMATERIALLAYERSETUSAGE(#82,.AXIS2.,.POSITIVE.,0.,$);
#17942=IFCRELASSOCIATESMATERIAL('3QK6AfFuzF2wIrdHpJ0Or7',$,$,$,(#17940),#17941);
#17946=IFCPRODUCTDEFINITIONSHAPE($,$,(#18055,#18052));
#17962=IFCPROPERTYSET('0G6EOzo$LEkw5D0DqaZNhE',$,'EPset_Parametric',$,(#17964));
#17963=IFCRELDEFINESBYPROPERTIES('1kSt3aMor62g8xAxstXwfV',$,$,$,(#17940),#17962);
#17964=IFCPROPERTYSINGLEVALUE('Engine',$,IFCLABEL('Bonsai.DumbLayer2'),$);
#18010=IFCRELCONNECTSPATHELEMENTS('1gCuRzsWv5xxTBcg28Ixrw',$,$,$,$,#17940,#10096,(),(),.ATPATH.,.ATSTART.);
#18024=IFCCARTESIANPOINT((0.26152250170691393,5.5598945287001564,0.));
#18025=IFCDIRECTION((0.,0.,1.));
#18026=IFCDIRECTION((-4.9312920963839819E-06,-0.99999999998784128,0.));
#18027=IFCAXIS2PLACEMENT3D(#18024,#18025,#18026);
#18028=IFCLOCALPLACEMENT(#9890,#18027);
#18029=IFCCARTESIANPOINTLIST2D(((0.,0.),(-0.10000001072843986,0.10000000000000001),(3.4849158002926641,0.10000000000000001),(3.5849158467839017,0.)));
#18030=IFCINDEXEDPOLYCURVE(#18029,(IFCLINEINDEX((1,2,3,4,1))),$);
#18031=IFCARBITRARYCLOSEDPROFILEDEF(.AREA.,$,#18030);
#18032=IFCCARTESIANPOINT((0.,0.,0.));
#18033=IFCDIRECTION((0.,0.,1.));
#18034=IFCDIRECTION((1.,0.,0.));
#18035=IFCAXIS2PLACEMENT3D(#18032,#18033,#18034);
#18036=IFCDIRECTION((0.,0.,1.));
#18037=IFCEXTRUDEDAREASOLID(#18031,#18035,#18036,3.);
#18038=IFCSHAPEREPRESENTATION(#11,'Body','SweptSolid',(#18037));
#18039=IFCCARTESIANPOINTLIST2D(((0.,0.),(3.5849158467839017,0.)));
#18040=IFCINDEXEDPOLYCURVE(#18039,$,$);
#18041=IFCSHAPEREPRESENTATION(#23,'Axis','Curve2D',(#18040));
#18042=IFCRELCONNECTSPATHELEMENTS('3CTFiv7CT0GxmTdq_OV2U2',$,$,$,$,#17940,#10146,(),(),.ATPATH.,.ATEND.);
#18043=IFCCARTESIANPOINTLIST2D(((0.10000000000103144,0.),(0.099999545813258539,0.10000000000000001),(7.0488464377313989,0.10000000000000001),(7.0488782113800994,0.)));
#18044=IFCINDEXEDPOLYCURVE(#18043,(IFCLINEINDEX((1,2,3,4,1))),$);
#18045=IFCARBITRARYCLOSEDPROFILEDEF(.AREA.,$,#18044);
#18046=IFCCARTESIANPOINT((0.,0.,0.));
#18047=IFCDIRECTION((0.,0.,1.));
#18048=IFCDIRECTION((1.,0.,0.));
#18049=IFCAXIS2PLACEMENT3D(#18046,#18047,#18048);
#18050=IFCDIRECTION((0.,0.,1.));
#18051=IFCEXTRUDEDAREASOLID(#18045,#18049,#18050,3.);
#18052=IFCSHAPEREPRESENTATION(#11,'Body','SweptSolid',(#18051));
#18053=IFCCARTESIANPOINTLIST2D(((0.,0.),(7.1488782164279234,0.)));
#18054=IFCINDEXEDPOLYCURVE(#18053,$,$);
#18055=IFCSHAPEREPRESENTATION(#23,'Axis','Curve2D',(#18054));
#18056=IFCCARTESIANPOINTLIST2D(((0.,0.),(0.10003127785964476,0.10000000000000001),(3.6849462214822752,0.10000000000000001),(3.584881894933396,0.)));
#18057=IFCINDEXEDPOLYCURVE(#18056,(IFCLINEINDEX((1,2,3,4,1))),$);
#18058=IFCARBITRARYCLOSEDPROFILEDEF(.AREA.,$,#18057);
#18059=IFCCARTESIANPOINT((0.,0.,0.));
#18060=IFCDIRECTION((0.,0.,1.));
#18061=IFCDIRECTION((1.,0.,0.));
#18062=IFCAXIS2PLACEMENT3D(#18059,#18060,#18061);
#18063=IFCDIRECTION((0.,0.,1.));
#18064=IFCEXTRUDEDAREASOLID(#18058,#18062,#18063,3.);
#18065=IFCSHAPEREPRESENTATION(#11,'Body','SweptSolid',(#18064));
#18066=IFCCARTESIANPOINTLIST2D(((0.,0.),(3.584881894933396,0.)));
#18067=IFCINDEXEDPOLYCURVE(#18066,$,$);
#18068=IFCSHAPEREPRESENTATION(#23,'Axis','Curve2D',(#18067));
#18159=IFCDOOR('2_3M7PmpXDNeYM7sYJrX8_',$,'Door',$,$,#19101,#18168,$,2.,0.89856541156768799,$,.SINGLE_SWING_LEFT.,$);
#18160=IFCRELDEFINESBYTYPE('0$M7P_qXf93QQrRWUXjXBJ',$,$,$,(#18159),#11422);
#18161=IFCCARTESIANPOINT((0.,0.,0.));
#18162=IFCDIRECTION((1.,0.,0.));
#18163=IFCDIRECTION((0.,1.,0.));
#18164=IFCDIRECTION((0.,0.,1.));
#18165=IFCCARTESIANTRANSFORMATIONOPERATOR3D(#18162,#18163,#18161,1.,#18164);
#18166=IFCMAPPEDITEM(#11425,#18165);
#18167=IFCSHAPEREPRESENTATION(#18,'Profile','MappedRepresentation',(#18166));
#18168=IFCPRODUCTDEFINITIONSHAPE($,$,(#18167,#18175,#18182));
#18169=IFCCARTESIANPOINT((0.,0.,0.));
#18170=IFCDIRECTION((1.,0.,0.));
#18171=IFCDIRECTION((0.,1.,0.));
#18172=IFCDIRECTION((0.,0.,1.));
#18173=IFCCARTESIANTRANSFORMATIONOPERATOR3D(#18170,#18171,#18169,1.,#18172);
#18174=IFCMAPPEDITEM(#11433,#18173);
#18175=IFCSHAPEREPRESENTATION(#11,'Body','MappedRepresentation',(#18174));
#18176=IFCCARTESIANPOINT((0.,0.,0.));
#18177=IFCDIRECTION((1.,0.,0.));
#18178=IFCDIRECTION((0.,1.,0.));
#18179=IFCDIRECTION((0.,0.,1.));
#18180=IFCCARTESIANTRANSFORMATIONOPERATOR3D(#18177,#18178,#18176,1.,#18179);
#18181=IFCMAPPEDITEM(#11511,#18180);
#18182=IFCSHAPEREPRESENTATION(#24,'Body','MappedRepresentation',(#18181));
#18183=IFCOPENINGELEMENT('21gSKbtQ5Ej82aUU3O$YnO',$,'Opening',$,$,#19096,#18211,$,.OPENING.);
#18199=IFCCARTESIANPOINT((0.,0.,0.));
#18200=IFCDIRECTION((1.,0.,0.));
#18201=IFCDIRECTION((0.,0.,1.));
#18202=IFCAXIS2PLACEMENT3D(#18199,#18201,#18200);
#18203=IFCREPRESENTATIONMAP(#18202,#19086);
#18204=IFCCARTESIANPOINT((0.,0.,0.));
#18205=IFCDIRECTION((1.,0.,0.));
#18206=IFCDIRECTION((0.,1.,0.));
#18207=IFCDIRECTION((0.,0.,1.));
#18208=IFCCARTESIANTRANSFORMATIONOPERATOR3D(#18205,#18206,#18204,1.,#18207);
#18209=IFCMAPPEDITEM(#18203,#18208);
#18210=IFCSHAPEREPRESENTATION(#11,'Body','MappedRepresentation',(#18209));
#18211=IFCPRODUCTDEFINITIONSHAPE($,$,(#18210));
#18212=IFCRELVOIDSELEMENT('3fDpXRfIDFqfay9Chh5nYt',$,$,$,#17940,#18183);
#18218=IFCRELFILLSELEMENT('0LaG2aDnnAN9yAQg70F0li',$,$,$,#18183,#18159);
#18227=IFCCARTESIANPOINTLIST2D(((0.,0.),(0.,2.),(0.88321530818939209,2.),(0.88321530818939209,0.),(0.85821530781686306,0.),(0.85821530781686306,1.974999999627471),(0.02500000037252903,1.974999999627471),(0.02500000037252903,0.)));
#18228=IFCINDEXEDPOLYCURVE(#18227,(IFCLINEINDEX((1,2,3,4,5,6,7,8,1))),$);
#18229=IFCARBITRARYCLOSEDPROFILEDEF(.AREA.,$,#18228);
#18230=IFCCARTESIANPOINT((0.,0.02500000037252903,0.));
#18231=IFCDIRECTION((0.,-1.,0.));
#18232=IFCDIRECTION((1.,0.,0.));
#18233=IFCAXIS2PLACEMENT3D(#18230,#18231,#18232);
#18234=IFCDIRECTION((0.,0.,-1.));
#18235=IFCEXTRUDEDAREASOLID(#18229,#18233,#18234,0.015000006183981895);
#18236=IFCCARTESIANPOINTLIST2D(((0.,0.),(0.,2.),(0.88321530818939209,2.),(0.88321530818939209,0.),(0.80740731209516525,0.),(0.80740731209516525,1.9241920039057732),(0.075807996094226837,1.9241920039057732),(0.075807996094226837,0.)));
#18237=IFCINDEXEDPOLYCURVE(#18236,(IFCLINEINDEX((1,2,3,4,5,6,7,8,1))),$);
#18238=IFCARBITRARYCLOSEDPROFILEDEF(.AREA.,$,#18237);
#18239=IFCCARTESIANPOINT((0.,0.,0.));
#18240=IFCDIRECTION((0.,-1.,0.));
#18241=IFCDIRECTION((1.,0.,0.));
#18242=IFCAXIS2PLACEMENT3D(#18239,#18240,#18241);
#18243=IFCDIRECTION((0.,0.,-1.));
#18244=IFCEXTRUDEDAREASOLID(#18238,#18242,#18243,0.02500000037252903);
#18245=IFCCARTESIANPOINTLIST2D(((0.,0.),(0.73159931600093842,0.),(0.73159931600093842,0.10000000149011612),(0.,0.10000000149011612)));
#18246=IFCINDEXEDPOLYCURVE(#18245,(IFCLINEINDEX((1,2,3,4,1))),$);
#18247=IFCARBITRARYCLOSEDPROFILEDEF(.AREA.,$,#18246);
#18248=IFCCARTESIANPOINT((0.075807996094226837,0.,0.));
#18249=IFCDIRECTION((0.,0.,1.));
#18250=IFCDIRECTION((1.,0.,0.));
#18251=IFCAXIS2PLACEMENT3D(#18248,#18249,#18250);
#18252=IFCDIRECTION((0.,0.,1.));
#18253=IFCEXTRUDEDAREASOLID(#18247,#18251,#18252,0.02500000037252903);
#18254=IFCCARTESIANPOINTLIST2D(((0.,0.),(0.,2.),(0.88321530818939209,2.),(0.88321530818939209,0.),(0.83975164592266083,0.),(0.83975164592266083,1.9565363377332687),(0.043463662266731262,1.9565363377332687),(0.043463662266731262,0.)));
#18255=IFCINDEXEDPOLYCURVE(#18254,(IFCLINEINDEX((1,2,3,4,5,6,7,8,1))),$);
#18256=IFCARBITRARYCLOSEDPROFILEDEF(.AREA.,$,#18255);
#18257=IFCCARTESIANPOINT((0.,-0.0010000000474974513,0.));
#18258=IFCDIRECTION((0.,-1.,0.));
#18259=IFCDIRECTION((1.,0.,0.));
#18260=IFCAXIS2PLACEMENT3D(#18257,#18258,#18259);
#18261=IFCDIRECTION((0.,0.,-1.));
#18262=IFCEXTRUDEDAREASOLID(#18256,#18260,#18261,0.0010000000474974513);
#18263=IFCCARTESIANPOINTLIST2D(((0.,0.),(0.,2.),(0.88321530818939209,2.),(0.88321530818939209,0.),(0.89055964164435863,0.),(0.89055964164435863,2.0073443334549665),(-0.0073443334549665451,2.0073443334549665),(-0.0073443334549665451,0.)));
#18264=IFCINDEXEDPOLYCURVE(#18263,(IFCLINEINDEX((1,2,3,4,5,6,7,8,1))),$);
#18265=IFCARBITRARYCLOSEDPROFILEDEF(.AREA.,$,#18264);
#18266=IFCCARTESIANPOINT((0.,0.040000006556510925,0.));
#18267=IFCDIRECTION((0.,-1.,0.));
#18268=IFCDIRECTION((1.,0.,0.));
#18269=IFCAXIS2PLACEMENT3D(#18266,#18267,#18268);
#18270=IFCDIRECTION((0.,0.,-1.));
#18271=IFCEXTRUDEDAREASOLID(#18265,#18269,#18270,0.0010000000474974513);
#18272=IFCCARTESIANPOINTLIST2D(((0.,0.),(0.83321530744433403,0.),(0.83321530744433403,0.035000000149011612),(0.,0.035000000149011612)));
#18273=IFCINDEXEDPOLYCURVE(#18272,(IFCLINEINDEX((1,2,3,4,1))),$);
#18274=IFCARBITRARYCLOSEDPROFILEDEF(.AREA.,$,#18273);
#18275=IFCCARTESIANPOINT((0.02500000037252903,0.02500000037252903,0.02500000037252903));
#18276=IFCDIRECTION((0.,0.,1.));
#18277=IFCDIRECTION((1.,0.,0.));
#18278=IFCAXIS2PLACEMENT3D(#18275,#18276,#18277);
#18279=IFCDIRECTION((0.,0.,1.));
#18280=IFCEXTRUDEDAREASOLID(#18274,#18278,#18279,1.9499999992549419);
#18281=IFCCARTESIANPOINTLIST2D(((0.,0.),(0.,-0.040000000000000001),(-0.11999999999999988,-0.040000000000000001),(-0.11999999999999988,-0.02),(-0.020000000000000018,-0.02),(-0.020000000000000018,0.)));
#18282=IFCINDEXEDPOLYCURVE(#18281,(IFCLINEINDEX((1,2,3,4,5,6,1))),$);
#18283=IFCARBITRARYCLOSEDPROFILEDEF(.AREA.,$,#18282);
#18284=IFCCARTESIANPOINT((0.80821530781686302,0.02500000037252903,1.015000000372529));
#18285=IFCDIRECTION((0.,0.,1.));
#18286=IFCDIRECTION((1.,0.,0.));
#18287=IFCAXIS2PLACEMENT3D(#18284,#18285,#18286);
#18288=IFCDIRECTION((0.,0.,1.));
#18289=IFCEXTRUDEDAREASOLID(#18283,#18287,#18288,0.02);
#18290=IFCEXTRUDEDAREASOLID(#18291,#18294,#18298,0.02);
#18291=IFCARBITRARYCLOSEDPROFILEDEF(.AREA.,$,#18292);
#18292=IFCINDEXEDPOLYCURVE(#18293,(IFCLINEINDEX((1,2,3,4,5,6,1))),$);
#18293=IFCCARTESIANPOINTLIST2D(((0.,0.),(0.,0.040000000000000008),(-0.11999999999999988,0.040000000000000008),(-0.11999999999999988,0.020000000000000004),(-0.020000000000000018,0.020000000000000004),(-0.020000000000000018,0.)));
#18294=IFCAXIS2PLACEMENT3D(#18295,#18296,#18297);
#18295=IFCCARTESIANPOINT((0.80821530781686302,0.060000000521540642,1.015000000372529));
#18296=IFCDIRECTION((0.,0.,1.));
#18297=IFCDIRECTION((1.,0.,0.));
#18298=IFCDIRECTION((0.,0.,1.));
#18300=IFCSHAPEREPRESENTATION(#11,'Body','SweptSolid',(#18253,#18363,#18649,#18354,#18244,#19034,#18685,#18552,#18235,#18390,#18271,#18676,#18534,#18543,#18381,#19025,#18998,#18570,#19016,#18667,#19007,#18372,#18658,#18262,#18561));
#18301=IFCSHAPEASPECT((#18300),'Lining',$,.T.,#18168);
#18302=IFCSHAPEREPRESENTATION(#11,'Body','SweptSolid',(#18589,#18703,#18409,#19052,#19043,#18408,#18704,#18588,#18694,#18290,#18399,#18280,#18579,#18289,#19053));
#18303=IFCSHAPEASPECT((#18302),'Framing',$,.T.,#18168);
#18346=IFCCARTESIANPOINTLIST2D(((0.,0.),(0.,2.),(0.89856541156768799,2.),(0.89856541156768799,0.),(0.87356541119515896,0.),(0.87356541119515896,1.974999999627471),(0.02500000037252903,1.974999999627471),(0.02500000037252903,0.)));
#18347=IFCINDEXEDPOLYCURVE(#18346,(IFCLINEINDEX((1,2,3,4,5,6,7,8,1))),$);
#18348=IFCARBITRARYCLOSEDPROFILEDEF(.AREA.,$,#18347);
#18349=IFCCARTESIANPOINT((0.,0.02500000037252903,0.));
#18350=IFCDIRECTION((0.,-1.,0.));
#18351=IFCDIRECTION((1.,0.,0.));
#18352=IFCAXIS2PLACEMENT3D(#18349,#18350,#18351);
#18353=IFCDIRECTION((0.,0.,-1.));
#18354=IFCEXTRUDEDAREASOLID(#18348,#18352,#18353,0.015000006183981895);
#18355=IFCCARTESIANPOINTLIST2D(((0.,0.),(0.,2.),(0.89856541156768799,2.),(0.89856541156768799,0.),(0.82275741547346115,0.),(0.82275741547346115,1.9241920039057732),(0.075807996094226837,1.9241920039057732),(0.075807996094226837,0.)));
#18356=IFCINDEXEDPOLYCURVE(#18355,(IFCLINEINDEX((1,2,3,4,5,6,7,8,1))),$);
#18357=IFCARBITRARYCLOSEDPROFILEDEF(.AREA.,$,#18356);
#18358=IFCCARTESIANPOINT((0.,0.,0.));
#18359=IFCDIRECTION((0.,-1.,0.));
#18360=IFCDIRECTION((1.,0.,0.));
#18361=IFCAXIS2PLACEMENT3D(#18358,#18359,#18360);
#18362=IFCDIRECTION((0.,0.,-1.));
#18363=IFCEXTRUDEDAREASOLID(#18357,#18361,#18362,0.02500000037252903);
#18364=IFCCARTESIANPOINTLIST2D(((0.,0.),(0.74694941937923431,0.),(0.74694941937923431,0.10000000149011612),(0.,0.10000000149011612)));
#18365=IFCINDEXEDPOLYCURVE(#18364,(IFCLINEINDEX((1,2,3,4,1))),$);
#18366=IFCARBITRARYCLOSEDPROFILEDEF(.AREA.,$,#18365);
#18367=IFCCARTESIANPOINT((0.075807996094226837,0.,0.));
#18368=IFCDIRECTION((0.,0.,1.));
#18369=IFCDIRECTION((1.,0.,0.));
#18370=IFCAXIS2PLACEMENT3D(#18367,#18368,#18369);
#18371=IFCDIRECTION((0.,0.,1.));
#18372=IFCEXTRUDEDAREASOLID(#18366,#18370,#18371,0.02500000037252903);
#18373=IFCCARTESIANPOINTLIST2D(((0.,0.),(0.,2.),(0.89856541156768799,2.),(0.89856541156768799,0.),(0.85510174930095673,0.),(0.85510174930095673,1.9565363377332687),(0.043463662266731262,1.9565363377332687),(0.043463662266731262,0.)));
#18374=IFCINDEXEDPOLYCURVE(#18373,(IFCLINEINDEX((1,2,3,4,5,6,7,8,1))),$);
#18375=IFCARBITRARYCLOSEDPROFILEDEF(.AREA.,$,#18374);
#18376=IFCCARTESIANPOINT((0.,-0.0010000000474974513,0.));
#18377=IFCDIRECTION((0.,-1.,0.));
#18378=IFCDIRECTION((1.,0.,0.));
#18379=IFCAXIS2PLACEMENT3D(#18376,#18377,#18378);
#18380=IFCDIRECTION((0.,0.,-1.));
#18381=IFCEXTRUDEDAREASOLID(#18375,#18379,#18380,0.0010000000474974513);
#18382=IFCCARTESIANPOINTLIST2D(((0.,0.),(0.,2.),(0.89856541156768799,2.),(0.89856541156768799,0.),(0.90590974502265453,0.),(0.90590974502265453,2.0073443334549665),(-0.0073443334549665451,2.0073443334549665),(-0.0073443334549665451,0.)));
#18383=IFCINDEXEDPOLYCURVE(#18382,(IFCLINEINDEX((1,2,3,4,5,6,7,8,1))),$);
#18384=IFCARBITRARYCLOSEDPROFILEDEF(.AREA.,$,#18383);
#18385=IFCCARTESIANPOINT((0.,0.040000006556510925,0.));
#18386=IFCDIRECTION((0.,-1.,0.));
#18387=IFCDIRECTION((1.,0.,0.));
#18388=IFCAXIS2PLACEMENT3D(#18385,#18386,#18387);
#18389=IFCDIRECTION((0.,0.,-1.));
#18390=IFCEXTRUDEDAREASOLID(#18384,#18388,#18389,0.0010000000474974513);
#18391=IFCCARTESIANPOINTLIST2D(((0.,0.),(0.84856541082262993,0.),(0.84856541082262993,0.035000000149011612),(0.,0.035000000149011612)));
#18392=IFCINDEXEDPOLYCURVE(#18391,(IFCLINEINDEX((1,2,3,4,1))),$);
#18393=IFCARBITRARYCLOSEDPROFILEDEF(.AREA.,$,#18392);
#18394=IFCCARTESIANPOINT((0.02500000037252903,0.02500000037252903,0.02500000037252903));
#18395=IFCDIRECTION((0.,0.,1.));
#18396=IFCDIRECTION((1.,0.,0.));
#18397=IFCAXIS2PLACEMENT3D(#18394,#18395,#18396);
#18398=IFCDIRECTION((0.,0.,1.));
#18399=IFCEXTRUDEDAREASOLID(#18393,#18397,#18398,1.9499999992549419);
#18400=IFCCARTESIANPOINTLIST2D(((0.,0.),(0.,-0.040000000000000001),(-0.11999999999999988,-0.040000000000000001),(-0.11999999999999988,-0.02),(-0.020000000000000018,-0.02),(-0.020000000000000018,0.)));
#18401=IFCINDEXEDPOLYCURVE(#18400,(IFCLINEINDEX((1,2,3,4,5,6,1))),$);
#18402=IFCARBITRARYCLOSEDPROFILEDEF(.AREA.,$,#18401);
#18403=IFCCARTESIANPOINT((0.82356541119515891,0.02500000037252903,1.015000000372529));
#18404=IFCDIRECTION((0.,0.,1.));
#18405=IFCDIRECTION((1.,0.,0.));
#18406=IFCAXIS2PLACEMENT3D(#18403,#18404,#18405);
#18407=IFCDIRECTION((0.,0.,1.));
#18408=IFCEXTRUDEDAREASOLID(#18402,#18406,#18407,0.02);
#18409=IFCEXTRUDEDAREASOLID(#18410,#18413,#18417,0.02);
#18410=IFCARBITRARYCLOSEDPROFILEDEF(.AREA.,$,#18411);
#18411=IFCINDEXEDPOLYCURVE(#18412,(IFCLINEINDEX((1,2,3,4,5,6,1))),$);
#18412=IFCCARTESIANPOINTLIST2D(((0.,0.),(0.,0.040000000000000008),(-0.11999999999999988,0.040000000000000008),(-0.11999999999999988,0.020000000000000004),(-0.020000000000000018,0.020000000000000004),(-0.020000000000000018,0.)));
#18413=IFCAXIS2PLACEMENT3D(#18414,#18415,#18416);
#18414=IFCCARTESIANPOINT((0.82356541119515891,0.060000000521540642,1.015000000372529));
#18415=IFCDIRECTION((0.,0.,1.));
#18416=IFCDIRECTION((1.,0.,0.));
#18417=IFCDIRECTION((0.,0.,1.));
#18458=IFCDOOR('0wRNwlh2n1CBwntOz$cDBP',$,'Door',$,$,#19216,#18467,$,2.,0.88173425197601318,$,.SINGLE_SWING_RIGHT.,$);
#18459=IFCRELDEFINESBYTYPE('0dUgKh48D4PALm9id8ow08',$,$,$,(#18458),#11530);
#18460=IFCCARTESIANPOINT((0.,0.,0.));
#18461=IFCDIRECTION((1.,0.,0.));
#18462=IFCDIRECTION((0.,1.,0.));
#18463=IFCDIRECTION((0.,0.,1.));
#18464=IFCCARTESIANTRANSFORMATIONOPERATOR3D(#18461,#18462,#18460,1.,#18463);
#18465=IFCMAPPEDITEM(#11533,#18464);
#18466=IFCSHAPEREPRESENTATION(#18,'Profile','MappedRepresentation',(#18465));
#18467=IFCPRODUCTDEFINITIONSHAPE($,$,(#18466,#18474,#18481));
#18468=IFCCARTESIANPOINT((0.,0.,0.));
#18469=IFCDIRECTION((1.,0.,0.));
#18470=IFCDIRECTION((0.,1.,0.));
#18471=IFCDIRECTION((0.,0.,1.));
#18472=IFCCARTESIANTRANSFORMATIONOPERATOR3D(#18469,#18470,#18468,1.,#18471);
#18473=IFCMAPPEDITEM(#11541,#18472);
#18474=IFCSHAPEREPRESENTATION(#11,'Body','MappedRepresentation',(#18473));
#18475=IFCCARTESIANPOINT((0.,0.,0.));
#18476=IFCDIRECTION((1.,0.,0.));
#18477=IFCDIRECTION((0.,1.,0.));
#18478=IFCDIRECTION((0.,0.,1.));
#18479=IFCCARTESIANTRANSFORMATIONOPERATOR3D(#18476,#18477,#18475,1.,#18478);
#18480=IFCMAPPEDITEM(#11619,#18479);
#18481=IFCSHAPEREPRESENTATION(#24,'Body','MappedRepresentation',(#18480));
#18482=IFCOPENINGELEMENT('2_FTF6K2fCkeRdS8tJd55A',$,'Opening',$,$,#19211,#18510,$,.OPENING.);
#18498=IFCCARTESIANPOINT((0.,0.,0.));
#18499=IFCDIRECTION((1.,0.,0.));
#18500=IFCDIRECTION((0.,0.,1.));
#18501=IFCAXIS2PLACEMENT3D(#18498,#18500,#18499);
#18502=IFCREPRESENTATIONMAP(#18501,#19201);
#18503=IFCCARTESIANPOINT((0.,0.,0.));
#18504=IFCDIRECTION((1.,0.,0.));
#18505=IFCDIRECTION((0.,1.,0.));
#18506=IFCDIRECTION((0.,0.,1.));
#18507=IFCCARTESIANTRANSFORMATIONOPERATOR3D(#18504,#18505,#18503,1.,#18506);
#18508=IFCMAPPEDITEM(#18502,#18507);
#18509=IFCSHAPEREPRESENTATION(#11,'Body','MappedRepresentation',(#18508));
#18510=IFCPRODUCTDEFINITIONSHAPE($,$,(#18509));
#18511=IFCRELVOIDSELEMENT('046laMuTrBO9b1LLOPCTsd',$,$,$,#17940,#18482);
#18517=IFCRELFILLSELEMENT('3LuCBZyeT6yRh$UZPiYpfx',$,$,$,#18482,#18458);
#18526=IFCCARTESIANPOINTLIST2D(((0.,0.),(0.,2.),(0.89856541156768799,2.),(0.89856541156768799,0.),(0.87356541119515896,0.),(0.87356541119515896,1.974999999627471),(0.02500000037252903,1.974999999627471),(0.02500000037252903,0.)));
#18527=IFCINDEXEDPOLYCURVE(#18526,(IFCLINEINDEX((1,2,3,4,5,6,7,8,1))),$);
#18528=IFCARBITRARYCLOSEDPROFILEDEF(.AREA.,$,#18527);
#18529=IFCCARTESIANPOINT((0.,0.02500000037252903,0.));
#18530=IFCDIRECTION((0.,-1.,0.));
#18531=IFCDIRECTION((1.,0.,0.));
#18532=IFCAXIS2PLACEMENT3D(#18529,#18530,#18531);
#18533=IFCDIRECTION((0.,0.,-1.));
#18534=IFCEXTRUDEDAREASOLID(#18528,#18532,#18533,0.015000006183981895);
#18535=IFCCARTESIANPOINTLIST2D(((0.,0.),(0.,2.),(0.89856541156768799,2.),(0.89856541156768799,0.),(0.82275741547346115,0.),(0.82275741547346115,1.9241920039057732),(0.075807996094226837,1.9241920039057732),(0.075807996094226837,0.)));
#18536=IFCINDEXEDPOLYCURVE(#18535,(IFCLINEINDEX((1,2,3,4,5,6,7,8,1))),$);
#18537=IFCARBITRARYCLOSEDPROFILEDEF(.AREA.,$,#18536);
#18538=IFCCARTESIANPOINT((0.,0.,0.));
#18539=IFCDIRECTION((0.,-1.,0.));
#18540=IFCDIRECTION((1.,0.,0.));
#18541=IFCAXIS2PLACEMENT3D(#18538,#18539,#18540);
#18542=IFCDIRECTION((0.,0.,-1.));
#18543=IFCEXTRUDEDAREASOLID(#18537,#18541,#18542,0.02500000037252903);
#18544=IFCCARTESIANPOINTLIST2D(((0.,0.),(0.74694941937923431,0.),(0.74694941937923431,0.10000000149011612),(0.,0.10000000149011612)));
#18545=IFCINDEXEDPOLYCURVE(#18544,(IFCLINEINDEX((1,2,3,4,1))),$);
#18546=IFCARBITRARYCLOSEDPROFILEDEF(.AREA.,$,#18545);
#18547=IFCCARTESIANPOINT((0.075807996094226837,0.,0.));
#18548=IFCDIRECTION((0.,0.,1.));
#18549=IFCDIRECTION((1.,0.,0.));
#18550=IFCAXIS2PLACEMENT3D(#18547,#18548,#18549);
#18551=IFCDIRECTION((0.,0.,1.));
#18552=IFCEXTRUDEDAREASOLID(#18546,#18550,#18551,0.02500000037252903);
#18553=IFCCARTESIANPOINTLIST2D(((0.,0.),(0.,2.),(0.89856541156768799,2.),(0.89856541156768799,0.),(0.85510174930095673,0.),(0.85510174930095673,1.9565363377332687),(0.043463662266731262,1.9565363377332687),(0.043463662266731262,0.)));
#18554=IFCINDEXEDPOLYCURVE(#18553,(IFCLINEINDEX((1,2,3,4,5,6,7,8,1))),$);
#18555=IFCARBITRARYCLOSEDPROFILEDEF(.AREA.,$,#18554);
#18556=IFCCARTESIANPOINT((0.,-0.0010000000474974513,0.));
#18557=IFCDIRECTION((0.,-1.,0.));
#18558=IFCDIRECTION((1.,0.,0.));
#18559=IFCAXIS2PLACEMENT3D(#18556,#18557,#18558);
#18560=IFCDIRECTION((0.,0.,-1.));
#18561=IFCEXTRUDEDAREASOLID(#18555,#18559,#18560,0.0010000000474974513);
#18562=IFCCARTESIANPOINTLIST2D(((0.,0.),(0.,2.),(0.89856541156768799,2.),(0.89856541156768799,0.),(0.90590974502265453,0.),(0.90590974502265453,2.0073443334549665),(-0.0073443334549665451,2.0073443334549665),(-0.0073443334549665451,0.)));
#18563=IFCINDEXEDPOLYCURVE(#18562,(IFCLINEINDEX((1,2,3,4,5,6,7,8,1))),$);
#18564=IFCARBITRARYCLOSEDPROFILEDEF(.AREA.,$,#18563);
#18565=IFCCARTESIANPOINT((0.,0.040000006556510925,0.));
#18566=IFCDIRECTION((0.,-1.,0.));
#18567=IFCDIRECTION((1.,0.,0.));
#18568=IFCAXIS2PLACEMENT3D(#18565,#18566,#18567);
#18569=IFCDIRECTION((0.,0.,-1.));
#18570=IFCEXTRUDEDAREASOLID(#18564,#18568,#18569,0.0010000000474974513);
#18571=IFCCARTESIANPOINTLIST2D(((0.,0.),(0.84856541082262993,0.),(0.84856541082262993,0.035000000149011612),(0.,0.035000000149011612)));
#18572=IFCINDEXEDPOLYCURVE(#18571,(IFCLINEINDEX((1,2,3,4,1))),$);
#18573=IFCARBITRARYCLOSEDPROFILEDEF(.AREA.,$,#18572);
#18574=IFCCARTESIANPOINT((0.02500000037252903,0.02500000037252903,0.02500000037252903));
#18575=IFCDIRECTION((0.,0.,1.));
#18576=IFCDIRECTION((1.,0.,0.));
#18577=IFCAXIS2PLACEMENT3D(#18574,#18575,#18576);
#18578=IFCDIRECTION((0.,0.,1.));
#18579=IFCEXTRUDEDAREASOLID(#18573,#18577,#18578,1.9499999992549419);
#18580=IFCCARTESIANPOINTLIST2D(((0.,0.),(0.,-0.040000000000000001),(-0.11999999999999988,-0.040000000000000001),(-0.11999999999999988,-0.02),(-0.020000000000000018,-0.02),(-0.020000000000000018,0.)));
#18581=IFCINDEXEDPOLYCURVE(#18580,(IFCLINEINDEX((1,2,3,4,5,6,1))),$);
#18582=IFCARBITRARYCLOSEDPROFILEDEF(.AREA.,$,#18581);
#18583=IFCCARTESIANPOINT((0.82356541119515891,0.02500000037252903,1.015000000372529));
#18584=IFCDIRECTION((0.,0.,1.));
#18585=IFCDIRECTION((1.,0.,0.));
#18586=IFCAXIS2PLACEMENT3D(#18583,#18584,#18585);
#18587=IFCDIRECTION((0.,0.,1.));
#18588=IFCEXTRUDEDAREASOLID(#18582,#18586,#18587,0.02);
#18589=IFCEXTRUDEDAREASOLID(#18590,#18593,#18597,0.02);
#18590=IFCARBITRARYCLOSEDPROFILEDEF(.AREA.,$,#18591);
#18591=IFCINDEXEDPOLYCURVE(#18592,(IFCLINEINDEX((1,2,3,4,5,6,1))),$);
#18592=IFCCARTESIANPOINTLIST2D(((0.,0.),(0.,0.040000000000000008),(-0.11999999999999988,0.040000000000000008),(-0.11999999999999988,0.020000000000000004),(-0.020000000000000018,0.020000000000000004),(-0.020000000000000018,0.)));
#18593=IFCAXIS2PLACEMENT3D(#18594,#18595,#18596);
#18594=IFCCARTESIANPOINT((0.82356541119515891,0.060000000521540642,1.015000000372529));
#18595=IFCDIRECTION((0.,0.,1.));
#18596=IFCDIRECTION((1.,0.,0.));
#18597=IFCDIRECTION((0.,0.,1.));
#18641=IFCCARTESIANPOINTLIST2D(((0.,0.),(0.,2.),(0.89856541156768799,2.),(0.89856541156768799,0.),(0.87356541119515896,0.),(0.87356541119515896,1.974999999627471),(0.02500000037252903,1.974999999627471),(0.02500000037252903,0.)));
#18642=IFCINDEXEDPOLYCURVE(#18641,(IFCLINEINDEX((1,2,3,4,5,6,7,8,1))),$);
#18643=IFCARBITRARYCLOSEDPROFILEDEF(.AREA.,$,#18642);
#18644=IFCCARTESIANPOINT((0.,0.02500000037252903,0.));
#18645=IFCDIRECTION((0.,-1.,0.));
#18646=IFCDIRECTION((1.,0.,0.));
#18647=IFCAXIS2PLACEMENT3D(#18644,#18645,#18646);
#18648=IFCDIRECTION((0.,0.,-1.));
#18649=IFCEXTRUDEDAREASOLID(#18643,#18647,#18648,0.015000006183981895);
#18650=IFCCARTESIANPOINTLIST2D(((0.,0.),(0.,2.),(0.89856541156768799,2.),(0.89856541156768799,0.),(0.82275741547346115,0.),(0.82275741547346115,1.9241920039057732),(0.075807996094226837,1.9241920039057732),(0.075807996094226837,0.)));
#18651=IFCINDEXEDPOLYCURVE(#18650,(IFCLINEINDEX((1,2,3,4,5,6,7,8,1))),$);
#18652=IFCARBITRARYCLOSEDPROFILEDEF(.AREA.,$,#18651);
#18653=IFCCARTESIANPOINT((0.,0.,0.));
#18654=IFCDIRECTION((0.,-1.,0.));
#18655=IFCDIRECTION((1.,0.,0.));
#18656=IFCAXIS2PLACEMENT3D(#18653,#18654,#18655);
#18657=IFCDIRECTION((0.,0.,-1.));
#18658=IFCEXTRUDEDAREASOLID(#18652,#18656,#18657,0.02500000037252903);
#18659=IFCCARTESIANPOINTLIST2D(((0.,0.),(0.74694941937923431,0.),(0.74694941937923431,0.10000000149011612),(0.,0.10000000149011612)));
#18660=IFCINDEXEDPOLYCURVE(#18659,(IFCLINEINDEX((1,2,3,4,1))),$);
#18661=IFCARBITRARYCLOSEDPROFILEDEF(.AREA.,$,#18660);
#18662=IFCCARTESIANPOINT((0.075807996094226837,0.,0.));
#18663=IFCDIRECTION((0.,0.,1.));
#18664=IFCDIRECTION((1.,0.,0.));
#18665=IFCAXIS2PLACEMENT3D(#18662,#18663,#18664);
#18666=IFCDIRECTION((0.,0.,1.));
#18667=IFCEXTRUDEDAREASOLID(#18661,#18665,#18666,0.02500000037252903);
#18668=IFCCARTESIANPOINTLIST2D(((0.,0.),(0.,2.),(0.89856541156768799,2.),(0.89856541156768799,0.),(0.85510174930095673,0.),(0.85510174930095673,1.9565363377332687),(0.043463662266731262,1.9565363377332687),(0.043463662266731262,0.)));
#18669=IFCINDEXEDPOLYCURVE(#18668,(IFCLINEINDEX((1,2,3,4,5,6,7,8,1))),$);
#18670=IFCARBITRARYCLOSEDPROFILEDEF(.AREA.,$,#18669);
#18671=IFCCARTESIANPOINT((0.,-0.0010000000474974513,0.));
#18672=IFCDIRECTION((0.,-1.,0.));
#18673=IFCDIRECTION((1.,0.,0.));
#18674=IFCAXIS2PLACEMENT3D(#18671,#18672,#18673);
#18675=IFCDIRECTION((0.,0.,-1.));
#18676=IFCEXTRUDEDAREASOLID(#18670,#18674,#18675,0.0010000000474974513);
#18677=IFCCARTESIANPOINTLIST2D(((0.,0.),(0.,2.),(0.89856541156768799,2.),(0.89856541156768799,0.),(0.90590974502265453,0.),(0.90590974502265453,2.0073443334549665),(-0.0073443334549665451,2.0073443334549665),(-0.0073443334549665451,0.)));
#18678=IFCINDEXEDPOLYCURVE(#18677,(IFCLINEINDEX((1,2,3,4,5,6,7,8,1))),$);
#18679=IFCARBITRARYCLOSEDPROFILEDEF(.AREA.,$,#18678);
#18680=IFCCARTESIANPOINT((0.,0.040000006556510925,0.));
#18681=IFCDIRECTION((0.,-1.,0.));
#18682=IFCDIRECTION((1.,0.,0.));
#18683=IFCAXIS2PLACEMENT3D(#18680,#18681,#18682);
#18684=IFCDIRECTION((0.,0.,-1.));
#18685=IFCEXTRUDEDAREASOLID(#18679,#18683,#18684,0.0010000000474974513);
#18686=IFCCARTESIANPOINTLIST2D(((0.,0.),(0.84856541082262993,0.),(0.84856541082262993,0.035000000149011612),(0.,0.035000000149011612)));
#18687=IFCINDEXEDPOLYCURVE(#18686,(IFCLINEINDEX((1,2,3,4,1))),$);
#18688=IFCARBITRARYCLOSEDPROFILEDEF(.AREA.,$,#18687);
#18689=IFCCARTESIANPOINT((0.02500000037252903,0.02500000037252903,0.02500000037252903));
#18690=IFCDIRECTION((0.,0.,1.));
#18691=IFCDIRECTION((1.,0.,0.));
#18692=IFCAXIS2PLACEMENT3D(#18689,#18690,#18691);
#18693=IFCDIRECTION((0.,0.,1.));
#18694=IFCEXTRUDEDAREASOLID(#18688,#18692,#18693,1.9499999992549419);
#18695=IFCCARTESIANPOINTLIST2D(((0.,0.),(0.,-0.040000000000000001),(-0.11999999999999988,-0.040000000000000001),(-0.11999999999999988,-0.02),(-0.020000000000000018,-0.02),(-0.020000000000000018,0.)));
#18696=IFCINDEXEDPOLYCURVE(#18695,(IFCLINEINDEX((1,2,3,4,5,6,1))),$);
#18697=IFCARBITRARYCLOSEDPROFILEDEF(.AREA.,$,#18696);
#18698=IFCCARTESIANPOINT((0.82356541119515891,0.02500000037252903,1.015000000372529));
#18699=IFCDIRECTION((0.,0.,1.));
#18700=IFCDIRECTION((1.,0.,0.));
#18701=IFCAXIS2PLACEMENT3D(#18698,#18699,#18700);
#18702=IFCDIRECTION((0.,0.,1.));
#18703=IFCEXTRUDEDAREASOLID(#18697,#18701,#18702,0.02);
#18704=IFCEXTRUDEDAREASOLID(#18705,#18708,#18712,0.02);
#18705=IFCARBITRARYCLOSEDPROFILEDEF(.AREA.,$,#18706);
#18706=IFCINDEXEDPOLYCURVE(#18707,(IFCLINEINDEX((1,2,3,4,5,6,1))),$);
#18707=IFCCARTESIANPOINTLIST2D(((0.,0.),(0.,0.040000000000000008),(-0.11999999999999988,0.040000000000000008),(-0.11999999999999988,0.020000000000000004),(-0.020000000000000018,0.020000000000000004),(-0.020000000000000018,0.)));
#18708=IFCAXIS2PLACEMENT3D(#18709,#18710,#18711);
#18709=IFCCARTESIANPOINT((0.82356541119515891,0.060000000521540642,1.015000000372529));
#18710=IFCDIRECTION((0.,0.,1.));
#18711=IFCDIRECTION((1.,0.,0.));
#18712=IFCDIRECTION((0.,0.,1.));
#18756=IFCCARTESIANPOINTLIST2D(((0.,0.),(0.,2.),(0.88173425197601318,2.),(0.88173425197601318,0.),(0.85673425160348415,0.),(0.85673425160348415,1.974999999627471),(0.02500000037252903,1.974999999627471),(0.02500000037252903,0.)));
#18757=IFCINDEXEDPOLYCURVE(#18756,(IFCLINEINDEX((1,2,3,4,5,6,7,8,1))),$);
#18758=IFCARBITRARYCLOSEDPROFILEDEF(.AREA.,$,#18757);
#18759=IFCCARTESIANPOINT((0.,0.02500000037252903,0.));
#18760=IFCDIRECTION((0.,-1.,0.));
#18761=IFCDIRECTION((1.,0.,0.));
#18762=IFCAXIS2PLACEMENT3D(#18759,#18760,#18761);
#18763=IFCDIRECTION((0.,0.,-1.));
#18764=IFCEXTRUDEDAREASOLID(#18758,#18762,#18763,0.015000006183981895);
#18765=IFCCARTESIANPOINTLIST2D(((0.,0.),(0.,2.),(0.88173425197601318,2.),(0.88173425197601318,0.),(0.80592625588178635,0.),(0.80592625588178635,1.9241920039057732),(0.075807996094226837,1.9241920039057732),(0.075807996094226837,0.)));
#18766=IFCINDEXEDPOLYCURVE(#18765,(IFCLINEINDEX((1,2,3,4,5,6,7,8,1))),$);
#18767=IFCARBITRARYCLOSEDPROFILEDEF(.AREA.,$,#18766);
#18768=IFCCARTESIANPOINT((0.,0.,0.));
#18769=IFCDIRECTION((0.,-1.,0.));
#18770=IFCDIRECTION((1.,0.,0.));
#18771=IFCAXIS2PLACEMENT3D(#18768,#18769,#18770);
#18772=IFCDIRECTION((0.,0.,-1.));
#18773=IFCEXTRUDEDAREASOLID(#18767,#18771,#18772,0.02500000037252903);
#18774=IFCCARTESIANPOINTLIST2D(((0.,0.),(0.73011825978755951,0.),(0.73011825978755951,0.10000000149011612),(0.,0.10000000149011612)));
#18775=IFCINDEXEDPOLYCURVE(#18774,(IFCLINEINDEX((1,2,3,4,1))),$);
#18776=IFCARBITRARYCLOSEDPROFILEDEF(.AREA.,$,#18775);
#18777=IFCCARTESIANPOINT((0.075807996094226837,0.,0.));
#18778=IFCDIRECTION((0.,0.,1.));
#18779=IFCDIRECTION((1.,0.,0.));
#18780=IFCAXIS2PLACEMENT3D(#18777,#18778,#18779);
#18781=IFCDIRECTION((0.,0.,1.));
#18782=IFCEXTRUDEDAREASOLID(#18776,#18780,#18781,0.02500000037252903);
#18783=IFCCARTESIANPOINTLIST2D(((0.,0.),(0.,2.),(0.88173425197601318,2.),(0.88173425197601318,0.),(0.81444160640239716,0.),(0.81444160640239716,1.932707354426384),(0.067292645573616028,1.932707354426384),(0.067292645573616028,0.)));
#18784=IFCINDEXEDPOLYCURVE(#18783,(IFCLINEINDEX((1,2,3,4,5,6,7,8,1))),$);
#18785=IFCARBITRARYCLOSEDPROFILEDEF(.AREA.,$,#18784);
#18786=IFCCARTESIANPOINT((0.,-0.0010000000474974513,0.));
#18787=IFCDIRECTION((0.,-1.,0.));
#18788=IFCDIRECTION((1.,0.,0.));
#18789=IFCAXIS2PLACEMENT3D(#18786,#18787,#18788);
#18790=IFCDIRECTION((0.,0.,-1.));
#18791=IFCEXTRUDEDAREASOLID(#18785,#18789,#18790,0.0010000000474974513);
#18792=IFCCARTESIANPOINTLIST2D(((0.,0.),(0.,2.),(0.88173425197601318,2.),(0.88173425197601318,0.),(0.86524960212409496,0.),(0.86524960212409496,1.9835153501480818),(0.016484649851918221,1.9835153501480818),(0.016484649851918221,0.)));
#18793=IFCINDEXEDPOLYCURVE(#18792,(IFCLINEINDEX((1,2,3,4,5,6,7,8,1))),$);
#18794=IFCARBITRARYCLOSEDPROFILEDEF(.AREA.,$,#18793);
#18795=IFCCARTESIANPOINT((0.,0.040000006556510925,0.));
#18796=IFCDIRECTION((0.,-1.,0.));
#18797=IFCDIRECTION((1.,0.,0.));
#18798=IFCAXIS2PLACEMENT3D(#18795,#18796,#18797);
#18799=IFCDIRECTION((0.,0.,-1.));
#18800=IFCEXTRUDEDAREASOLID(#18794,#18798,#18799,0.0010000000474974513);
#18801=IFCCARTESIANPOINTLIST2D(((0.,0.),(0.83173425123095512,0.),(0.83173425123095512,0.035000000149011612),(0.,0.035000000149011612)));
#18802=IFCINDEXEDPOLYCURVE(#18801,(IFCLINEINDEX((1,2,3,4,1))),$);
#18803=IFCARBITRARYCLOSEDPROFILEDEF(.AREA.,$,#18802);
#18804=IFCCARTESIANPOINT((0.02500000037252903,0.02500000037252903,0.02500000037252903));
#18805=IFCDIRECTION((0.,0.,1.));
#18806=IFCDIRECTION((1.,0.,0.));
#18807=IFCAXIS2PLACEMENT3D(#18804,#18805,#18806);
#18808=IFCDIRECTION((0.,0.,1.));
#18809=IFCEXTRUDEDAREASOLID(#18803,#18807,#18808,1.9499999992549419);
#18810=IFCCARTESIANPOINTLIST2D(((0.,0.),(0.,-0.040000000000000001),(0.12,-0.040000000000000001),(0.12,-0.02),(0.02,-0.02),(0.02,0.)));
#18811=IFCINDEXEDPOLYCURVE(#18810,(IFCLINEINDEX((1,2,3,4,5,6,1))),$);
#18812=IFCARBITRARYCLOSEDPROFILEDEF(.AREA.,$,#18811);
#18813=IFCCARTESIANPOINT((0.075000000372529033,0.02500000037252903,1.015000000372529));
#18814=IFCDIRECTION((0.,0.,1.));
#18815=IFCDIRECTION((1.,0.,0.));
#18816=IFCAXIS2PLACEMENT3D(#18813,#18814,#18815);
#18817=IFCDIRECTION((0.,0.,1.));
#18818=IFCEXTRUDEDAREASOLID(#18812,#18816,#18817,0.02);
#18819=IFCEXTRUDEDAREASOLID(#18820,#18823,#18827,0.02);
#18820=IFCARBITRARYCLOSEDPROFILEDEF(.AREA.,$,#18821);
#18821=IFCINDEXEDPOLYCURVE(#18822,(IFCLINEINDEX((1,2,3,4,5,6,1))),$);
#18822=IFCCARTESIANPOINTLIST2D(((0.,0.),(0.,0.040000000000000008),(0.11999999999999998,0.040000000000000008),(0.11999999999999998,0.020000000000000004),(0.020000000000000004,0.020000000000000004),(0.020000000000000004,0.)));
#18823=IFCAXIS2PLACEMENT3D(#18824,#18825,#18826);
#18824=IFCCARTESIANPOINT((0.075000000372529033,0.060000000521540642,1.015000000372529));
#18825=IFCDIRECTION((0.,0.,1.));
#18826=IFCDIRECTION((1.,0.,0.));
#18827=IFCDIRECTION((0.,0.,1.));
#18829=IFCSHAPEREPRESENTATION(#11,'Body','SweptSolid',(#18764,#18773,#18901,#19113,#19149,#18791,#18919,#18892,#19131,#19140,#18782,#18910,#18883,#19122,#18800));
#18830=IFCSHAPEASPECT((#18829),'Lining',$,.T.,#18467);
#18831=IFCSHAPEREPRESENTATION(#11,'Body','SweptSolid',(#18818,#18938,#19168,#19158,#19167,#18809,#18937,#18819,#18928));
#18832=IFCSHAPEASPECT((#18831),'Framing',$,.T.,#18467);
#18875=IFCCARTESIANPOINTLIST2D(((0.,0.),(0.,2.),(0.88173425197601318,2.),(0.88173425197601318,0.),(0.85673425160348415,0.),(0.85673425160348415,1.974999999627471),(0.02500000037252903,1.974999999627471),(0.02500000037252903,0.)));
#18876=IFCINDEXEDPOLYCURVE(#18875,(IFCLINEINDEX((1,2,3,4,5,6,7,8,1))),$);
#18877=IFCARBITRARYCLOSEDPROFILEDEF(.AREA.,$,#18876);
#18878=IFCCARTESIANPOINT((0.,0.02500000037252903,0.));
#18879=IFCDIRECTION((0.,-1.,0.));
#18880=IFCDIRECTION((1.,0.,0.));
#18881=IFCAXIS2PLACEMENT3D(#18878,#18879,#18880);
#18882=IFCDIRECTION((0.,0.,-1.));
#18883=IFCEXTRUDEDAREASOLID(#18877,#18881,#18882,0.015000006183981895);
#18884=IFCCARTESIANPOINTLIST2D(((0.,0.),(0.,2.),(0.88173425197601318,2.),(0.88173425197601318,0.),(0.80592625588178635,0.),(0.80592625588178635,1.9241920039057732),(0.075807996094226837,1.9241920039057732),(0.075807996094226837,0.)));
#18885=IFCINDEXEDPOLYCURVE(#18884,(IFCLINEINDEX((1,2,3,4,5,6,7,8,1))),$);
#18886=IFCARBITRARYCLOSEDPROFILEDEF(.AREA.,$,#18885);
#18887=IFCCARTESIANPOINT((0.,0.,0.));
#18888=IFCDIRECTION((0.,-1.,0.));
#18889=IFCDIRECTION((1.,0.,0.));
#18890=IFCAXIS2PLACEMENT3D(#18887,#18888,#18889);
#18891=IFCDIRECTION((0.,0.,-1.));
#18892=IFCEXTRUDEDAREASOLID(#18886,#18890,#18891,0.02500000037252903);
#18893=IFCCARTESIANPOINTLIST2D(((0.,0.),(0.73011825978755951,0.),(0.73011825978755951,0.10000000149011612),(0.,0.10000000149011612)));
#18894=IFCINDEXEDPOLYCURVE(#18893,(IFCLINEINDEX((1,2,3,4,1))),$);
#18895=IFCARBITRARYCLOSEDPROFILEDEF(.AREA.,$,#18894);
#18896=IFCCARTESIANPOINT((0.075807996094226837,0.,0.));
#18897=IFCDIRECTION((0.,0.,1.));
#18898=IFCDIRECTION((1.,0.,0.));
#18899=IFCAXIS2PLACEMENT3D(#18896,#18897,#18898);
#18900=IFCDIRECTION((0.,0.,1.));
#18901=IFCEXTRUDEDAREASOLID(#18895,#18899,#18900,0.02500000037252903);
#18902=IFCCARTESIANPOINTLIST2D(((0.,0.),(0.,2.),(0.88173425197601318,2.),(0.88173425197601318,0.),(0.81444160640239716,0.),(0.81444160640239716,1.932707354426384),(0.067292645573616028,1.932707354426384),(0.067292645573616028,0.)));
#18903=IFCINDEXEDPOLYCURVE(#18902,(IFCLINEINDEX((1,2,3,4,5,6,7,8,1))),$);
#18904=IFCARBITRARYCLOSEDPROFILEDEF(.AREA.,$,#18903);
#18905=IFCCARTESIANPOINT((0.,-0.0010000000474974513,0.));
#18906=IFCDIRECTION((0.,-1.,0.));
#18907=IFCDIRECTION((1.,0.,0.));
#18908=IFCAXIS2PLACEMENT3D(#18905,#18906,#18907);
#18909=IFCDIRECTION((0.,0.,-1.));
#18910=IFCEXTRUDEDAREASOLID(#18904,#18908,#18909,0.0010000000474974513);
#18911=IFCCARTESIANPOINTLIST2D(((0.,0.),(0.,2.),(0.88173425197601318,2.),(0.88173425197601318,0.),(0.86524960212409496,0.),(0.86524960212409496,1.9835153501480818),(0.016484649851918221,1.9835153501480818),(0.016484649851918221,0.)));
#18912=IFCINDEXEDPOLYCURVE(#18911,(IFCLINEINDEX((1,2,3,4,5,6,7,8,1))),$);
#18913=IFCARBITRARYCLOSEDPROFILEDEF(.AREA.,$,#18912);
#18914=IFCCARTESIANPOINT((0.,0.040000006556510925,0.));
#18915=IFCDIRECTION((0.,-1.,0.));
#18916=IFCDIRECTION((1.,0.,0.));
#18917=IFCAXIS2PLACEMENT3D(#18914,#18915,#18916);
#18918=IFCDIRECTION((0.,0.,-1.));
#18919=IFCEXTRUDEDAREASOLID(#18913,#18917,#18918,0.0010000000474974513);
#18920=IFCCARTESIANPOINTLIST2D(((0.,0.),(0.83173425123095512,0.),(0.83173425123095512,0.035000000149011612),(0.,0.035000000149011612)));
#18921=IFCINDEXEDPOLYCURVE(#18920,(IFCLINEINDEX((1,2,3,4,1))),$);
#18922=IFCARBITRARYCLOSEDPROFILEDEF(.AREA.,$,#18921);
#18923=IFCCARTESIANPOINT((0.02500000037252903,0.02500000037252903,0.02500000037252903));
#18924=IFCDIRECTION((0.,0.,1.));
#18925=IFCDIRECTION((1.,0.,0.));
#18926=IFCAXIS2PLACEMENT3D(#18923,#18924,#18925);
#18927=IFCDIRECTION((0.,0.,1.));
#18928=IFCEXTRUDEDAREASOLID(#18922,#18926,#18927,1.9499999992549419);
#18929=IFCCARTESIANPOINTLIST2D(((0.,0.),(0.,-0.040000000000000001),(0.12,-0.040000000000000001),(0.12,-0.02),(0.02,-0.02),(0.02,0.)));
#18930=IFCINDEXEDPOLYCURVE(#18929,(IFCLINEINDEX((1,2,3,4,5,6,1))),$);
#18931=IFCARBITRARYCLOSEDPROFILEDEF(.AREA.,$,#18930);
#18932=IFCCARTESIANPOINT((0.075000000372529033,0.02500000037252903,1.015000000372529));
#18933=IFCDIRECTION((0.,0.,1.));
#18934=IFCDIRECTION((1.,0.,0.));
#18935=IFCAXIS2PLACEMENT3D(#18932,#18933,#18934);
#18936=IFCDIRECTION((0.,0.,1.));
#18937=IFCEXTRUDEDAREASOLID(#18931,#18935,#18936,0.02);
#18938=IFCEXTRUDEDAREASOLID(#18939,#18942,#18946,0.02);
#18939=IFCARBITRARYCLOSEDPROFILEDEF(.AREA.,$,#18940);
#18940=IFCINDEXEDPOLYCURVE(#18941,(IFCLINEINDEX((1,2,3,4,5,6,1))),$);
#18941=IFCCARTESIANPOINTLIST2D(((0.,0.),(0.,0.040000000000000008),(0.11999999999999998,0.040000000000000008),(0.11999999999999998,0.020000000000000004),(0.020000000000000004,0.020000000000000004),(0.020000000000000004,0.)));
#18942=IFCAXIS2PLACEMENT3D(#18943,#18944,#18945);
#18943=IFCCARTESIANPOINT((0.075000000372529033,0.060000000521540642,1.015000000372529));
#18944=IFCDIRECTION((0.,0.,1.));
#18945=IFCDIRECTION((1.,0.,0.));
#18946=IFCDIRECTION((0.,0.,1.));
#18987=IFCCARTESIANPOINTLIST3D(((0.,0.,0.),(0.89856541156768799,0.,0.),(0.89856541156768799,0.,2.),(0.,0.,2.)));
#18988=IFCINDEXEDPOLYCURVE(#18987,(IFCLINEINDEX((1,2,3,4,1))),$);
#18989=IFCSHAPEREPRESENTATION(#18,'Profile','Curve3D',(#18988));
#18990=IFCCARTESIANPOINTLIST2D(((0.,0.),(0.,2.),(0.89856541156768799,2.),(0.89856541156768799,0.),(0.87356541119515896,0.),(0.87356541119515896,1.974999999627471),(0.02500000037252903,1.974999999627471),(0.02500000037252903,0.)));
#18991=IFCINDEXEDPOLYCURVE(#18990,(IFCLINEINDEX((1,2,3,4,5,6,7,8,1))),$);
#18992=IFCARBITRARYCLOSEDPROFILEDEF(.AREA.,$,#18991);
#18993=IFCCARTESIANPOINT((0.,0.02500000037252903,0.));
#18994=IFCDIRECTION((0.,-1.,0.));
#18995=IFCDIRECTION((1.,0.,0.));
#18996=IFCAXIS2PLACEMENT3D(#18993,#18994,#18995);
#18997=IFCDIRECTION((0.,0.,-1.));
#18998=IFCEXTRUDEDAREASOLID(#18992,#18996,#18997,0.015000006183981895);
#18999=IFCCARTESIANPOINTLIST2D(((0.,0.),(0.,2.),(0.89856541156768799,2.),(0.89856541156768799,0.),(0.82275741547346115,0.),(0.82275741547346115,1.9241920039057732),(0.075807996094226837,1.9241920039057732),(0.075807996094226837,0.)));
#19000=IFCINDEXEDPOLYCURVE(#18999,(IFCLINEINDEX((1,2,3,4,5,6,7,8,1))),$);
#19001=IFCARBITRARYCLOSEDPROFILEDEF(.AREA.,$,#19000);
#19002=IFCCARTESIANPOINT((0.,0.,0.));
#19003=IFCDIRECTION((0.,-1.,0.));
#19004=IFCDIRECTION((1.,0.,0.));
#19005=IFCAXIS2PLACEMENT3D(#19002,#19003,#19004);
#19006=IFCDIRECTION((0.,0.,-1.));
#19007=IFCEXTRUDEDAREASOLID(#19001,#19005,#19006,0.02500000037252903);
#19008=IFCCARTESIANPOINTLIST2D(((0.,0.),(0.74694941937923431,0.),(0.74694941937923431,0.10000000149011612),(0.,0.10000000149011612)));
#19009=IFCINDEXEDPOLYCURVE(#19008,(IFCLINEINDEX((1,2,3,4,1))),$);
#19010=IFCARBITRARYCLOSEDPROFILEDEF(.AREA.,$,#19009);
#19011=IFCCARTESIANPOINT((0.075807996094226837,0.,0.));
#19012=IFCDIRECTION((0.,0.,1.));
#19013=IFCDIRECTION((1.,0.,0.));
#19014=IFCAXIS2PLACEMENT3D(#19011,#19012,#19013);
#19015=IFCDIRECTION((0.,0.,1.));
#19016=IFCEXTRUDEDAREASOLID(#19010,#19014,#19015,0.02500000037252903);
#19017=IFCCARTESIANPOINTLIST2D(((0.,0.),(0.,2.),(0.89856541156768799,2.),(0.89856541156768799,0.),(0.85510174930095673,0.),(0.85510174930095673,1.9565363377332687),(0.043463662266731262,1.9565363377332687),(0.043463662266731262,0.)));
#19018=IFCINDEXEDPOLYCURVE(#19017,(IFCLINEINDEX((1,2,3,4,5,6,7,8,1))),$);
#19019=IFCARBITRARYCLOSEDPROFILEDEF(.AREA.,$,#19018);
#19020=IFCCARTESIANPOINT((0.,-0.0010000000474974513,0.));
#19021=IFCDIRECTION((0.,-1.,0.));
#19022=IFCDIRECTION((1.,0.,0.));
#19023=IFCAXIS2PLACEMENT3D(#19020,#19021,#19022);
#19024=IFCDIRECTION((0.,0.,-1.));
#19025=IFCEXTRUDEDAREASOLID(#19019,#19023,#19024,0.0010000000474974513);
#19026=IFCCARTESIANPOINTLIST2D(((0.,0.),(0.,2.),(0.89856541156768799,2.),(0.89856541156768799,0.),(0.90590974502265453,0.),(0.90590974502265453,2.0073443334549665),(-0.0073443334549665451,2.0073443334549665),(-0.0073443334549665451,0.)));
#19027=IFCINDEXEDPOLYCURVE(#19026,(IFCLINEINDEX((1,2,3,4,5,6,7,8,1))),$);
#19028=IFCARBITRARYCLOSEDPROFILEDEF(.AREA.,$,#19027);
#19029=IFCCARTESIANPOINT((0.,0.040000006556510925,0.));
#19030=IFCDIRECTION((0.,-1.,0.));
#19031=IFCDIRECTION((1.,0.,0.));
#19032=IFCAXIS2PLACEMENT3D(#19029,#19030,#19031);
#19033=IFCDIRECTION((0.,0.,-1.));
#19034=IFCEXTRUDEDAREASOLID(#19028,#19032,#19033,0.0010000000474974513);
#19035=IFCCARTESIANPOINTLIST2D(((0.,0.),(0.84856541082262993,0.),(0.84856541082262993,0.035000000149011612),(0.,0.035000000149011612)));
#19036=IFCINDEXEDPOLYCURVE(#19035,(IFCLINEINDEX((1,2,3,4,1))),$);
#19037=IFCARBITRARYCLOSEDPROFILEDEF(.AREA.,$,#19036);
#19038=IFCCARTESIANPOINT((0.02500000037252903,0.02500000037252903,0.02500000037252903));
#19039=IFCDIRECTION((0.,0.,1.));
#19040=IFCDIRECTION((1.,0.,0.));
#19041=IFCAXIS2PLACEMENT3D(#19038,#19039,#19040);
#19042=IFCDIRECTION((0.,0.,1.));
#19043=IFCEXTRUDEDAREASOLID(#19037,#19041,#19042,1.9499999992549419);
#19044=IFCCARTESIANPOINTLIST2D(((0.,0.),(0.,-0.040000000000000001),(-0.11999999999999988,-0.040000000000000001),(-0.11999999999999988,-0.02),(-0.020000000000000018,-0.02),(-0.020000000000000018,0.)));
#19045=IFCINDEXEDPOLYCURVE(#19044,(IFCLINEINDEX((1,2,3,4,5,6,1))),$);
#19046=IFCARBITRARYCLOSEDPROFILEDEF(.AREA.,$,#19045);
#19047=IFCCARTESIANPOINT((0.82356541119515891,0.02500000037252903,1.015000000372529));
#19048=IFCDIRECTION((0.,0.,1.));
#19049=IFCDIRECTION((1.,0.,0.));
#19050=IFCAXIS2PLACEMENT3D(#19047,#19048,#19049);
#19051=IFCDIRECTION((0.,0.,1.));
#19052=IFCEXTRUDEDAREASOLID(#19046,#19050,#19051,0.02);
#19053=IFCEXTRUDEDAREASOLID(#19054,#19057,#19061,0.02);
#19054=IFCARBITRARYCLOSEDPROFILEDEF(.AREA.,$,#19055);
#19055=IFCINDEXEDPOLYCURVE(#19056,(IFCLINEINDEX((1,2,3,4,5,6,1))),$);
#19056=IFCCARTESIANPOINTLIST2D(((0.,0.),(0.,0.040000000000000008),(-0.11999999999999988,0.040000000000000008),(-0.11999999999999988,0.020000000000000004),(-0.020000000000000018,0.020000000000000004),(-0.020000000000000018,0.)));
#19057=IFCAXIS2PLACEMENT3D(#19058,#19059,#19060);
#19058=IFCCARTESIANPOINT((0.82356541119515891,0.060000000521540642,1.015000000372529));
#19059=IFCDIRECTION((0.,0.,1.));
#19060=IFCDIRECTION((1.,0.,0.));
#19061=IFCDIRECTION((0.,0.,1.));
#19062=IFCSHAPEREPRESENTATION(#11,'Body','SweptSolid',(#18998,#19007,#19043,#19052,#19053,#19016,#19025,#19034));
#19063=IFCCARTESIANPOINTLIST2D(((0.,0.),(0.,0.040000006556510925),(0.02500000037252903,0.040000006556510925),(0.02500000037252903,0.02500000037252903),(0.075807996094226837,0.02500000037252903),(0.075807996094226837,0.)));
#19064=IFCINDEXEDPOLYCURVE(#19063,(IFCLINEINDEX((1,2,3,4,5,6,1))),$);
#19065=IFCINDEXEDPOLYCURVE(#19066,(IFCLINEINDEX((1,2,3,4,5,6,1))),$);
#19066=IFCCARTESIANPOINTLIST2D(((0.89856541156768799,0.),(0.89856541156768799,0.040000006556510925),(0.87356541119515896,0.040000006556510925),(0.87356541119515896,0.02500000037252903),(0.82275741547346115,0.02500000037252903),(0.82275741547346115,0.)));
#19067=IFCDIRECTION((1.,0.));
#19068=IFCCARTESIANPOINT((0.060000000521540642,0.040000006556510925));
#19069=IFCAXIS2PLACEMENT2D(#19068,#19067);
#19070=IFCELLIPSE(#19069,0.81356541067361832,0.84856541082262993);
#19071=IFCCARTESIANPOINT((0.87356541119515896,0.040000006556510925));
#19072=IFCCARTESIANPOINT((0.060000000521540642,0.88856541737914085));
#19073=IFCTRIMMEDCURVE(#19070,(#19071),(#19072),.T.,.CARTESIAN.);
#19074=IFCCARTESIANPOINTLIST2D(((0.02500000037252903,0.040000006556510925),(0.060000000521540642,0.040000006556510925),(0.060000000521540642,0.88856541737914085),(0.02500000037252903,0.88856541737914085)));
#19075=IFCINDEXEDPOLYCURVE(#19074,(IFCLINEINDEX((1,2,3,4,1))),$);
#19076=IFCSHAPEREPRESENTATION(#24,'Body','Curve2D',(#19064,#19065,#19073,#19075));
#19077=IFCCARTESIANPOINTLIST2D(((0.,0.),(0.89856541156768799,0.),(0.89856541156768799,2.),(0.,2.)));
#19078=IFCINDEXEDPOLYCURVE(#19077,(IFCLINEINDEX((1,2,3,4,1))),$);
#19079=IFCARBITRARYCLOSEDPROFILEDEF(.AREA.,$,#19078);
#19080=IFCCARTESIANPOINT((0.,-0.60000002384185791,0.));
#19081=IFCDIRECTION((0.,-1.,0.));
#19082=IFCDIRECTION((1.,0.,0.));
#19083=IFCAXIS2PLACEMENT3D(#19080,#19081,#19082);
#19084=IFCDIRECTION((0.,0.,-1.));
#19085=IFCEXTRUDEDAREASOLID(#19079,#19083,#19084,1.2);
#19086=IFCSHAPEREPRESENTATION(#11,'Body','SweptSolid',(#19085));
#19092=IFCCARTESIANPOINT((2.8140146239058006,0.10000040011926931,0.));
#19093=IFCDIRECTION((0.,0.,1.));
#19094=IFCDIRECTION((-0.99999999999999956,3.1786839826184572E-08,0.));
#19095=IFCAXIS2PLACEMENT3D(#19092,#19093,#19094);
#19096=IFCLOCALPLACEMENT(#18028,#19095);
#19097=IFCCARTESIANPOINT((-1.3322676295501878E-15,1.1102230246251565E-16,0.));
#19098=IFCDIRECTION((0.,0.,1.));
#19099=IFCDIRECTION((1.,-8.4703294725430034E-22,0.));
#19100=IFCAXIS2PLACEMENT3D(#19097,#19098,#19099);
#19101=IFCLOCALPLACEMENT(#19096,#19100);
#19102=IFCCARTESIANPOINTLIST3D(((0.,0.,0.),(0.88173425197601318,0.,0.),(0.88173425197601318,0.,2.),(0.,0.,2.)));
#19103=IFCINDEXEDPOLYCURVE(#19102,(IFCLINEINDEX((1,2,3,4,1))),$);
#19104=IFCSHAPEREPRESENTATION(#18,'Profile','Curve3D',(#19103));
#19105=IFCCARTESIANPOINTLIST2D(((0.,0.),(0.,2.),(0.88173425197601318,2.),(0.88173425197601318,0.),(0.85673425160348415,0.),(0.85673425160348415,1.974999999627471),(0.02500000037252903,1.974999999627471),(0.02500000037252903,0.)));
#19106=IFCINDEXEDPOLYCURVE(#19105,(IFCLINEINDEX((1,2,3,4,5,6,7,8,1))),$);
#19107=IFCARBITRARYCLOSEDPROFILEDEF(.AREA.,$,#19106);
#19108=IFCCARTESIANPOINT((0.,0.02500000037252903,0.));
#19109=IFCDIRECTION((0.,-1.,0.));
#19110=IFCDIRECTION((1.,0.,0.));
#19111=IFCAXIS2PLACEMENT3D(#19108,#19109,#19110);
#19112=IFCDIRECTION((0.,0.,-1.));
#19113=IFCEXTRUDEDAREASOLID(#19107,#19111,#19112,0.015000006183981895);
#19114=IFCCARTESIANPOINTLIST2D(((0.,0.),(0.,2.),(0.88173425197601318,2.),(0.88173425197601318,0.),(0.80592625588178635,0.),(0.80592625588178635,1.9241920039057732),(0.075807996094226837,1.9241920039057732),(0.075807996094226837,0.)));
#19115=IFCINDEXEDPOLYCURVE(#19114,(IFCLINEINDEX((1,2,3,4,5,6,7,8,1))),$);
#19116=IFCARBITRARYCLOSEDPROFILEDEF(.AREA.,$,#19115);
#19117=IFCCARTESIANPOINT((0.,0.,0.));
#19118=IFCDIRECTION((0.,-1.,0.));
#19119=IFCDIRECTION((1.,0.,0.));
#19120=IFCAXIS2PLACEMENT3D(#19117,#19118,#19119);
#19121=IFCDIRECTION((0.,0.,-1.));
#19122=IFCEXTRUDEDAREASOLID(#19116,#19120,#19121,0.02500000037252903);
#19123=IFCCARTESIANPOINTLIST2D(((0.,0.),(0.73011825978755951,0.),(0.73011825978755951,0.10000000149011612),(0.,0.10000000149011612)));
#19124=IFCINDEXEDPOLYCURVE(#19123,(IFCLINEINDEX((1,2,3,4,1))),$);
#19125=IFCARBITRARYCLOSEDPROFILEDEF(.AREA.,$,#19124);
#19126=IFCCARTESIANPOINT((0.075807996094226837,0.,0.));
#19127=IFCDIRECTION((0.,0.,1.));
#19128=IFCDIRECTION((1.,0.,0.));
#19129=IFCAXIS2PLACEMENT3D(#19126,#19127,#19128);
#19130=IFCDIRECTION((0.,0.,1.));
#19131=IFCEXTRUDEDAREASOLID(#19125,#19129,#19130,0.02500000037252903);
#19132=IFCCARTESIANPOINTLIST2D(((0.,0.),(0.,2.),(0.88173425197601318,2.),(0.88173425197601318,0.),(0.81444160640239716,0.),(0.81444160640239716,1.932707354426384),(0.067292645573616028,1.932707354426384),(0.067292645573616028,0.)));
#19133=IFCINDEXEDPOLYCURVE(#19132,(IFCLINEINDEX((1,2,3,4,5,6,7,8,1))),$);
#19134=IFCARBITRARYCLOSEDPROFILEDEF(.AREA.,$,#19133);
#19135=IFCCARTESIANPOINT((0.,-0.0010000000474974513,0.));
#19136=IFCDIRECTION((0.,-1.,0.));
#19137=IFCDIRECTION((1.,0.,0.));
#19138=IFCAXIS2PLACEMENT3D(#19135,#19136,#19137);
#19139=IFCDIRECTION((0.,0.,-1.));
#19140=IFCEXTRUDEDAREASOLID(#19134,#19138,#19139,0.0010000000474974513);
#19141=IFCCARTESIANPOINTLIST2D(((0.,0.),(0.,2.),(0.88173425197601318,2.),(0.88173425197601318,0.),(0.86524960212409496,0.),(0.86524960212409496,1.9835153501480818),(0.016484649851918221,1.9835153501480818),(0.016484649851918221,0.)));
#19142=IFCINDEXEDPOLYCURVE(#19141,(IFCLINEINDEX((1,2,3,4,5,6,7,8,1))),$);
#19143=IFCARBITRARYCLOSEDPROFILEDEF(.AREA.,$,#19142);
#19144=IFCCARTESIANPOINT((0.,0.040000006556510925,0.));
#19145=IFCDIRECTION((0.,-1.,0.));
#19146=IFCDIRECTION((1.,0.,0.));
#19147=IFCAXIS2PLACEMENT3D(#19144,#19145,#19146);
#19148=IFCDIRECTION((0.,0.,-1.));
#19149=IFCEXTRUDEDAREASOLID(#19143,#19147,#19148,0.0010000000474974513);
#19150=IFCCARTESIANPOINTLIST2D(((0.,0.),(0.83173425123095512,0.),(0.83173425123095512,0.035000000149011612),(0.,0.035000000149011612)));
#19151=IFCINDEXEDPOLYCURVE(#19150,(IFCLINEINDEX((1,2,3,4,1))),$);
#19152=IFCARBITRARYCLOSEDPROFILEDEF(.AREA.,$,#19151);
#19153=IFCCARTESIANPOINT((0.02500000037252903,0.02500000037252903,0.02500000037252903));
#19154=IFCDIRECTION((0.,0.,1.));
#19155=IFCDIRECTION((1.,0.,0.));
#19156=IFCAXIS2PLACEMENT3D(#19153,#19154,#19155);
#19157=IFCDIRECTION((0.,0.,1.));
#19158=IFCEXTRUDEDAREASOLID(#19152,#19156,#19157,1.9499999992549419);
#19159=IFCCARTESIANPOINTLIST2D(((0.,0.),(0.,-0.040000000000000001),(0.12,-0.040000000000000001),(0.12,-0.02),(0.02,-0.02),(0.02,0.)));
#19160=IFCINDEXEDPOLYCURVE(#19159,(IFCLINEINDEX((1,2,3,4,5,6,1))),$);
#19161=IFCARBITRARYCLOSEDPROFILEDEF(.AREA.,$,#19160);
#19162=IFCCARTESIANPOINT((0.075000000372529033,0.02500000037252903,1.015000000372529));
#19163=IFCDIRECTION((0.,0.,1.));
#19164=IFCDIRECTION((1.,0.,0.));
#19165=IFCAXIS2PLACEMENT3D(#19162,#19163,#19164);
#19166=IFCDIRECTION((0.,0.,1.));
#19167=IFCEXTRUDEDAREASOLID(#19161,#19165,#19166,0.02);
#19168=IFCEXTRUDEDAREASOLID(#19169,#19172,#19176,0.02);
#19169=IFCARBITRARYCLOSEDPROFILEDEF(.AREA.,$,#19170);
#19170=IFCINDEXEDPOLYCURVE(#19171,(IFCLINEINDEX((1,2,3,4,5,6,1))),$);
#19171=IFCCARTESIANPOINTLIST2D(((0.,0.),(0.,0.040000000000000008),(0.11999999999999998,0.040000000000000008),(0.11999999999999998,0.020000000000000004),(0.020000000000000004,0.020000000000000004),(0.020000000000000004,0.)));
#19172=IFCAXIS2PLACEMENT3D(#19173,#19174,#19175);
#19173=IFCCARTESIANPOINT((0.075000000372529033,0.060000000521540642,1.015000000372529));
#19174=IFCDIRECTION((0.,0.,1.));
#19175=IFCDIRECTION((1.,0.,0.));
#19176=IFCDIRECTION((0.,0.,1.));
#19177=IFCSHAPEREPRESENTATION(#11,'Body','SweptSolid',(#19113,#19122,#19158,#19167,#19168,#19131,#19140,#19149));
#19178=IFCCARTESIANPOINTLIST2D(((0.,0.),(0.,0.040000006556510925),(0.02500000037252903,0.040000006556510925),(0.02500000037252903,0.02500000037252903),(0.075807996094226837,0.02500000037252903),(0.075807996094226837,0.)));
#19179=IFCINDEXEDPOLYCURVE(#19178,(IFCLINEINDEX((1,2,3,4,5,6,1))),$);
#19180=IFCINDEXEDPOLYCURVE(#19181,(IFCLINEINDEX((1,2,3,4,5,6,1))),$);
#19181=IFCCARTESIANPOINTLIST2D(((0.88173425197601318,0.),(0.88173425197601318,0.040000006556510925),(0.85673425160348415,0.040000006556510925),(0.85673425160348415,0.02500000037252903),(0.80592625588178635,0.02500000037252903),(0.80592625588178635,0.)));
#19182=IFCDIRECTION((1.,0.));
#19183=IFCCARTESIANPOINT((0.82173425145447254,0.040000006556510925));
#19184=IFCAXIS2PLACEMENT2D(#19183,#19182);
#19185=IFCELLIPSE(#19184,0.79673425108194351,0.83173425123095512);
#19186=IFCCARTESIANPOINT((0.82173425145447254,0.87173425778746605));
#19187=IFCCARTESIANPOINT((0.02500000037252903,0.040000006556510925));
#19188=IFCTRIMMEDCURVE(#19185,(#19186),(#19187),.T.,.CARTESIAN.);
#19189=IFCCARTESIANPOINTLIST2D(((0.85673425160348415,0.040000006556510925),(0.82173425145447254,0.040000006556510925),(0.82173425145447254,0.87173425778746605),(0.85673425160348415,0.87173425778746605)));
#19190=IFCINDEXEDPOLYCURVE(#19189,(IFCLINEINDEX((1,2,3,4,1))),$);
#19191=IFCSHAPEREPRESENTATION(#24,'Body','Curve2D',(#19179,#19180,#19188,#19190));
#19192=IFCCARTESIANPOINTLIST2D(((0.,0.),(0.88173425197601318,0.),(0.88173425197601318,2.),(0.,2.)));
#19193=IFCINDEXEDPOLYCURVE(#19192,(IFCLINEINDEX((1,2,3,4,1))),$);
#19194=IFCARBITRARYCLOSEDPROFILEDEF(.AREA.,$,#19193);
#19195=IFCCARTESIANPOINT((0.,-0.60000002384185791,0.));
#19196=IFCDIRECTION((0.,-1.,0.));
#19197=IFCDIRECTION((1.,0.,0.));
#19198=IFCAXIS2PLACEMENT3D(#19195,#19196,#19197);
#19199=IFCDIRECTION((0.,0.,-1.));
#19200=IFCEXTRUDEDAREASOLID(#19194,#19198,#19199,1.2);
#19201=IFCSHAPEREPRESENTATION(#11,'Body','SweptSolid',(#19200));
#19207=IFCCARTESIANPOINT((3.9894406302368646,0.10000047444234572,0.));
#19208=IFCDIRECTION((0.,0.,1.));
#19209=IFCDIRECTION((-0.99999999999999956,3.1786839826184572E-08,0.));
#19210=IFCAXIS2PLACEMENT3D(#19207,#19208,#19209);
#19211=IFCLOCALPLACEMENT(#18028,#19210);
#19212=IFCCARTESIANPOINT((0.,0.,0.));
#19213=IFCDIRECTION((0.,0.,1.));
#19214=IFCDIRECTION((1.,-8.4703294725430034E-22,0.));
#19215=IFCAXIS2PLACEMENT3D(#19212,#19213,#19214);
#19216=IFCLOCALPLACEMENT(#19211,#19215);
#19217=IFCDOOR('1eEN0gb6117xC8GZBBGA0B',$,'Door',$,$,#19823,#19226,$,2.,1.9977182149887085,$,.SLIDING_TO_LEFT.,$);
#19218=IFCRELDEFINESBYTYPE('29fP5uUkf269AXBnqlZYt6',$,$,$,(#19217),#17083);
#19219=IFCCARTESIANPOINT((0.,0.,0.));
#19220=IFCDIRECTION((1.,0.,0.));
#19221=IFCDIRECTION((0.,1.,0.));
#19222=IFCDIRECTION((0.,0.,1.));
#19223=IFCCARTESIANTRANSFORMATIONOPERATOR3D(#19220,#19221,#19219,1.,#19222);
#19224=IFCMAPPEDITEM(#17086,#19223);
#19225=IFCSHAPEREPRESENTATION(#18,'Profile','MappedRepresentation',(#19224));
#19226=IFCPRODUCTDEFINITIONSHAPE($,$,(#19225,#19233,#19240,#19247));
#19227=IFCCARTESIANPOINT((0.,0.,0.));
#19228=IFCDIRECTION((1.,0.,0.));
#19229=IFCDIRECTION((0.,1.,0.));
#19230=IFCDIRECTION((0.,0.,1.));
#19231=IFCCARTESIANTRANSFORMATIONOPERATOR3D(#19228,#19229,#19227,1.,#19230);
#19232=IFCMAPPEDITEM(#17094,#19231);
#19233=IFCSHAPEREPRESENTATION(#11,'Body','MappedRepresentation',(#19232));
#19234=IFCCARTESIANPOINT((0.,0.,0.));
#19235=IFCDIRECTION((1.,0.,0.));
#19236=IFCDIRECTION((0.,1.,0.));
#19237=IFCDIRECTION((0.,0.,1.));
#19238=IFCCARTESIANTRANSFORMATIONOPERATOR3D(#19235,#19236,#19234,1.,#19237);
#19239=IFCMAPPEDITEM(#17172,#19238);
#19240=IFCSHAPEREPRESENTATION(#24,'Body','MappedRepresentation',(#19239));
#19241=IFCCARTESIANPOINT((0.,0.,0.));
#19242=IFCDIRECTION((1.,0.,0.));
#19243=IFCDIRECTION((0.,1.,0.));
#19244=IFCDIRECTION((0.,0.,1.));
#19245=IFCCARTESIANTRANSFORMATIONOPERATOR3D(#19242,#19243,#19241,1.,#19244);
#19246=IFCMAPPEDITEM(#17307,#19245);
#19247=IFCSHAPEREPRESENTATION(#25,'Annotation','MappedRepresentation',(#19246));
#19248=IFCOPENINGELEMENT('28Q8gDLi1BfBIXo2pa8aUE',$,'Opening',$,$,#19818,#19276,$,.OPENING.);
#19264=IFCCARTESIANPOINT((0.,0.,0.));
#19265=IFCDIRECTION((1.,0.,0.));
#19266=IFCDIRECTION((0.,0.,1.));
#19267=IFCAXIS2PLACEMENT3D(#19264,#19266,#19265);
#19268=IFCREPRESENTATIONMAP(#19267,#19808);
#19269=IFCCARTESIANPOINT((0.,0.,0.));
#19270=IFCDIRECTION((1.,0.,0.));
#19271=IFCDIRECTION((0.,1.,0.));
#19272=IFCDIRECTION((0.,0.,1.));
#19273=IFCCARTESIANTRANSFORMATIONOPERATOR3D(#19270,#19271,#19269,1.,#19272);
#19274=IFCMAPPEDITEM(#19268,#19273);
#19275=IFCSHAPEREPRESENTATION(#11,'Body','MappedRepresentation',(#19274));
#19276=IFCPRODUCTDEFINITIONSHAPE($,$,(#19275));
#19277=IFCRELVOIDSELEMENT('1mu1ODu5X4e8wpVgq8sNpu',$,$,$,#10146,#19248);
#19283=IFCRELFILLSELEMENT('3YWxl5Yvj5weGj8Bfz7IKk',$,$,$,#19248,#19217);
#19292=IFCCARTESIANPOINTLIST2D(((0.,0.),(0.,2.),(1.9977182149887085,2.),(1.9977182149887085,0.),(1.9219102188944817,0.),(1.9219102188944817,1.9241920039057732),(0.075807996094226837,1.9241920039057732),(0.075807996094226837,0.)));
#19293=IFCINDEXEDPOLYCURVE(#19292,(IFCLINEINDEX((1,2,3,4,5,6,7,8,1))),$);
#19294=IFCARBITRARYCLOSEDPROFILEDEF(.AREA.,$,#19293);
#19295=IFCCARTESIANPOINT((0.,0.,0.));
#19296=IFCDIRECTION((0.,-1.,0.));
#19297=IFCDIRECTION((1.,0.,0.));
#19298=IFCAXIS2PLACEMENT3D(#19295,#19296,#19297);
#19299=IFCDIRECTION((0.,0.,-1.));
#19300=IFCEXTRUDEDAREASOLID(#19294,#19298,#19299,0.040000006556510925);
#19301=IFCCARTESIANPOINTLIST2D(((0.,0.),(1.8461022228002548,0.),(1.8461022228002548,0.10000000149011612),(0.,0.10000000149011612)));
#19302=IFCINDEXEDPOLYCURVE(#19301,(IFCLINEINDEX((1,2,3,4,1))),$);
#19303=IFCARBITRARYCLOSEDPROFILEDEF(.AREA.,$,#19302);
#19304=IFCCARTESIANPOINT((0.075807996094226837,0.,0.));
#19305=IFCDIRECTION((0.,0.,1.));
#19306=IFCDIRECTION((1.,0.,0.));
#19307=IFCAXIS2PLACEMENT3D(#19304,#19305,#19306);
#19308=IFCDIRECTION((0.,0.,1.));
#19309=IFCEXTRUDEDAREASOLID(#19303,#19307,#19308,0.02500000037252903);
#19310=IFCCARTESIANPOINTLIST2D(((0.,0.),(0.,2.),(1.9977182149887085,2.),(1.9977182149887085,0.),(1.9304255694150925,0.),(1.9304255694150925,1.932707354426384),(0.067292645573616028,1.932707354426384),(0.067292645573616028,0.)));
#19311=IFCINDEXEDPOLYCURVE(#19310,(IFCLINEINDEX((1,2,3,4,5,6,7,8,1))),$);
#19312=IFCARBITRARYCLOSEDPROFILEDEF(.AREA.,$,#19311);
#19313=IFCCARTESIANPOINT((0.,-0.0010000000474974513,0.));
#19314=IFCDIRECTION((0.,-1.,0.));
#19315=IFCDIRECTION((1.,0.,0.));
#19316=IFCAXIS2PLACEMENT3D(#19313,#19314,#19315);
#19317=IFCDIRECTION((0.,0.,-1.));
#19318=IFCEXTRUDEDAREASOLID(#19312,#19316,#19317,0.0010000000474974513);
#19319=IFCCARTESIANPOINTLIST2D(((0.,0.),(0.,2.),(1.9977182149887085,2.),(1.9977182149887085,0.),(1.9304255694150925,0.),(1.9304255694150925,1.932707354426384),(0.067292645573616028,1.932707354426384),(0.067292645573616028,0.)));
#19320=IFCINDEXEDPOLYCURVE(#19319,(IFCLINEINDEX((1,2,3,4,5,6,7,8,1))),$);
#19321=IFCARBITRARYCLOSEDPROFILEDEF(.AREA.,$,#19320);
#19322=IFCCARTESIANPOINT((0.,0.040000006556510925,0.));
#19323=IFCDIRECTION((0.,-1.,0.));
#19324=IFCDIRECTION((1.,0.,0.));
#19325=IFCAXIS2PLACEMENT3D(#19322,#19323,#19324);
#19326=IFCDIRECTION((0.,0.,-1.));
#19327=IFCEXTRUDEDAREASOLID(#19321,#19325,#19326,0.0010000000474974513);
#19328=IFCCARTESIANPOINTLIST2D(((0.,0.),(1.8461022228002548,0.),(1.8461022228002548,0.035000000149011612),(0.,0.035000000149011612)));
#19329=IFCINDEXEDPOLYCURVE(#19328,(IFCLINEINDEX((1,2,3,4,1))),$);
#19330=IFCARBITRARYCLOSEDPROFILEDEF(.AREA.,$,#19329);
#19331=IFCCARTESIANPOINT((0.075807996094226837,-0.035000000149011612,0.02500000037252903));
#19332=IFCDIRECTION((0.,0.,1.));
#19333=IFCDIRECTION((1.,0.,0.));
#19334=IFCAXIS2PLACEMENT3D(#19331,#19332,#19333);
#19335=IFCDIRECTION((0.,0.,1.));
#19336=IFCEXTRUDEDAREASOLID(#19330,#19334,#19335,1.8991920035332441);
#19337=IFCCARTESIANPOINTLIST2D(((0.,0.),(0.,-0.040000000000000001),(0.12,-0.040000000000000001),(0.12,-0.02),(0.02,-0.02),(0.02,0.)));
#19338=IFCINDEXEDPOLYCURVE(#19337,(IFCLINEINDEX((1,2,3,4,5,6,1))),$);
#19339=IFCARBITRARYCLOSEDPROFILEDEF(.AREA.,$,#19338);
#19340=IFCCARTESIANPOINT((0.12580799609422683,-0.035000000149011612,1.015000000372529));
#19341=IFCDIRECTION((0.,0.,1.));
#19342=IFCDIRECTION((1.,0.,0.));
#19343=IFCAXIS2PLACEMENT3D(#19340,#19341,#19342);
#19344=IFCDIRECTION((0.,0.,1.));
#19345=IFCEXTRUDEDAREASOLID(#19339,#19343,#19344,0.02);
#19346=IFCEXTRUDEDAREASOLID(#19347,#19350,#19354,0.02);
#19347=IFCARBITRARYCLOSEDPROFILEDEF(.AREA.,$,#19348);
#19348=IFCINDEXEDPOLYCURVE(#19349,(IFCLINEINDEX((1,2,3,4,5,6,1))),$);
#19349=IFCCARTESIANPOINTLIST2D(((0.,0.),(0.,0.040000000000000008),(0.12,0.040000000000000008),(0.12,0.020000000000000004),(0.01999999999999999,0.020000000000000004),(0.01999999999999999,0.)));
#19350=IFCAXIS2PLACEMENT3D(#19351,#19352,#19353);
#19351=IFCCARTESIANPOINT((0.12580799609422683,0.,1.015000000372529));
#19352=IFCDIRECTION((0.,0.,1.));
#19353=IFCDIRECTION((1.,0.,0.));
#19354=IFCDIRECTION((0.,0.,1.));
#19356=IFCSHAPEREPRESENTATION(#11,'Body','SweptSolid',(#19749,#19530,#19327,#19740,#19521,#19426,#19318,#19435,#19408,#19417,#19758,#19309,#19731,#19539,#19512,#19300));
#19357=IFCSHAPEASPECT((#19356),'Lining',$,.T.,#19226);
#19358=IFCSHAPEREPRESENTATION(#11,'Body','SweptSolid',(#19345,#19557,#19454,#19767,#19444,#19777,#19548,#19346,#19336,#19453,#19776,#19558));
#19359=IFCSHAPEASPECT((#19358),'Framing',$,.T.,#19226);
#19400=IFCCARTESIANPOINTLIST2D(((0.,0.),(0.,2.),(1.9977182149887085,2.),(1.9977182149887085,0.),(1.9219102188944817,0.),(1.9219102188944817,1.9241920039057732),(0.075807996094226837,1.9241920039057732),(0.075807996094226837,0.)));
#19401=IFCINDEXEDPOLYCURVE(#19400,(IFCLINEINDEX((1,2,3,4,5,6,7,8,1))),$);
#19402=IFCARBITRARYCLOSEDPROFILEDEF(.AREA.,$,#19401);
#19403=IFCCARTESIANPOINT((0.,0.,0.));
#19404=IFCDIRECTION((0.,-1.,0.));
#19405=IFCDIRECTION((1.,0.,0.));
#19406=IFCAXIS2PLACEMENT3D(#19403,#19404,#19405);
#19407=IFCDIRECTION((0.,0.,-1.));
#19408=IFCEXTRUDEDAREASOLID(#19402,#19406,#19407,0.040000006556510925);
#19409=IFCCARTESIANPOINTLIST2D(((0.,0.),(1.8461022228002548,0.),(1.8461022228002548,0.10000000149011612),(0.,0.10000000149011612)));
#19410=IFCINDEXEDPOLYCURVE(#19409,(IFCLINEINDEX((1,2,3,4,1))),$);
#19411=IFCARBITRARYCLOSEDPROFILEDEF(.AREA.,$,#19410);
#19412=IFCCARTESIANPOINT((0.075807996094226837,0.,0.));
#19413=IFCDIRECTION((0.,0.,1.));
#19414=IFCDIRECTION((1.,0.,0.));
#19415=IFCAXIS2PLACEMENT3D(#19412,#19413,#19414);
#19416=IFCDIRECTION((0.,0.,1.));
#19417=IFCEXTRUDEDAREASOLID(#19411,#19415,#19416,0.02500000037252903);
#19418=IFCCARTESIANPOINTLIST2D(((0.,0.),(0.,2.),(1.9977182149887085,2.),(1.9977182149887085,0.),(1.9304255694150925,0.),(1.9304255694150925,1.932707354426384),(0.067292645573616028,1.932707354426384),(0.067292645573616028,0.)));
#19419=IFCINDEXEDPOLYCURVE(#19418,(IFCLINEINDEX((1,2,3,4,5,6,7,8,1))),$);
#19420=IFCARBITRARYCLOSEDPROFILEDEF(.AREA.,$,#19419);
#19421=IFCCARTESIANPOINT((0.,-0.0010000000474974513,0.));
#19422=IFCDIRECTION((0.,-1.,0.));
#19423=IFCDIRECTION((1.,0.,0.));
#19424=IFCAXIS2PLACEMENT3D(#19421,#19422,#19423);
#19425=IFCDIRECTION((0.,0.,-1.));
#19426=IFCEXTRUDEDAREASOLID(#19420,#19424,#19425,0.0010000000474974513);
#19427=IFCCARTESIANPOINTLIST2D(((0.,0.),(0.,2.),(1.9977182149887085,2.),(1.9977182149887085,0.),(1.9304255694150925,0.),(1.9304255694150925,1.932707354426384),(0.067292645573616028,1.932707354426384),(0.067292645573616028,0.)));
#19428=IFCINDEXEDPOLYCURVE(#19427,(IFCLINEINDEX((1,2,3,4,5,6,7,8,1))),$);
#19429=IFCARBITRARYCLOSEDPROFILEDEF(.AREA.,$,#19428);
#19430=IFCCARTESIANPOINT((0.,0.040000006556510925,0.));
#19431=IFCDIRECTION((0.,-1.,0.));
#19432=IFCDIRECTION((1.,0.,0.));
#19433=IFCAXIS2PLACEMENT3D(#19430,#19431,#19432);
#19434=IFCDIRECTION((0.,0.,-1.));
#19435=IFCEXTRUDEDAREASOLID(#19429,#19433,#19434,0.0010000000474974513);
#19436=IFCCARTESIANPOINTLIST2D(((0.,0.),(1.8461022228002548,0.),(1.8461022228002548,0.035000000149011612),(0.,0.035000000149011612)));
#19437=IFCINDEXEDPOLYCURVE(#19436,(IFCLINEINDEX((1,2,3,4,1))),$);
#19438=IFCARBITRARYCLOSEDPROFILEDEF(.AREA.,$,#19437);
#19439=IFCCARTESIANPOINT((0.075807996094226837,-0.035000000149011612,0.02500000037252903));
#19440=IFCDIRECTION((0.,0.,1.));
#19441=IFCDIRECTION((1.,0.,0.));
#19442=IFCAXIS2PLACEMENT3D(#19439,#19440,#19441);
#19443=IFCDIRECTION((0.,0.,1.));
#19444=IFCEXTRUDEDAREASOLID(#19438,#19442,#19443,1.8991920035332441);
#19445=IFCCARTESIANPOINTLIST2D(((0.,0.),(0.,-0.040000000000000008),(-0.11999999999999988,-0.040000000000000008),(-0.11999999999999988,-0.020000000000000004),(-0.019999999999999796,-0.020000000000000004),(-0.019999999999999796,0.)));
#19446=IFCINDEXEDPOLYCURVE(#19445,(IFCLINEINDEX((1,2,3,4,5,6,1))),$);
#19447=IFCARBITRARYCLOSEDPROFILEDEF(.AREA.,$,#19446);
#19448=IFCCARTESIANPOINT((1.8719102188944816,-0.035000000149011612,1.015000000372529));
#19449=IFCDIRECTION((0.,0.,1.));
#19450=IFCDIRECTION((1.,0.,0.));
#19451=IFCAXIS2PLACEMENT3D(#19448,#19449,#19450);
#19452=IFCDIRECTION((0.,0.,1.));
#19453=IFCEXTRUDEDAREASOLID(#19447,#19451,#19452,0.02);
#19454=IFCEXTRUDEDAREASOLID(#19455,#19458,#19462,0.02);
#19455=IFCARBITRARYCLOSEDPROFILEDEF(.AREA.,$,#19456);
#19456=IFCINDEXEDPOLYCURVE(#19457,(IFCLINEINDEX((1,2,3,4,5,6,1))),$);
#19457=IFCCARTESIANPOINTLIST2D(((0.,0.),(0.,0.040000000000000008),(-0.11999999999999988,0.040000000000000008),(-0.11999999999999988,0.020000000000000004),(-0.019999999999999796,0.020000000000000004),(-0.019999999999999796,0.)));
#19458=IFCAXIS2PLACEMENT3D(#19459,#19460,#19461);
#19459=IFCCARTESIANPOINT((1.8719102188944816,0.,1.015000000372529));
#19460=IFCDIRECTION((0.,0.,1.));
#19461=IFCDIRECTION((1.,0.,0.));
#19462=IFCDIRECTION((0.,0.,1.));
#19504=IFCCARTESIANPOINTLIST2D(((0.,0.),(0.,2.),(1.9977182149887085,2.),(1.9977182149887085,0.),(1.9219102188944817,0.),(1.9219102188944817,1.9241920039057732),(0.075807996094226837,1.9241920039057732),(0.075807996094226837,0.)));
#19505=IFCINDEXEDPOLYCURVE(#19504,(IFCLINEINDEX((1,2,3,4,5,6,7,8,1))),$);
#19506=IFCARBITRARYCLOSEDPROFILEDEF(.AREA.,$,#19505);
#19507=IFCCARTESIANPOINT((0.,0.,0.));
#19508=IFCDIRECTION((0.,-1.,0.));
#19509=IFCDIRECTION((1.,0.,0.));
#19510=IFCAXIS2PLACEMENT3D(#19507,#19508,#19509);
#19511=IFCDIRECTION((0.,0.,-1.));
#19512=IFCEXTRUDEDAREASOLID(#19506,#19510,#19511,0.040000006556510925);
#19513=IFCCARTESIANPOINTLIST2D(((0.,0.),(1.8461022228002548,0.),(1.8461022228002548,0.10000000149011612),(0.,0.10000000149011612)));
#19514=IFCINDEXEDPOLYCURVE(#19513,(IFCLINEINDEX((1,2,3,4,1))),$);
#19515=IFCARBITRARYCLOSEDPROFILEDEF(.AREA.,$,#19514);
#19516=IFCCARTESIANPOINT((0.075807996094226837,0.,0.));
#19517=IFCDIRECTION((0.,0.,1.));
#19518=IFCDIRECTION((1.,0.,0.));
#19519=IFCAXIS2PLACEMENT3D(#19516,#19517,#19518);
#19520=IFCDIRECTION((0.,0.,1.));
#19521=IFCEXTRUDEDAREASOLID(#19515,#19519,#19520,0.02500000037252903);
#19522=IFCCARTESIANPOINTLIST2D(((0.,0.),(0.,2.),(1.9977182149887085,2.),(1.9977182149887085,0.),(1.9304255694150925,0.),(1.9304255694150925,1.932707354426384),(0.067292645573616028,1.932707354426384),(0.067292645573616028,0.)));
#19523=IFCINDEXEDPOLYCURVE(#19522,(IFCLINEINDEX((1,2,3,4,5,6,7,8,1))),$);
#19524=IFCARBITRARYCLOSEDPROFILEDEF(.AREA.,$,#19523);
#19525=IFCCARTESIANPOINT((0.,-0.0010000000474974513,0.));
#19526=IFCDIRECTION((0.,-1.,0.));
#19527=IFCDIRECTION((1.,0.,0.));
#19528=IFCAXIS2PLACEMENT3D(#19525,#19526,#19527);
#19529=IFCDIRECTION((0.,0.,-1.));
#19530=IFCEXTRUDEDAREASOLID(#19524,#19528,#19529,0.0010000000474974513);
#19531=IFCCARTESIANPOINTLIST2D(((0.,0.),(0.,2.),(1.9977182149887085,2.),(1.9977182149887085,0.),(1.9304255694150925,0.),(1.9304255694150925,1.932707354426384),(0.067292645573616028,1.932707354426384),(0.067292645573616028,0.)));
#19532=IFCINDEXEDPOLYCURVE(#19531,(IFCLINEINDEX((1,2,3,4,5,6,7,8,1))),$);
#19533=IFCARBITRARYCLOSEDPROFILEDEF(.AREA.,$,#19532);
#19534=IFCCARTESIANPOINT((0.,0.040000006556510925,0.));
#19535=IFCDIRECTION((0.,-1.,0.));
#19536=IFCDIRECTION((1.,0.,0.));
#19537=IFCAXIS2PLACEMENT3D(#19534,#19535,#19536);
#19538=IFCDIRECTION((0.,0.,-1.));
#19539=IFCEXTRUDEDAREASOLID(#19533,#19537,#19538,0.0010000000474974513);
#19540=IFCCARTESIANPOINTLIST2D(((0.,0.),(1.8461022228002548,0.),(1.8461022228002548,0.035000000149011612),(0.,0.035000000149011612)));
#19541=IFCINDEXEDPOLYCURVE(#19540,(IFCLINEINDEX((1,2,3,4,1))),$);
#19542=IFCARBITRARYCLOSEDPROFILEDEF(.AREA.,$,#19541);
#19543=IFCCARTESIANPOINT((0.075807996094226837,-0.035000000149011612,0.02500000037252903));
#19544=IFCDIRECTION((0.,0.,1.));
#19545=IFCDIRECTION((1.,0.,0.));
#19546=IFCAXIS2PLACEMENT3D(#19543,#19544,#19545);
#19547=IFCDIRECTION((0.,0.,1.));
#19548=IFCEXTRUDEDAREASOLID(#19542,#19546,#19547,1.8991920035332441);
#19549=IFCCARTESIANPOINTLIST2D(((0.,0.),(0.,-0.040000000000000008),(-0.11999999999999988,-0.040000000000000008),(-0.11999999999999988,-0.020000000000000004),(-0.019999999999999796,-0.020000000000000004),(-0.019999999999999796,0.)));
#19550=IFCINDEXEDPOLYCURVE(#19549,(IFCLINEINDEX((1,2,3,4,5,6,1))),$);
#19551=IFCARBITRARYCLOSEDPROFILEDEF(.AREA.,$,#19550);
#19552=IFCCARTESIANPOINT((1.8719102188944816,-0.035000000149011612,1.015000000372529));
#19553=IFCDIRECTION((0.,0.,1.));
#19554=IFCDIRECTION((1.,0.,0.));
#19555=IFCAXIS2PLACEMENT3D(#19552,#19553,#19554);
#19556=IFCDIRECTION((0.,0.,1.));
#19557=IFCEXTRUDEDAREASOLID(#19551,#19555,#19556,0.02);
#19558=IFCEXTRUDEDAREASOLID(#19559,#19562,#19566,0.02);
#19559=IFCARBITRARYCLOSEDPROFILEDEF(.AREA.,$,#19560);
#19560=IFCINDEXEDPOLYCURVE(#19561,(IFCLINEINDEX((1,2,3,4,5,6,1))),$);
#19561=IFCCARTESIANPOINTLIST2D(((0.,0.),(0.,0.040000000000000008),(-0.11999999999999988,0.040000000000000008),(-0.11999999999999988,0.020000000000000004),(-0.019999999999999796,0.020000000000000004),(-0.019999999999999796,0.)));
#19562=IFCAXIS2PLACEMENT3D(#19563,#19564,#19565);
#19563=IFCCARTESIANPOINT((1.8719102188944816,0.,1.015000000372529));
#19564=IFCDIRECTION((0.,0.,1.));
#19565=IFCDIRECTION((1.,0.,0.));
#19566=IFCDIRECTION((0.,0.,1.));
#19605=IFCCARTESIANPOINTLIST3D(((0.,0.,0.),(0.88309979438781738,0.,0.),(0.88309979438781738,0.,2.),(0.,0.,2.)));
#19606=IFCINDEXEDPOLYCURVE(#19605,(IFCLINEINDEX((1,2,3,4,1))),$);
#19607=IFCSHAPEREPRESENTATION(#18,'Profile','Curve3D',(#19606));
#19608=IFCCARTESIANPOINTLIST2D(((0.,0.),(0.,2.),(0.88309979438781738,2.),(0.88309979438781738,0.),(0.85809979401528835,0.),(0.85809979401528835,1.974999999627471),(0.02500000037252903,1.974999999627471),(0.02500000037252903,0.)));
#19609=IFCINDEXEDPOLYCURVE(#19608,(IFCLINEINDEX((1,2,3,4,5,6,7,8,1))),$);
#19610=IFCARBITRARYCLOSEDPROFILEDEF(.AREA.,$,#19609);
#19611=IFCCARTESIANPOINT((0.,0.02500000037252903,0.));
#19612=IFCDIRECTION((0.,-1.,0.));
#19613=IFCDIRECTION((1.,0.,0.));
#19614=IFCAXIS2PLACEMENT3D(#19611,#19612,#19613);
#19615=IFCDIRECTION((0.,0.,-1.));
#19616=IFCEXTRUDEDAREASOLID(#19610,#19614,#19615,0.015000006183981895);
#19617=IFCCARTESIANPOINTLIST2D(((0.,0.),(0.,2.),(0.88309979438781738,2.),(0.88309979438781738,0.),(0.80729179829359055,0.),(0.80729179829359055,1.9241920039057732),(0.075807996094226837,1.9241920039057732),(0.075807996094226837,0.)));
#19618=IFCINDEXEDPOLYCURVE(#19617,(IFCLINEINDEX((1,2,3,4,5,6,7,8,1))),$);
#19619=IFCARBITRARYCLOSEDPROFILEDEF(.AREA.,$,#19618);
#19620=IFCCARTESIANPOINT((0.,0.,0.));
#19621=IFCDIRECTION((0.,-1.,0.));
#19622=IFCDIRECTION((1.,0.,0.));
#19623=IFCAXIS2PLACEMENT3D(#19620,#19621,#19622);
#19624=IFCDIRECTION((0.,0.,-1.));
#19625=IFCEXTRUDEDAREASOLID(#19619,#19623,#19624,0.02500000037252903);
#19626=IFCCARTESIANPOINTLIST2D(((0.,0.),(0.73148380219936371,0.),(0.73148380219936371,0.10000000149011612),(0.,0.10000000149011612)));
#19627=IFCINDEXEDPOLYCURVE(#19626,(IFCLINEINDEX((1,2,3,4,1))),$);
#19628=IFCARBITRARYCLOSEDPROFILEDEF(.AREA.,$,#19627);
#19629=IFCCARTESIANPOINT((0.075807996094226837,0.,0.));
#19630=IFCDIRECTION((0.,0.,1.));
#19631=IFCDIRECTION((1.,0.,0.));
#19632=IFCAXIS2PLACEMENT3D(#19629,#19630,#19631);
#19633=IFCDIRECTION((0.,0.,1.));
#19634=IFCEXTRUDEDAREASOLID(#19628,#19632,#19633,0.02500000037252903);
#19635=IFCCARTESIANPOINTLIST2D(((0.,0.),(0.,2.),(0.88309979438781738,2.),(0.88309979438781738,0.),(0.81580714881420135,0.),(0.81580714881420135,1.932707354426384),(0.067292645573616028,1.932707354426384),(0.067292645573616028,0.)));
#19636=IFCINDEXEDPOLYCURVE(#19635,(IFCLINEINDEX((1,2,3,4,5,6,7,8,1))),$);
#19637=IFCARBITRARYCLOSEDPROFILEDEF(.AREA.,$,#19636);
#19638=IFCCARTESIANPOINT((0.,-0.0010000000474974513,0.));
#19639=IFCDIRECTION((0.,-1.,0.));
#19640=IFCDIRECTION((1.,0.,0.));
#19641=IFCAXIS2PLACEMENT3D(#19638,#19639,#19640);
#19642=IFCDIRECTION((0.,0.,-1.));
#19643=IFCEXTRUDEDAREASOLID(#19637,#19641,#19642,0.0010000000474974513);
#19644=IFCCARTESIANPOINTLIST2D(((0.,0.),(0.,2.),(0.88309979438781738,2.),(0.88309979438781738,0.),(0.86661514453589916,0.),(0.86661514453589916,1.9835153501480818),(0.016484649851918221,1.9835153501480818),(0.016484649851918221,0.)));
#19645=IFCINDEXEDPOLYCURVE(#19644,(IFCLINEINDEX((1,2,3,4,5,6,7,8,1))),$);
#19646=IFCARBITRARYCLOSEDPROFILEDEF(.AREA.,$,#19645);
#19647=IFCCARTESIANPOINT((0.,0.040000006556510925,0.));
#19648=IFCDIRECTION((0.,-1.,0.));
#19649=IFCDIRECTION((1.,0.,0.));
#19650=IFCAXIS2PLACEMENT3D(#19647,#19648,#19649);
#19651=IFCDIRECTION((0.,0.,-1.));
#19652=IFCEXTRUDEDAREASOLID(#19646,#19650,#19651,0.0010000000474974513);
#19653=IFCCARTESIANPOINTLIST2D(((0.,0.),(0.83309979364275932,0.),(0.83309979364275932,0.035000000149011612),(0.,0.035000000149011612)));
#19654=IFCINDEXEDPOLYCURVE(#19653,(IFCLINEINDEX((1,2,3,4,1))),$);
#19655=IFCARBITRARYCLOSEDPROFILEDEF(.AREA.,$,#19654);
#19656=IFCCARTESIANPOINT((0.02500000037252903,0.02500000037252903,0.02500000037252903));
#19657=IFCDIRECTION((0.,0.,1.));
#19658=IFCDIRECTION((1.,0.,0.));
#19659=IFCAXIS2PLACEMENT3D(#19656,#19657,#19658);
#19660=IFCDIRECTION((0.,0.,1.));
#19661=IFCEXTRUDEDAREASOLID(#19655,#19659,#19660,1.9499999992549419);
#19662=IFCCARTESIANPOINTLIST2D(((0.,0.),(0.,-0.040000000000000001),(-0.11999999999999988,-0.040000000000000001),(-0.11999999999999988,-0.02),(-0.020000000000000018,-0.02),(-0.020000000000000018,0.)));
#19663=IFCINDEXEDPOLYCURVE(#19662,(IFCLINEINDEX((1,2,3,4,5,6,1))),$);
#19664=IFCARBITRARYCLOSEDPROFILEDEF(.AREA.,$,#19663);
#19665=IFCCARTESIANPOINT((0.80809979401528831,0.02500000037252903,1.015000000372529));
#19666=IFCDIRECTION((0.,0.,1.));
#19667=IFCDIRECTION((1.,0.,0.));
#19668=IFCAXIS2PLACEMENT3D(#19665,#19666,#19667);
#19669=IFCDIRECTION((0.,0.,1.));
#19670=IFCEXTRUDEDAREASOLID(#19664,#19668,#19669,0.02);
#19671=IFCEXTRUDEDAREASOLID(#19672,#19675,#19679,0.02);
#19672=IFCARBITRARYCLOSEDPROFILEDEF(.AREA.,$,#19673);
#19673=IFCINDEXEDPOLYCURVE(#19674,(IFCLINEINDEX((1,2,3,4,5,6,1))),$);
#19674=IFCCARTESIANPOINTLIST2D(((0.,0.),(0.,0.040000000000000008),(-0.11999999999999988,0.040000000000000008),(-0.11999999999999988,0.020000000000000004),(-0.020000000000000018,0.020000000000000004),(-0.020000000000000018,0.)));
#19675=IFCAXIS2PLACEMENT3D(#19676,#19677,#19678);
#19676=IFCCARTESIANPOINT((0.80809979401528831,0.060000000521540642,1.015000000372529));
#19677=IFCDIRECTION((0.,0.,1.));
#19678=IFCDIRECTION((1.,0.,0.));
#19679=IFCDIRECTION((0.,0.,1.));
#19680=IFCSHAPEREPRESENTATION(#11,'Body','SweptSolid',(#19616,#19625,#19661,#19670,#19671,#19634,#19643,#19652));
#19681=IFCCARTESIANPOINTLIST2D(((0.,0.),(0.,0.040000006556510925),(0.02500000037252903,0.040000006556510925),(0.02500000037252903,0.02500000037252903),(0.075807996094226837,0.02500000037252903),(0.075807996094226837,0.)));
#19682=IFCINDEXEDPOLYCURVE(#19681,(IFCLINEINDEX((1,2,3,4,5,6,1))),$);
#19683=IFCINDEXEDPOLYCURVE(#19684,(IFCLINEINDEX((1,2,3,4,5,6,1))),$);
#19684=IFCCARTESIANPOINTLIST2D(((0.88309979438781738,0.),(0.88309979438781738,0.040000006556510925),(0.85809979401528835,0.040000006556510925),(0.85809979401528835,0.02500000037252903),(0.80729179829359055,0.02500000037252903),(0.80729179829359055,0.)));
#19685=IFCDIRECTION((1.,0.));
#19686=IFCCARTESIANPOINT((0.060000000521540642,0.040000006556510925));
#19687=IFCAXIS2PLACEMENT2D(#19686,#19685);
#19688=IFCELLIPSE(#19687,0.79809979349374771,0.83309979364275932);
#19689=IFCCARTESIANPOINT((0.85809979401528835,0.040000006556510925));
#19690=IFCCARTESIANPOINT((0.060000000521540642,0.87309980019927025));
#19691=IFCTRIMMEDCURVE(#19688,(#19689),(#19690),.T.,.CARTESIAN.);
#19692=IFCCARTESIANPOINTLIST2D(((0.02500000037252903,0.040000006556510925),(0.060000000521540642,0.040000006556510925),(0.060000000521540642,0.87309980019927025),(0.02500000037252903,0.87309980019927025)));
#19693=IFCINDEXEDPOLYCURVE(#19692,(IFCLINEINDEX((1,2,3,4,1))),$);
#19694=IFCSHAPEREPRESENTATION(#24,'Body','Curve2D',(#19682,#19683,#19691,#19693));
#19695=IFCCARTESIANPOINTLIST2D(((0.,0.),(0.88309979438781738,0.),(0.88309979438781738,2.),(0.,2.)));
#19696=IFCINDEXEDPOLYCURVE(#19695,(IFCLINEINDEX((1,2,3,4,1))),$);
#19697=IFCARBITRARYCLOSEDPROFILEDEF(.AREA.,$,#19696);
#19698=IFCCARTESIANPOINT((0.,-0.60000002384185791,0.));
#19699=IFCDIRECTION((0.,-1.,0.));
#19700=IFCDIRECTION((1.,0.,0.));
#19701=IFCAXIS2PLACEMENT3D(#19698,#19699,#19700);
#19702=IFCDIRECTION((0.,0.,-1.));
#19703=IFCEXTRUDEDAREASOLID(#19697,#19701,#19702,1.2);
#19704=IFCSHAPEREPRESENTATION(#11,'Body','SweptSolid',(#19703));
#19710=IFCCARTESIANPOINT((0.21280322326475681,0.015001007842257774,0.));
#19711=IFCDIRECTION((0.,0.,1.));
#19712=IFCDIRECTION((0.99999999999997158,-2.3841857910155572E-07,0.));
#19713=IFCAXIS2PLACEMENT3D(#19710,#19711,#19712);
#19714=IFCLOCALPLACEMENT(#10567,#19713);
#19715=IFCCARTESIANPOINT((0.,0.,0.));
#19716=IFCDIRECTION((0.,0.,1.));
#19717=IFCDIRECTION((1.,0.,0.));
#19718=IFCAXIS2PLACEMENT3D(#19715,#19716,#19717);
#19719=IFCLOCALPLACEMENT(#19714,#19718);
#19720=IFCCARTESIANPOINTLIST3D(((0.,0.,0.),(1.9977182149887085,0.,0.),(1.9977182149887085,0.,2.),(0.,0.,2.)));
#19721=IFCINDEXEDPOLYCURVE(#19720,(IFCLINEINDEX((1,2,3,4,1))),$);
#19722=IFCSHAPEREPRESENTATION(#18,'Profile','Curve3D',(#19721));
#19723=IFCCARTESIANPOINTLIST2D(((0.,0.),(0.,2.),(1.9977182149887085,2.),(1.9977182149887085,0.),(1.9219102188944817,0.),(1.9219102188944817,1.9241920039057732),(0.075807996094226837,1.9241920039057732),(0.075807996094226837,0.)));
#19724=IFCINDEXEDPOLYCURVE(#19723,(IFCLINEINDEX((1,2,3,4,5,6,7,8,1))),$);
#19725=IFCARBITRARYCLOSEDPROFILEDEF(.AREA.,$,#19724);
#19726=IFCCARTESIANPOINT((0.,0.,0.));
#19727=IFCDIRECTION((0.,-1.,0.));
#19728=IFCDIRECTION((1.,0.,0.));
#19729=IFCAXIS2PLACEMENT3D(#19726,#19727,#19728);
#19730=IFCDIRECTION((0.,0.,-1.));
#19731=IFCEXTRUDEDAREASOLID(#19725,#19729,#19730,0.040000006556510925);
#19732=IFCCARTESIANPOINTLIST2D(((0.,0.),(1.8461022228002548,0.),(1.8461022228002548,0.10000000149011612),(0.,0.10000000149011612)));
#19733=IFCINDEXEDPOLYCURVE(#19732,(IFCLINEINDEX((1,2,3,4,1))),$);
#19734=IFCARBITRARYCLOSEDPROFILEDEF(.AREA.,$,#19733);
#19735=IFCCARTESIANPOINT((0.075807996094226837,0.,0.));
#19736=IFCDIRECTION((0.,0.,1.));
#19737=IFCDIRECTION((1.,0.,0.));
#19738=IFCAXIS2PLACEMENT3D(#19735,#19736,#19737);
#19739=IFCDIRECTION((0.,0.,1.));
#19740=IFCEXTRUDEDAREASOLID(#19734,#19738,#19739,0.02500000037252903);
#19741=IFCCARTESIANPOINTLIST2D(((0.,0.),(0.,2.),(1.9977182149887085,2.),(1.9977182149887085,0.),(1.9304255694150925,0.),(1.9304255694150925,1.932707354426384),(0.067292645573616028,1.932707354426384),(0.067292645573616028,0.)));
#19742=IFCINDEXEDPOLYCURVE(#19741,(IFCLINEINDEX((1,2,3,4,5,6,7,8,1))),$);
#19743=IFCARBITRARYCLOSEDPROFILEDEF(.AREA.,$,#19742);
#19744=IFCCARTESIANPOINT((0.,-0.0010000000474974513,0.));
#19745=IFCDIRECTION((0.,-1.,0.));
#19746=IFCDIRECTION((1.,0.,0.));
#19747=IFCAXIS2PLACEMENT3D(#19744,#19745,#19746);
#19748=IFCDIRECTION((0.,0.,-1.));
#19749=IFCEXTRUDEDAREASOLID(#19743,#19747,#19748,0.0010000000474974513);
#19750=IFCCARTESIANPOINTLIST2D(((0.,0.),(0.,2.),(1.9977182149887085,2.),(1.9977182149887085,0.),(1.9304255694150925,0.),(1.9304255694150925,1.932707354426384),(0.067292645573616028,1.932707354426384),(0.067292645573616028,0.)));
#19751=IFCINDEXEDPOLYCURVE(#19750,(IFCLINEINDEX((1,2,3,4,5,6,7,8,1))),$);
#19752=IFCARBITRARYCLOSEDPROFILEDEF(.AREA.,$,#19751);
#19753=IFCCARTESIANPOINT((0.,0.040000006556510925,0.));
#19754=IFCDIRECTION((0.,-1.,0.));
#19755=IFCDIRECTION((1.,0.,0.));
#19756=IFCAXIS2PLACEMENT3D(#19753,#19754,#19755);
#19757=IFCDIRECTION((0.,0.,-1.));
#19758=IFCEXTRUDEDAREASOLID(#19752,#19756,#19757,0.0010000000474974513);
#19759=IFCCARTESIANPOINTLIST2D(((0.,0.),(1.8461022228002548,0.),(1.8461022228002548,0.035000000149011612),(0.,0.035000000149011612)));
#19760=IFCINDEXEDPOLYCURVE(#19759,(IFCLINEINDEX((1,2,3,4,1))),$);
#19761=IFCARBITRARYCLOSEDPROFILEDEF(.AREA.,$,#19760);
#19762=IFCCARTESIANPOINT((0.075807996094226837,-0.035000000149011612,0.02500000037252903));
#19763=IFCDIRECTION((0.,0.,1.));
#19764=IFCDIRECTION((1.,0.,0.));
#19765=IFCAXIS2PLACEMENT3D(#19762,#19763,#19764);
#19766=IFCDIRECTION((0.,0.,1.));
#19767=IFCEXTRUDEDAREASOLID(#19761,#19765,#19766,1.8991920035332441);
#19768=IFCCARTESIANPOINTLIST2D(((0.,0.),(0.,-0.040000000000000008),(-0.11999999999999988,-0.040000000000000008),(-0.11999999999999988,-0.020000000000000004),(-0.019999999999999796,-0.020000000000000004),(-0.019999999999999796,0.)));
#19769=IFCINDEXEDPOLYCURVE(#19768,(IFCLINEINDEX((1,2,3,4,5,6,1))),$);
#19770=IFCARBITRARYCLOSEDPROFILEDEF(.AREA.,$,#19769);
#19771=IFCCARTESIANPOINT((1.8719102188944816,-0.035000000149011612,1.015000000372529));
#19772=IFCDIRECTION((0.,0.,1.));
#19773=IFCDIRECTION((1.,0.,0.));
#19774=IFCAXIS2PLACEMENT3D(#19771,#19772,#19773);
#19775=IFCDIRECTION((0.,0.,1.));
#19776=IFCEXTRUDEDAREASOLID(#19770,#19774,#19775,0.02);
#19777=IFCEXTRUDEDAREASOLID(#19778,#19781,#19785,0.02);
#19778=IFCARBITRARYCLOSEDPROFILEDEF(.AREA.,$,#19779);
#19779=IFCINDEXEDPOLYCURVE(#19780,(IFCLINEINDEX((1,2,3,4,5,6,1))),$);
#19780=IFCCARTESIANPOINTLIST2D(((0.,0.),(0.,0.040000000000000008),(-0.11999999999999988,0.040000000000000008),(-0.11999999999999988,0.020000000000000004),(-0.019999999999999796,0.020000000000000004),(-0.019999999999999796,0.)));
#19781=IFCAXIS2PLACEMENT3D(#19782,#19783,#19784);
#19782=IFCCARTESIANPOINT((1.8719102188944816,0.,1.015000000372529));
#19783=IFCDIRECTION((0.,0.,1.));
#19784=IFCDIRECTION((1.,0.,0.));
#19785=IFCDIRECTION((0.,0.,1.));
#19786=IFCSHAPEREPRESENTATION(#11,'Body','SweptSolid',(#19731,#19767,#19776,#19777,#19740,#19749,#19758));
#19787=IFCCARTESIANPOINTLIST2D(((0.,0.),(0.075807996094226837,0.),(0.075807996094226837,0.040000006556510925),(0.,0.040000006556510925)));
#19788=IFCINDEXEDPOLYCURVE(#19787,(IFCLINEINDEX((1,2,3,4,1))),$);
#19789=IFCINDEXEDPOLYCURVE(#19790,(IFCLINEINDEX((1,2,3,4,1))),$);
#19790=IFCCARTESIANPOINTLIST2D(((1.9977182149887085,0.),(1.9219102188944817,0.),(1.9219102188944817,0.040000006556510925),(1.9977182149887085,0.040000006556510925)));
#19791=IFCCARTESIANPOINTLIST2D(((-0.84724311530590057,-0.035000000149011612),(0.99885910749435425,-0.035000000149011612),(0.99885910749435425,0.),(-0.84724311530590057,0.)));
#19792=IFCINDEXEDPOLYCURVE(#19791,(IFCLINEINDEX((1,2,3,4,1))),$);
#19793=IFCSHAPEREPRESENTATION(#24,'Body','Curve2D',(#19788,#19789,#19792));
#19794=IFCCARTESIANPOINTLIST2D(((0.72194377407431598,-0.081587428267465345),(1.2757744409143925,-0.081587428267465345)));
#19795=IFCINDEXEDPOLYCURVE(#19794,$,$);
#19796=IFCCARTESIANPOINTLIST2D(((0.75194377407431601,-0.050529142855162856),(0.72194377407431598,-0.081587428267465345),(0.75194377407431601,-0.11264571367976783)));
#19797=IFCINDEXEDPOLYCURVE(#19796,$,$);
#19798=IFCSHAPEREPRESENTATION(#25,'Annotation','Curve2D',(#19795,#19797));
#19799=IFCCARTESIANPOINTLIST2D(((0.,0.),(1.9977182149887085,0.),(1.9977182149887085,2.),(0.,2.)));
#19800=IFCINDEXEDPOLYCURVE(#19799,(IFCLINEINDEX((1,2,3,4,1))),$);
#19801=IFCARBITRARYCLOSEDPROFILEDEF(.AREA.,$,#19800);
#19802=IFCCARTESIANPOINT((0.,-0.60000002384185791,0.));
#19803=IFCDIRECTION((0.,-1.,0.));
#19804=IFCDIRECTION((1.,0.,0.));
#19805=IFCAXIS2PLACEMENT3D(#19802,#19803,#19804);
#19806=IFCDIRECTION((0.,0.,-1.));
#19807=IFCEXTRUDEDAREASOLID(#19801,#19805,#19806,1.2);
#19808=IFCSHAPEREPRESENTATION(#11,'Body','SweptSolid',(#19807));
#19814=IFCCARTESIANPOINT((1.4132040572440805,0.075003240481650968,0.));
#19815=IFCDIRECTION((0.,0.,1.));
#19816=IFCDIRECTION((0.9999999999997875,-6.5169294679754894E-07,0.));
#19817=IFCAXIS2PLACEMENT3D(#19814,#19815,#19816);
#19818=IFCLOCALPLACEMENT(#10345,#19817);
#19819=IFCCARTESIANPOINT((0.,6.6613381477509392E-16,0.));
#19820=IFCDIRECTION((0.,0.,1.));
#19821=IFCDIRECTION((1.,0.,0.));
#19822=IFCAXIS2PLACEMENT3D(#19819,#19820,#19821);
#19823=IFCLOCALPLACEMENT(#19818,#19822);
ENDSEC;
END-ISO-10303-21;
